date,iso_week,plant,line_id,product_model,units_produced,units_passed_qc,yield_pct
2025-02-24,2025-W09,Plant Midwest,Line 1,Model-A,116,111,95.8
2025-02-24,2025-W09,Plant Midwest,Line 1,Model-B,117,113,96.6
2025-02-24,2025-W09,Plant Midwest,Line 1,Model-C,116,110,95.5
2025-02-24,2025-W09,Plant Midwest,Line 2,Model-A,120,115,96.1
2025-02-24,2025-W09,Plant Midwest,Line 2,Model-B,113,109,96.5
2025-02-24,2025-W09,Plant Midwest,Line 2,Model-C,111,105,95.5
2025-02-24,2025-W09,Plant Midwest,Line 3,Model-A,121,116,96.2
2025-02-24,2025-W09,Plant Midwest,Line 3,Model-B,119,114,95.9
2025-02-24,2025-W09,Plant Midwest,Line 3,Model-C,125,119,96.0
2025-02-24,2025-W09,Plant Southeast,Line 1,Model-A,128,122,96.1
2025-02-24,2025-W09,Plant Southeast,Line 1,Model-B,121,118,98.2
2025-02-24,2025-W09,Plant Southeast,Line 1,Model-C,112,108,96.5
2025-02-24,2025-W09,Plant Southeast,Line 2,Model-A,114,108,95.3
2025-02-24,2025-W09,Plant Southeast,Line 2,Model-B,116,111,96.5
2025-02-24,2025-W09,Plant Southeast,Line 2,Model-C,127,121,95.7
2025-02-24,2025-W09,Plant Southeast,Line 3,Model-A,111,107,97.0
2025-02-24,2025-W09,Plant Southeast,Line 3,Model-B,129,124,96.8
2025-02-24,2025-W09,Plant Southeast,Line 3,Model-C,121,115,95.3
2025-02-25,2025-W09,Plant Midwest,Line 1,Model-A,117,113,96.9
2025-02-25,2025-W09,Plant Midwest,Line 1,Model-B,111,105,95.2
2025-02-25,2025-W09,Plant Midwest,Line 1,Model-C,115,110,96.5
2025-02-25,2025-W09,Plant Midwest,Line 2,Model-A,127,120,95.1
2025-02-25,2025-W09,Plant Midwest,Line 2,Model-B,121,117,96.8
2025-02-25,2025-W09,Plant Midwest,Line 2,Model-C,117,112,96.3
2025-02-25,2025-W09,Plant Midwest,Line 3,Model-A,123,117,95.4
2025-02-25,2025-W09,Plant Midwest,Line 3,Model-B,127,120,94.9
2025-02-25,2025-W09,Plant Midwest,Line 3,Model-C,124,118,95.8
2025-02-25,2025-W09,Plant Southeast,Line 1,Model-A,122,118,97.0
2025-02-25,2025-W09,Plant Southeast,Line 1,Model-B,118,112,95.5
2025-02-25,2025-W09,Plant Southeast,Line 1,Model-C,116,111,95.8
2025-02-25,2025-W09,Plant Southeast,Line 2,Model-A,118,112,95.7
2025-02-25,2025-W09,Plant Southeast,Line 2,Model-B,120,116,96.7
2025-02-25,2025-W09,Plant Southeast,Line 2,Model-C,128,124,97.0
2025-02-25,2025-W09,Plant Southeast,Line 3,Model-A,110,106,96.9
2025-02-25,2025-W09,Plant Southeast,Line 3,Model-B,114,109,96.4
2025-02-25,2025-W09,Plant Southeast,Line 3,Model-C,116,112,96.7
2025-02-26,2025-W09,Plant Midwest,Line 1,Model-A,118,112,95.0
2025-02-26,2025-W09,Plant Midwest,Line 1,Model-B,125,121,97.1
2025-02-26,2025-W09,Plant Midwest,Line 1,Model-C,114,110,96.9
2025-02-26,2025-W09,Plant Midwest,Line 2,Model-A,112,108,97.3
2025-02-26,2025-W09,Plant Midwest,Line 2,Model-B,110,106,96.5
2025-02-26,2025-W09,Plant Midwest,Line 2,Model-C,112,107,96.1
2025-02-26,2025-W09,Plant Midwest,Line 3,Model-A,110,104,95.5
2025-02-26,2025-W09,Plant Midwest,Line 3,Model-B,123,119,96.8
2025-02-26,2025-W09,Plant Midwest,Line 3,Model-C,116,111,96.1
2025-02-26,2025-W09,Plant Southeast,Line 1,Model-A,128,122,95.4
2025-02-26,2025-W09,Plant Southeast,Line 1,Model-B,116,114,98.3
2025-02-26,2025-W09,Plant Southeast,Line 1,Model-C,113,107,95.4
2025-02-26,2025-W09,Plant Southeast,Line 2,Model-A,114,109,95.8
2025-02-26,2025-W09,Plant Southeast,Line 2,Model-B,120,114,95.0
2025-02-26,2025-W09,Plant Southeast,Line 2,Model-C,113,108,96.3
2025-02-26,2025-W09,Plant Southeast,Line 3,Model-A,128,123,96.7
2025-02-26,2025-W09,Plant Southeast,Line 3,Model-B,111,105,95.0
2025-02-26,2025-W09,Plant Southeast,Line 3,Model-C,115,111,96.9
2025-02-27,2025-W09,Plant Midwest,Line 1,Model-A,121,117,97.3
2025-02-27,2025-W09,Plant Midwest,Line 1,Model-B,116,111,96.3
2025-02-27,2025-W09,Plant Midwest,Line 1,Model-C,110,106,96.9
2025-02-27,2025-W09,Plant Midwest,Line 2,Model-A,129,122,95.2
2025-02-27,2025-W09,Plant Midwest,Line 2,Model-B,122,114,94.1
2025-02-27,2025-W09,Plant Midwest,Line 2,Model-C,114,109,96.5
2025-02-27,2025-W09,Plant Midwest,Line 3,Model-A,110,105,95.9
2025-02-27,2025-W09,Plant Midwest,Line 3,Model-B,124,118,95.6
2025-02-27,2025-W09,Plant Midwest,Line 3,Model-C,118,112,95.7
2025-02-27,2025-W09,Plant Southeast,Line 1,Model-A,129,123,96.1
2025-02-27,2025-W09,Plant Southeast,Line 1,Model-B,121,116,96.2
2025-02-27,2025-W09,Plant Southeast,Line 1,Model-C,126,119,94.9
2025-02-27,2025-W09,Plant Southeast,Line 2,Model-A,114,109,96.2
2025-02-27,2025-W09,Plant Southeast,Line 2,Model-B,114,111,98.2
2025-02-27,2025-W09,Plant Southeast,Line 2,Model-C,110,107,97.3
2025-02-27,2025-W09,Plant Southeast,Line 3,Model-A,121,117,97.1
2025-02-27,2025-W09,Plant Southeast,Line 3,Model-B,115,111,96.8
2025-02-27,2025-W09,Plant Southeast,Line 3,Model-C,120,114,95.3
2025-02-28,2025-W09,Plant Midwest,Line 1,Model-A,126,120,95.6
2025-02-28,2025-W09,Plant Midwest,Line 1,Model-B,129,125,97.3
2025-02-28,2025-W09,Plant Midwest,Line 1,Model-C,111,107,96.7
2025-02-28,2025-W09,Plant Midwest,Line 2,Model-A,125,122,98.0
2025-02-28,2025-W09,Plant Midwest,Line 2,Model-B,125,119,95.8
2025-02-28,2025-W09,Plant Midwest,Line 2,Model-C,115,111,96.9
2025-02-28,2025-W09,Plant Midwest,Line 3,Model-A,125,120,96.3
2025-02-28,2025-W09,Plant Midwest,Line 3,Model-B,113,108,95.8
2025-02-28,2025-W09,Plant Midwest,Line 3,Model-C,128,124,96.9
2025-02-28,2025-W09,Plant Southeast,Line 1,Model-A,129,124,96.7
2025-02-28,2025-W09,Plant Southeast,Line 1,Model-B,116,112,96.6
2025-02-28,2025-W09,Plant Southeast,Line 1,Model-C,116,110,95.5
2025-02-28,2025-W09,Plant Southeast,Line 2,Model-A,127,122,96.6
2025-02-28,2025-W09,Plant Southeast,Line 2,Model-B,127,123,96.9
2025-02-28,2025-W09,Plant Southeast,Line 2,Model-C,119,115,96.9
2025-02-28,2025-W09,Plant Southeast,Line 3,Model-A,125,119,95.2
2025-02-28,2025-W09,Plant Southeast,Line 3,Model-B,129,122,94.9
2025-02-28,2025-W09,Plant Southeast,Line 3,Model-C,125,120,96.3
2025-03-01,2025-W09,Plant Midwest,Line 1,Model-A,121,117,97.0
2025-03-01,2025-W09,Plant Midwest,Line 1,Model-B,118,113,96.3
2025-03-01,2025-W09,Plant Midwest,Line 1,Model-C,118,114,97.2
2025-03-01,2025-W09,Plant Midwest,Line 2,Model-A,112,106,95.5
2025-03-01,2025-W09,Plant Midwest,Line 2,Model-B,129,124,96.4
2025-03-01,2025-W09,Plant Midwest,Line 2,Model-C,129,124,96.5
2025-03-01,2025-W09,Plant Midwest,Line 3,Model-A,120,116,96.9
2025-03-01,2025-W09,Plant Midwest,Line 3,Model-B,125,122,97.6
2025-03-01,2025-W09,Plant Midwest,Line 3,Model-C,112,107,96.1
2025-03-01,2025-W09,Plant Southeast,Line 1,Model-A,112,106,94.7
2025-03-01,2025-W09,Plant Southeast,Line 1,Model-B,125,120,96.2
2025-03-01,2025-W09,Plant Southeast,Line 1,Model-C,125,119,95.9
2025-03-01,2025-W09,Plant Southeast,Line 2,Model-A,129,125,97.3
2025-03-01,2025-W09,Plant Southeast,Line 2,Model-B,112,107,95.6
2025-03-01,2025-W09,Plant Southeast,Line 2,Model-C,126,121,96.5
2025-03-01,2025-W09,Plant Southeast,Line 3,Model-A,128,121,94.7
2025-03-01,2025-W09,Plant Southeast,Line 3,Model-B,123,118,96.5
2025-03-01,2025-W09,Plant Southeast,Line 3,Model-C,128,123,96.2
2025-03-02,2025-W09,Plant Midwest,Line 1,Model-A,117,113,97.2
2025-03-02,2025-W09,Plant Midwest,Line 1,Model-B,110,106,96.6
2025-03-02,2025-W09,Plant Midwest,Line 1,Model-C,124,117,95.1
2025-03-02,2025-W09,Plant Midwest,Line 2,Model-A,125,120,96.2
2025-03-02,2025-W09,Plant Midwest,Line 2,Model-B,128,124,97.4
2025-03-02,2025-W09,Plant Midwest,Line 2,Model-C,126,121,96.5
2025-03-02,2025-W09,Plant Midwest,Line 3,Model-A,121,116,96.0
2025-03-02,2025-W09,Plant Midwest,Line 3,Model-B,118,114,96.8
2025-03-02,2025-W09,Plant Midwest,Line 3,Model-C,114,109,96.1
2025-03-02,2025-W09,Plant Southeast,Line 1,Model-A,112,108,96.8
2025-03-02,2025-W09,Plant Southeast,Line 1,Model-B,110,105,96.0
2025-03-02,2025-W09,Plant Southeast,Line 1,Model-C,110,105,95.8
2025-03-02,2025-W09,Plant Southeast,Line 2,Model-A,112,107,96.4
2025-03-02,2025-W09,Plant Southeast,Line 2,Model-B,112,106,95.2
2025-03-02,2025-W09,Plant Southeast,Line 2,Model-C,117,111,95.3
2025-03-02,2025-W09,Plant Southeast,Line 3,Model-A,119,115,97.3
2025-03-02,2025-W09,Plant Southeast,Line 3,Model-B,111,107,96.9
2025-03-02,2025-W09,Plant Southeast,Line 3,Model-C,118,113,95.8
2025-03-03,2025-W10,Plant Midwest,Line 1,Model-A,120,115,96.6
2025-03-03,2025-W10,Plant Midwest,Line 1,Model-B,119,116,97.6
2025-03-03,2025-W10,Plant Midwest,Line 1,Model-C,112,108,96.7
2025-03-03,2025-W10,Plant Midwest,Line 2,Model-A,116,110,95.1
2025-03-03,2025-W10,Plant Midwest,Line 2,Model-B,113,109,96.7
2025-03-03,2025-W10,Plant Midwest,Line 2,Model-C,123,119,97.1
2025-03-03,2025-W10,Plant Midwest,Line 3,Model-A,125,120,96.3
2025-03-03,2025-W10,Plant Midwest,Line 3,Model-B,128,122,95.9
2025-03-03,2025-W10,Plant Midwest,Line 3,Model-C,126,120,95.5
2025-03-03,2025-W10,Plant Southeast,Line 1,Model-A,110,105,95.9
2025-03-03,2025-W10,Plant Southeast,Line 1,Model-B,117,111,95.6
2025-03-03,2025-W10,Plant Southeast,Line 1,Model-C,114,110,96.7
2025-03-03,2025-W10,Plant Southeast,Line 2,Model-A,116,113,98.1
2025-03-03,2025-W10,Plant Southeast,Line 2,Model-B,117,114,97.7
2025-03-03,2025-W10,Plant Southeast,Line 2,Model-C,129,122,95.2
2025-03-03,2025-W10,Plant Southeast,Line 3,Model-A,114,107,94.6
2025-03-03,2025-W10,Plant Southeast,Line 3,Model-B,118,113,95.9
2025-03-03,2025-W10,Plant Southeast,Line 3,Model-C,110,105,96.3
2025-03-04,2025-W10,Plant Midwest,Line 1,Model-A,124,119,96.5
2025-03-04,2025-W10,Plant Midwest,Line 1,Model-B,125,118,94.9
2025-03-04,2025-W10,Plant Midwest,Line 1,Model-C,117,112,96.3
2025-03-04,2025-W10,Plant Midwest,Line 2,Model-A,116,112,96.7
2025-03-04,2025-W10,Plant Midwest,Line 2,Model-B,114,108,95.1
2025-03-04,2025-W10,Plant Midwest,Line 2,Model-C,121,118,97.7
2025-03-04,2025-W10,Plant Midwest,Line 3,Model-A,125,119,95.7
2025-03-04,2025-W10,Plant Midwest,Line 3,Model-B,124,119,96.0
2025-03-04,2025-W10,Plant Midwest,Line 3,Model-C,126,121,96.8
2025-03-04,2025-W10,Plant Southeast,Line 1,Model-A,113,109,96.7
2025-03-04,2025-W10,Plant Southeast,Line 1,Model-B,110,107,97.9
2025-03-04,2025-W10,Plant Southeast,Line 1,Model-C,119,114,95.8
2025-03-04,2025-W10,Plant Southeast,Line 2,Model-A,114,109,95.9
2025-03-04,2025-W10,Plant Southeast,Line 2,Model-B,119,114,96.6
2025-03-04,2025-W10,Plant Southeast,Line 2,Model-C,128,124,97.1
2025-03-04,2025-W10,Plant Southeast,Line 3,Model-A,114,109,96.2
2025-03-04,2025-W10,Plant Southeast,Line 3,Model-B,122,117,96.0
2025-03-04,2025-W10,Plant Southeast,Line 3,Model-C,129,124,96.2
2025-03-05,2025-W10,Plant Midwest,Line 1,Model-A,121,117,97.5
2025-03-05,2025-W10,Plant Midwest,Line 1,Model-B,110,104,95.2
2025-03-05,2025-W10,Plant Midwest,Line 1,Model-C,128,123,96.6
2025-03-05,2025-W10,Plant Midwest,Line 2,Model-A,110,106,97.1
2025-03-05,2025-W10,Plant Midwest,Line 2,Model-B,110,104,95.3
2025-03-05,2025-W10,Plant Midwest,Line 2,Model-C,122,117,96.7
2025-03-05,2025-W10,Plant Midwest,Line 3,Model-A,121,116,96.4
2025-03-05,2025-W10,Plant Midwest,Line 3,Model-B,126,120,95.7
2025-03-05,2025-W10,Plant Midwest,Line 3,Model-C,117,114,97.4
2025-03-05,2025-W10,Plant Southeast,Line 1,Model-A,111,105,95.4
2025-03-05,2025-W10,Plant Southeast,Line 1,Model-B,128,122,95.7
2025-03-05,2025-W10,Plant Southeast,Line 1,Model-C,127,121,95.9
2025-03-05,2025-W10,Plant Southeast,Line 2,Model-A,122,117,96.6
2025-03-05,2025-W10,Plant Southeast,Line 2,Model-B,113,108,96.1
2025-03-05,2025-W10,Plant Southeast,Line 2,Model-C,119,116,97.5
2025-03-05,2025-W10,Plant Southeast,Line 3,Model-A,112,106,94.7
2025-03-05,2025-W10,Plant Southeast,Line 3,Model-B,126,120,95.7
2025-03-05,2025-W10,Plant Southeast,Line 3,Model-C,126,121,96.5
2025-03-06,2025-W10,Plant Midwest,Line 1,Model-A,116,112,97.0
2025-03-06,2025-W10,Plant Midwest,Line 1,Model-B,114,109,96.4
2025-03-06,2025-W10,Plant Midwest,Line 1,Model-C,121,117,97.4
2025-03-06,2025-W10,Plant Midwest,Line 2,Model-A,112,107,95.8
2025-03-06,2025-W10,Plant Midwest,Line 2,Model-B,118,114,96.7
2025-03-06,2025-W10,Plant Midwest,Line 2,Model-C,129,121,94.4
2025-03-06,2025-W10,Plant Midwest,Line 3,Model-A,125,118,95.0
2025-03-06,2025-W10,Plant Midwest,Line 3,Model-B,128,122,95.5
2025-03-06,2025-W10,Plant Midwest,Line 3,Model-C,126,120,95.9
2025-03-06,2025-W10,Plant Southeast,Line 1,Model-A,123,119,97.0
2025-03-06,2025-W10,Plant Southeast,Line 1,Model-B,129,126,97.7
2025-03-06,2025-W10,Plant Southeast,Line 1,Model-C,114,110,97.1
2025-03-06,2025-W10,Plant Southeast,Line 2,Model-A,112,108,97.1
2025-03-06,2025-W10,Plant Southeast,Line 2,Model-B,113,110,97.9
2025-03-06,2025-W10,Plant Southeast,Line 2,Model-C,125,119,95.6
2025-03-06,2025-W10,Plant Southeast,Line 3,Model-A,114,109,96.2
2025-03-06,2025-W10,Plant Southeast,Line 3,Model-B,112,107,96.0
2025-03-06,2025-W10,Plant Southeast,Line 3,Model-C,127,122,96.8
2025-03-07,2025-W10,Plant Midwest,Line 1,Model-A,124,119,96.5
2025-03-07,2025-W10,Plant Midwest,Line 1,Model-B,121,115,95.7
2025-03-07,2025-W10,Plant Midwest,Line 1,Model-C,126,120,95.9
2025-03-07,2025-W10,Plant Midwest,Line 2,Model-A,127,122,96.4
2025-03-07,2025-W10,Plant Midwest,Line 2,Model-B,111,107,97.1
2025-03-07,2025-W10,Plant Midwest,Line 2,Model-C,116,111,95.8
2025-03-07,2025-W10,Plant Midwest,Line 3,Model-A,122,116,95.7
2025-03-07,2025-W10,Plant Midwest,Line 3,Model-B,128,124,97.3
2025-03-07,2025-W10,Plant Midwest,Line 3,Model-C,121,114,94.6
2025-03-07,2025-W10,Plant Southeast,Line 1,Model-A,128,124,97.5
2025-03-07,2025-W10,Plant Southeast,Line 1,Model-B,116,110,94.9
2025-03-07,2025-W10,Plant Southeast,Line 1,Model-C,127,121,95.9
2025-03-07,2025-W10,Plant Southeast,Line 2,Model-A,129,125,97.2
2025-03-07,2025-W10,Plant Southeast,Line 2,Model-B,122,118,96.8
2025-03-07,2025-W10,Plant Southeast,Line 2,Model-C,126,121,96.2
2025-03-07,2025-W10,Plant Southeast,Line 3,Model-A,115,109,95.5
2025-03-07,2025-W10,Plant Southeast,Line 3,Model-B,121,116,96.2
2025-03-07,2025-W10,Plant Southeast,Line 3,Model-C,124,119,96.5
2025-03-08,2025-W10,Plant Midwest,Line 1,Model-A,125,120,96.4
2025-03-08,2025-W10,Plant Midwest,Line 1,Model-B,114,109,96.2
2025-03-08,2025-W10,Plant Midwest,Line 1,Model-C,113,109,96.6
2025-03-08,2025-W10,Plant Midwest,Line 2,Model-A,127,122,96.2
2025-03-08,2025-W10,Plant Midwest,Line 2,Model-B,124,120,97.4
2025-03-08,2025-W10,Plant Midwest,Line 2,Model-C,110,106,97.0
2025-03-08,2025-W10,Plant Midwest,Line 3,Model-A,112,107,96.1
2025-03-08,2025-W10,Plant Midwest,Line 3,Model-B,117,113,97.0
2025-03-08,2025-W10,Plant Midwest,Line 3,Model-C,113,106,94.5
2025-03-08,2025-W10,Plant Southeast,Line 1,Model-A,127,121,95.8
2025-03-08,2025-W10,Plant Southeast,Line 1,Model-B,114,109,96.5
2025-03-08,2025-W10,Plant Southeast,Line 1,Model-C,110,107,97.7
2025-03-08,2025-W10,Plant Southeast,Line 2,Model-A,129,122,95.0
2025-03-08,2025-W10,Plant Southeast,Line 2,Model-B,122,118,96.7
2025-03-08,2025-W10,Plant Southeast,Line 2,Model-C,123,119,97.5
2025-03-08,2025-W10,Plant Southeast,Line 3,Model-A,111,105,94.8
2025-03-08,2025-W10,Plant Southeast,Line 3,Model-B,119,115,97.1
2025-03-08,2025-W10,Plant Southeast,Line 3,Model-C,124,118,95.8
2025-03-09,2025-W10,Plant Midwest,Line 1,Model-A,126,122,97.3
2025-03-09,2025-W10,Plant Midwest,Line 1,Model-B,126,120,95.7
2025-03-09,2025-W10,Plant Midwest,Line 1,Model-C,122,117,96.4
2025-03-09,2025-W10,Plant Midwest,Line 2,Model-A,114,109,95.8
2025-03-09,2025-W10,Plant Midwest,Line 2,Model-B,114,109,96.2
2025-03-09,2025-W10,Plant Midwest,Line 2,Model-C,114,109,96.2
2025-03-09,2025-W10,Plant Midwest,Line 3,Model-A,114,109,95.7
2025-03-09,2025-W10,Plant Midwest,Line 3,Model-B,123,119,97.3
2025-03-09,2025-W10,Plant Midwest,Line 3,Model-C,118,112,95.1
2025-03-09,2025-W10,Plant Southeast,Line 1,Model-A,126,121,96.6
2025-03-09,2025-W10,Plant Southeast,Line 1,Model-B,117,111,95.0
2025-03-09,2025-W10,Plant Southeast,Line 1,Model-C,117,113,97.2
2025-03-09,2025-W10,Plant Southeast,Line 2,Model-A,116,111,96.4
2025-03-09,2025-W10,Plant Southeast,Line 2,Model-B,112,109,97.8
2025-03-09,2025-W10,Plant Southeast,Line 2,Model-C,127,122,96.3
2025-03-09,2025-W10,Plant Southeast,Line 3,Model-A,114,110,97.1
2025-03-09,2025-W10,Plant Southeast,Line 3,Model-B,126,121,96.7
2025-03-09,2025-W10,Plant Southeast,Line 3,Model-C,111,107,97.3
2025-03-10,2025-W11,Plant Midwest,Line 1,Model-A,120,115,95.9
2025-03-10,2025-W11,Plant Midwest,Line 1,Model-B,111,106,95.9
2025-03-10,2025-W11,Plant Midwest,Line 1,Model-C,115,112,97.5
2025-03-10,2025-W11,Plant Midwest,Line 2,Model-A,124,120,97.2
2025-03-10,2025-W11,Plant Midwest,Line 2,Model-B,128,122,96.0
2025-03-10,2025-W11,Plant Midwest,Line 2,Model-C,115,111,96.8
2025-03-10,2025-W11,Plant Midwest,Line 3,Model-A,110,105,95.8
2025-03-10,2025-W11,Plant Midwest,Line 3,Model-B,119,115,97.3
2025-03-10,2025-W11,Plant Midwest,Line 3,Model-C,128,124,97.0
2025-03-10,2025-W11,Plant Southeast,Line 1,Model-A,119,115,96.7
2025-03-10,2025-W11,Plant Southeast,Line 1,Model-B,126,119,94.8
2025-03-10,2025-W11,Plant Southeast,Line 1,Model-C,114,109,96.2
2025-03-10,2025-W11,Plant Southeast,Line 2,Model-A,111,105,95.0
2025-03-10,2025-W11,Plant Southeast,Line 2,Model-B,120,116,97.2
2025-03-10,2025-W11,Plant Southeast,Line 2,Model-C,120,115,96.1
2025-03-10,2025-W11,Plant Southeast,Line 3,Model-A,125,120,96.1
2025-03-10,2025-W11,Plant Southeast,Line 3,Model-B,120,115,96.5
2025-03-10,2025-W11,Plant Southeast,Line 3,Model-C,117,111,95.4
2025-03-11,2025-W11,Plant Midwest,Line 1,Model-A,113,109,96.8
2025-03-11,2025-W11,Plant Midwest,Line 1,Model-B,112,107,96.0
2025-03-11,2025-W11,Plant Midwest,Line 1,Model-C,127,120,95.1
2025-03-11,2025-W11,Plant Midwest,Line 2,Model-A,114,110,96.6
2025-03-11,2025-W11,Plant Midwest,Line 2,Model-B,127,121,95.5
2025-03-11,2025-W11,Plant Midwest,Line 2,Model-C,115,110,95.8
2025-03-11,2025-W11,Plant Midwest,Line 3,Model-A,110,103,94.5
2025-03-11,2025-W11,Plant Midwest,Line 3,Model-B,123,118,96.6
2025-03-11,2025-W11,Plant Midwest,Line 3,Model-C,111,106,95.9
2025-03-11,2025-W11,Plant Southeast,Line 1,Model-A,118,112,95.5
2025-03-11,2025-W11,Plant Southeast,Line 1,Model-B,124,118,95.6
2025-03-11,2025-W11,Plant Southeast,Line 1,Model-C,120,115,96.4
2025-03-11,2025-W11,Plant Southeast,Line 2,Model-A,125,120,96.1
2025-03-11,2025-W11,Plant Southeast,Line 2,Model-B,110,105,96.0
2025-03-11,2025-W11,Plant Southeast,Line 2,Model-C,117,111,95.6
2025-03-11,2025-W11,Plant Southeast,Line 3,Model-A,124,119,96.7
2025-03-11,2025-W11,Plant Southeast,Line 3,Model-B,124,119,96.0
2025-03-11,2025-W11,Plant Southeast,Line 3,Model-C,123,116,94.4
2025-03-12,2025-W11,Plant Midwest,Line 1,Model-A,111,107,96.9
2025-03-12,2025-W11,Plant Midwest,Line 1,Model-B,124,118,95.4
2025-03-12,2025-W11,Plant Midwest,Line 1,Model-C,123,117,95.9
2025-03-12,2025-W11,Plant Midwest,Line 2,Model-A,128,124,96.9
2025-03-12,2025-W11,Plant Midwest,Line 2,Model-B,124,119,96.4
2025-03-12,2025-W11,Plant Midwest,Line 2,Model-C,119,114,95.8
2025-03-12,2025-W11,Plant Midwest,Line 3,Model-A,116,110,95.4
2025-03-12,2025-W11,Plant Midwest,Line 3,Model-B,121,115,95.7
2025-03-12,2025-W11,Plant Midwest,Line 3,Model-C,126,120,95.9
2025-03-12,2025-W11,Plant Southeast,Line 1,Model-A,119,112,94.5
2025-03-12,2025-W11,Plant Southeast,Line 1,Model-B,112,107,96.0
2025-03-12,2025-W11,Plant Southeast,Line 1,Model-C,113,110,97.9
2025-03-12,2025-W11,Plant Southeast,Line 2,Model-A,124,119,96.5
2025-03-12,2025-W11,Plant Southeast,Line 2,Model-B,117,114,97.5
2025-03-12,2025-W11,Plant Southeast,Line 2,Model-C,126,119,94.6
2025-03-12,2025-W11,Plant Southeast,Line 3,Model-A,114,110,97.1
2025-03-12,2025-W11,Plant Southeast,Line 3,Model-B,115,110,96.4
2025-03-12,2025-W11,Plant Southeast,Line 3,Model-C,122,118,96.9
2025-03-13,2025-W11,Plant Midwest,Line 1,Model-A,115,109,95.1
2025-03-13,2025-W11,Plant Midwest,Line 1,Model-B,115,111,96.7
2025-03-13,2025-W11,Plant Midwest,Line 1,Model-C,115,110,95.7
2025-03-13,2025-W11,Plant Midwest,Line 2,Model-A,120,114,95.8
2025-03-13,2025-W11,Plant Midwest,Line 2,Model-B,118,113,96.2
2025-03-13,2025-W11,Plant Midwest,Line 2,Model-C,117,111,95.5
2025-03-13,2025-W11,Plant Midwest,Line 3,Model-A,114,110,96.5
2025-03-13,2025-W11,Plant Midwest,Line 3,Model-B,113,108,96.1
2025-03-13,2025-W11,Plant Midwest,Line 3,Model-C,124,118,95.7
2025-03-13,2025-W11,Plant Southeast,Line 1,Model-A,115,111,96.8
2025-03-13,2025-W11,Plant Southeast,Line 1,Model-B,128,123,96.7
2025-03-13,2025-W11,Plant Southeast,Line 1,Model-C,120,116,96.9
2025-03-13,2025-W11,Plant Southeast,Line 2,Model-A,117,113,97.2
2025-03-13,2025-W11,Plant Southeast,Line 2,Model-B,114,109,96.1
2025-03-13,2025-W11,Plant Southeast,Line 2,Model-C,115,111,96.7
2025-03-13,2025-W11,Plant Southeast,Line 3,Model-A,121,115,95.5
2025-03-13,2025-W11,Plant Southeast,Line 3,Model-B,124,120,97.0
2025-03-13,2025-W11,Plant Southeast,Line 3,Model-C,115,111,96.8
2025-03-14,2025-W11,Plant Midwest,Line 1,Model-A,114,110,96.8
2025-03-14,2025-W11,Plant Midwest,Line 1,Model-B,122,117,96.2
2025-03-14,2025-W11,Plant Midwest,Line 1,Model-C,120,113,94.8
2025-03-14,2025-W11,Plant Midwest,Line 2,Model-A,119,115,97.2
2025-03-14,2025-W11,Plant Midwest,Line 2,Model-B,114,110,97.0
2025-03-14,2025-W11,Plant Midwest,Line 2,Model-C,110,105,95.7
2025-03-14,2025-W11,Plant Midwest,Line 3,Model-A,114,111,98.1
2025-03-14,2025-W11,Plant Midwest,Line 3,Model-B,112,107,95.7
2025-03-14,2025-W11,Plant Midwest,Line 3,Model-C,126,121,96.6
2025-03-14,2025-W11,Plant Southeast,Line 1,Model-A,127,122,96.7
2025-03-14,2025-W11,Plant Southeast,Line 1,Model-B,123,117,95.8
2025-03-14,2025-W11,Plant Southeast,Line 1,Model-C,110,104,95.2
2025-03-14,2025-W11,Plant Southeast,Line 2,Model-A,117,113,96.7
2025-03-14,2025-W11,Plant Southeast,Line 2,Model-B,114,110,96.6
2025-03-14,2025-W11,Plant Southeast,Line 2,Model-C,123,118,96.6
2025-03-14,2025-W11,Plant Southeast,Line 3,Model-A,114,110,96.6
2025-03-14,2025-W11,Plant Southeast,Line 3,Model-B,114,110,96.7
2025-03-14,2025-W11,Plant Southeast,Line 3,Model-C,113,107,95.2
2025-03-15,2025-W11,Plant Midwest,Line 1,Model-A,122,119,97.6
2025-03-15,2025-W11,Plant Midwest,Line 1,Model-B,117,113,96.9
2025-03-15,2025-W11,Plant Midwest,Line 1,Model-C,116,112,96.6
2025-03-15,2025-W11,Plant Midwest,Line 2,Model-A,115,110,96.4
2025-03-15,2025-W11,Plant Midwest,Line 2,Model-B,110,105,96.2
2025-03-15,2025-W11,Plant Midwest,Line 2,Model-C,126,122,97.5
2025-03-15,2025-W11,Plant Midwest,Line 3,Model-A,110,106,96.7
2025-03-15,2025-W11,Plant Midwest,Line 3,Model-B,117,110,94.3
2025-03-15,2025-W11,Plant Midwest,Line 3,Model-C,117,111,95.5
2025-03-15,2025-W11,Plant Southeast,Line 1,Model-A,115,110,96.4
2025-03-15,2025-W11,Plant Southeast,Line 1,Model-B,112,106,95.0
2025-03-15,2025-W11,Plant Southeast,Line 1,Model-C,129,125,97.1
2025-03-15,2025-W11,Plant Southeast,Line 2,Model-A,124,119,96.2
2025-03-15,2025-W11,Plant Southeast,Line 2,Model-B,116,112,97.0
2025-03-15,2025-W11,Plant Southeast,Line 2,Model-C,113,109,97.0
2025-03-15,2025-W11,Plant Southeast,Line 3,Model-A,110,106,96.8
2025-03-15,2025-W11,Plant Southeast,Line 3,Model-B,113,110,97.4
2025-03-15,2025-W11,Plant Southeast,Line 3,Model-C,119,114,96.5
2025-03-16,2025-W11,Plant Midwest,Line 1,Model-A,110,105,96.3
2025-03-16,2025-W11,Plant Midwest,Line 1,Model-B,124,118,95.4
2025-03-16,2025-W11,Plant Midwest,Line 1,Model-C,113,110,98.0
2025-03-16,2025-W11,Plant Midwest,Line 2,Model-A,124,118,95.5
2025-03-16,2025-W11,Plant Midwest,Line 2,Model-B,117,112,95.9
2025-03-16,2025-W11,Plant Midwest,Line 2,Model-C,121,115,95.8
2025-03-16,2025-W11,Plant Midwest,Line 3,Model-A,122,118,96.9
2025-03-16,2025-W11,Plant Midwest,Line 3,Model-B,128,124,97.3
2025-03-16,2025-W11,Plant Midwest,Line 3,Model-C,113,107,94.9
2025-03-16,2025-W11,Plant Southeast,Line 1,Model-A,114,109,96.4
2025-03-16,2025-W11,Plant Southeast,Line 1,Model-B,129,122,94.8
2025-03-16,2025-W11,Plant Southeast,Line 1,Model-C,124,120,97.4
2025-03-16,2025-W11,Plant Southeast,Line 2,Model-A,123,119,96.8
2025-03-16,2025-W11,Plant Southeast,Line 2,Model-B,117,112,96.4
2025-03-16,2025-W11,Plant Southeast,Line 2,Model-C,127,121,96.0
2025-03-16,2025-W11,Plant Southeast,Line 3,Model-A,120,115,96.2
2025-03-16,2025-W11,Plant Southeast,Line 3,Model-B,121,117,97.2
2025-03-16,2025-W11,Plant Southeast,Line 3,Model-C,118,114,96.7
2025-03-17,2025-W12,Plant Midwest,Line 1,Model-A,128,123,96.3
2025-03-17,2025-W12,Plant Midwest,Line 1,Model-B,120,115,96.3
2025-03-17,2025-W12,Plant Midwest,Line 1,Model-C,110,108,98.2
2025-03-17,2025-W12,Plant Midwest,Line 2,Model-A,124,119,96.6
2025-03-17,2025-W12,Plant Midwest,Line 2,Model-B,118,112,95.6
2025-03-17,2025-W12,Plant Midwest,Line 2,Model-C,118,114,96.7
2025-03-17,2025-W12,Plant Midwest,Line 3,Model-A,112,108,96.9
2025-03-17,2025-W12,Plant Midwest,Line 3,Model-B,120,113,94.3
2025-03-17,2025-W12,Plant Midwest,Line 3,Model-C,115,109,95.2
2025-03-17,2025-W12,Plant Southeast,Line 1,Model-A,111,105,95.2
2025-03-17,2025-W12,Plant Southeast,Line 1,Model-B,126,120,95.8
2025-03-17,2025-W12,Plant Southeast,Line 1,Model-C,128,123,96.3
2025-03-17,2025-W12,Plant Southeast,Line 2,Model-A,116,112,97.0
2025-03-17,2025-W12,Plant Southeast,Line 2,Model-B,120,114,95.6
2025-03-17,2025-W12,Plant Southeast,Line 2,Model-C,127,121,95.4
2025-03-17,2025-W12,Plant Southeast,Line 3,Model-A,129,124,96.6
2025-03-17,2025-W12,Plant Southeast,Line 3,Model-B,118,113,96.0
2025-03-17,2025-W12,Plant Southeast,Line 3,Model-C,117,111,95.3
2025-03-18,2025-W12,Plant Midwest,Line 1,Model-A,126,120,95.4
2025-03-18,2025-W12,Plant Midwest,Line 1,Model-B,128,121,95.3
2025-03-18,2025-W12,Plant Midwest,Line 1,Model-C,128,122,95.8
2025-03-18,2025-W12,Plant Midwest,Line 2,Model-A,126,119,94.5
2025-03-18,2025-W12,Plant Midwest,Line 2,Model-B,122,118,97.1
2025-03-18,2025-W12,Plant Midwest,Line 2,Model-C,128,122,95.9
2025-03-18,2025-W12,Plant Midwest,Line 3,Model-A,127,123,97.0
2025-03-18,2025-W12,Plant Midwest,Line 3,Model-B,127,121,95.4
2025-03-18,2025-W12,Plant Midwest,Line 3,Model-C,111,105,95.0
2025-03-18,2025-W12,Plant Southeast,Line 1,Model-A,115,113,98.4
2025-03-18,2025-W12,Plant Southeast,Line 1,Model-B,128,122,95.9
2025-03-18,2025-W12,Plant Southeast,Line 1,Model-C,116,111,95.9
2025-03-18,2025-W12,Plant Southeast,Line 2,Model-A,112,106,95.1
2025-03-18,2025-W12,Plant Southeast,Line 2,Model-B,123,117,95.6
2025-03-18,2025-W12,Plant Southeast,Line 2,Model-C,111,106,95.9
2025-03-18,2025-W12,Plant Southeast,Line 3,Model-A,127,122,96.1
2025-03-18,2025-W12,Plant Southeast,Line 3,Model-B,116,111,96.1
2025-03-18,2025-W12,Plant Southeast,Line 3,Model-C,112,107,96.2
2025-03-19,2025-W12,Plant Midwest,Line 1,Model-A,117,112,96.3
2025-03-19,2025-W12,Plant Midwest,Line 1,Model-B,112,107,96.1
2025-03-19,2025-W12,Plant Midwest,Line 1,Model-C,128,121,95.2
2025-03-19,2025-W12,Plant Midwest,Line 2,Model-A,111,107,96.8
2025-03-19,2025-W12,Plant Midwest,Line 2,Model-B,112,108,96.9
2025-03-19,2025-W12,Plant Midwest,Line 2,Model-C,123,117,95.4
2025-03-19,2025-W12,Plant Midwest,Line 3,Model-A,120,115,96.0
2025-03-19,2025-W12,Plant Midwest,Line 3,Model-B,125,119,95.4
2025-03-19,2025-W12,Plant Midwest,Line 3,Model-C,127,122,96.5
2025-03-19,2025-W12,Plant Southeast,Line 1,Model-A,127,120,95.2
2025-03-19,2025-W12,Plant Southeast,Line 1,Model-B,111,106,96.4
2025-03-19,2025-W12,Plant Southeast,Line 1,Model-C,120,116,96.8
2025-03-19,2025-W12,Plant Southeast,Line 2,Model-A,119,114,95.8
2025-03-19,2025-W12,Plant Southeast,Line 2,Model-B,121,117,97.1
2025-03-19,2025-W12,Plant Southeast,Line 2,Model-C,129,122,95.2
2025-03-19,2025-W12,Plant Southeast,Line 3,Model-A,118,115,97.6
2025-03-19,2025-W12,Plant Southeast,Line 3,Model-B,111,106,95.9
2025-03-19,2025-W12,Plant Southeast,Line 3,Model-C,121,116,96.6
2025-03-20,2025-W12,Plant Midwest,Line 1,Model-A,126,121,96.2
2025-03-20,2025-W12,Plant Midwest,Line 1,Model-B,123,119,97.1
2025-03-20,2025-W12,Plant Midwest,Line 1,Model-C,126,123,98.0
2025-03-20,2025-W12,Plant Midwest,Line 2,Model-A,118,110,94.0
2025-03-20,2025-W12,Plant Midwest,Line 2,Model-B,117,111,95.6
2025-03-20,2025-W12,Plant Midwest,Line 2,Model-C,118,115,97.5
2025-03-20,2025-W12,Plant Midwest,Line 3,Model-A,120,114,95.4
2025-03-20,2025-W12,Plant Midwest,Line 3,Model-B,122,117,96.0
2025-03-20,2025-W12,Plant Midwest,Line 3,Model-C,111,105,94.9
2025-03-20,2025-W12,Plant Southeast,Line 1,Model-A,126,121,96.6
2025-03-20,2025-W12,Plant Southeast,Line 1,Model-B,114,110,97.0
2025-03-20,2025-W12,Plant Southeast,Line 1,Model-C,119,114,96.6
2025-03-20,2025-W12,Plant Southeast,Line 2,Model-A,115,109,95.5
2025-03-20,2025-W12,Plant Southeast,Line 2,Model-B,122,118,96.9
2025-03-20,2025-W12,Plant Southeast,Line 2,Model-C,116,112,97.1
2025-03-20,2025-W12,Plant Southeast,Line 3,Model-A,123,118,96.4
2025-03-20,2025-W12,Plant Southeast,Line 3,Model-B,111,107,96.6
2025-03-20,2025-W12,Plant Southeast,Line 3,Model-C,128,122,95.6
2025-03-21,2025-W12,Plant Midwest,Line 1,Model-A,113,108,96.0
2025-03-21,2025-W12,Plant Midwest,Line 1,Model-B,113,109,97.2
2025-03-21,2025-W12,Plant Midwest,Line 1,Model-C,126,121,96.8
2025-03-21,2025-W12,Plant Midwest,Line 2,Model-A,111,108,97.4
2025-03-21,2025-W12,Plant Midwest,Line 2,Model-B,124,117,94.8
2025-03-21,2025-W12,Plant Midwest,Line 2,Model-C,124,119,96.1
2025-03-21,2025-W12,Plant Midwest,Line 3,Model-A,129,124,96.4
2025-03-21,2025-W12,Plant Midwest,Line 3,Model-B,126,120,96.0
2025-03-21,2025-W12,Plant Midwest,Line 3,Model-C,122,117,96.5
2025-03-21,2025-W12,Plant Southeast,Line 1,Model-A,111,105,95.4
2025-03-21,2025-W12,Plant Southeast,Line 1,Model-B,118,113,96.3
2025-03-21,2025-W12,Plant Southeast,Line 1,Model-C,120,115,95.9
2025-03-21,2025-W12,Plant Southeast,Line 2,Model-A,117,111,95.0
2025-03-21,2025-W12,Plant Southeast,Line 2,Model-B,112,107,95.9
2025-03-21,2025-W12,Plant Southeast,Line 2,Model-C,127,122,96.7
2025-03-21,2025-W12,Plant Southeast,Line 3,Model-A,115,111,97.0
2025-03-21,2025-W12,Plant Southeast,Line 3,Model-B,111,106,96.0
2025-03-21,2025-W12,Plant Southeast,Line 3,Model-C,126,120,95.7
2025-03-22,2025-W12,Plant Midwest,Line 1,Model-A,126,121,96.1
2025-03-22,2025-W12,Plant Midwest,Line 1,Model-B,124,119,96.7
2025-03-22,2025-W12,Plant Midwest,Line 1,Model-C,121,117,97.1
2025-03-22,2025-W12,Plant Midwest,Line 2,Model-A,117,112,96.3
2025-03-22,2025-W12,Plant Midwest,Line 2,Model-B,126,122,97.2
2025-03-22,2025-W12,Plant Midwest,Line 2,Model-C,115,111,97.0
2025-03-22,2025-W12,Plant Midwest,Line 3,Model-A,117,112,96.1
2025-03-22,2025-W12,Plant Midwest,Line 3,Model-B,124,117,94.9
2025-03-22,2025-W12,Plant Midwest,Line 3,Model-C,118,113,96.5
2025-03-22,2025-W12,Plant Southeast,Line 1,Model-A,116,111,96.4
2025-03-22,2025-W12,Plant Southeast,Line 1,Model-B,123,118,96.5
2025-03-22,2025-W12,Plant Southeast,Line 1,Model-C,128,122,95.7
2025-03-22,2025-W12,Plant Southeast,Line 2,Model-A,125,120,96.0
2025-03-22,2025-W12,Plant Southeast,Line 2,Model-B,127,121,95.4
2025-03-22,2025-W12,Plant Southeast,Line 2,Model-C,129,123,95.8
2025-03-22,2025-W12,Plant Southeast,Line 3,Model-A,119,115,96.9
2025-03-22,2025-W12,Plant Southeast,Line 3,Model-B,116,111,96.3
2025-03-22,2025-W12,Plant Southeast,Line 3,Model-C,112,107,95.8
2025-03-23,2025-W12,Plant Midwest,Line 1,Model-A,121,115,95.4
2025-03-23,2025-W12,Plant Midwest,Line 1,Model-B,121,117,97.2
2025-03-23,2025-W12,Plant Midwest,Line 1,Model-C,116,111,96.5
2025-03-23,2025-W12,Plant Midwest,Line 2,Model-A,122,115,94.7
2025-03-23,2025-W12,Plant Midwest,Line 2,Model-B,127,119,94.1
2025-03-23,2025-W12,Plant Midwest,Line 2,Model-C,121,117,96.8
2025-03-23,2025-W12,Plant Midwest,Line 3,Model-A,111,107,96.8
2025-03-23,2025-W12,Plant Midwest,Line 3,Model-B,112,107,96.2
2025-03-23,2025-W12,Plant Midwest,Line 3,Model-C,116,114,98.3
2025-03-23,2025-W12,Plant Southeast,Line 1,Model-A,121,115,95.7
2025-03-23,2025-W12,Plant Southeast,Line 1,Model-B,124,118,95.6
2025-03-23,2025-W12,Plant Southeast,Line 1,Model-C,116,111,96.0
2025-03-23,2025-W12,Plant Southeast,Line 2,Model-A,129,123,95.5
2025-03-23,2025-W12,Plant Southeast,Line 2,Model-B,112,108,96.8
2025-03-23,2025-W12,Plant Southeast,Line 2,Model-C,122,116,95.1
2025-03-23,2025-W12,Plant Southeast,Line 3,Model-A,113,107,95.5
2025-03-23,2025-W12,Plant Southeast,Line 3,Model-B,127,120,94.7
2025-03-23,2025-W12,Plant Southeast,Line 3,Model-C,113,107,95.2
2025-03-24,2025-W13,Plant Midwest,Line 1,Model-A,121,116,96.7
2025-03-24,2025-W13,Plant Midwest,Line 1,Model-B,116,110,95.0
2025-03-24,2025-W13,Plant Midwest,Line 1,Model-C,123,119,96.9
2025-03-24,2025-W13,Plant Midwest,Line 2,Model-A,111,106,96.4
2025-03-24,2025-W13,Plant Midwest,Line 2,Model-B,116,111,96.3
2025-03-24,2025-W13,Plant Midwest,Line 2,Model-C,128,123,96.6
2025-03-24,2025-W13,Plant Midwest,Line 3,Model-A,122,116,95.9
2025-03-24,2025-W13,Plant Midwest,Line 3,Model-B,112,107,96.1
2025-03-24,2025-W13,Plant Midwest,Line 3,Model-C,115,111,96.6
2025-03-24,2025-W13,Plant Southeast,Line 1,Model-A,126,122,97.2
2025-03-24,2025-W13,Plant Southeast,Line 1,Model-B,118,113,95.9
2025-03-24,2025-W13,Plant Southeast,Line 1,Model-C,127,120,95.3
2025-03-24,2025-W13,Plant Southeast,Line 2,Model-A,127,121,95.5
2025-03-24,2025-W13,Plant Southeast,Line 2,Model-B,112,108,96.6
2025-03-24,2025-W13,Plant Southeast,Line 2,Model-C,115,111,97.3
2025-03-24,2025-W13,Plant Southeast,Line 3,Model-A,118,114,96.7
2025-03-24,2025-W13,Plant Southeast,Line 3,Model-B,113,107,95.5
2025-03-24,2025-W13,Plant Southeast,Line 3,Model-C,118,113,96.3
2025-03-25,2025-W13,Plant Midwest,Line 1,Model-A,112,107,96.1
2025-03-25,2025-W13,Plant Midwest,Line 1,Model-B,112,106,94.8
2025-03-25,2025-W13,Plant Midwest,Line 1,Model-C,111,107,96.4
2025-03-25,2025-W13,Plant Midwest,Line 2,Model-A,117,112,96.5
2025-03-25,2025-W13,Plant Midwest,Line 2,Model-B,114,108,95.5
2025-03-25,2025-W13,Plant Midwest,Line 2,Model-C,124,120,97.0
2025-03-25,2025-W13,Plant Midwest,Line 3,Model-A,115,111,96.9
2025-03-25,2025-W13,Plant Midwest,Line 3,Model-B,127,121,95.4
2025-03-25,2025-W13,Plant Midwest,Line 3,Model-C,115,111,96.9
2025-03-25,2025-W13,Plant Southeast,Line 1,Model-A,112,107,96.2
2025-03-25,2025-W13,Plant Southeast,Line 1,Model-B,117,113,96.7
2025-03-25,2025-W13,Plant Southeast,Line 1,Model-C,122,119,97.7
2025-03-25,2025-W13,Plant Southeast,Line 2,Model-A,110,106,96.4
2025-03-25,2025-W13,Plant Southeast,Line 2,Model-B,117,112,96.4
2025-03-25,2025-W13,Plant Southeast,Line 2,Model-C,110,105,96.0
2025-03-25,2025-W13,Plant Southeast,Line 3,Model-A,122,117,96.0
2025-03-25,2025-W13,Plant Southeast,Line 3,Model-B,120,115,96.5
2025-03-25,2025-W13,Plant Southeast,Line 3,Model-C,116,111,95.7
2025-03-26,2025-W13,Plant Midwest,Line 1,Model-A,114,109,95.9
2025-03-26,2025-W13,Plant Midwest,Line 1,Model-B,116,110,95.5
2025-03-26,2025-W13,Plant Midwest,Line 1,Model-C,127,122,96.5
2025-03-26,2025-W13,Plant Midwest,Line 2,Model-A,121,116,96.5
2025-03-26,2025-W13,Plant Midwest,Line 2,Model-B,116,112,96.7
2025-03-26,2025-W13,Plant Midwest,Line 2,Model-C,117,110,94.7
2025-03-26,2025-W13,Plant Midwest,Line 3,Model-A,111,107,96.7
2025-03-26,2025-W13,Plant Midwest,Line 3,Model-B,112,109,97.9
2025-03-26,2025-W13,Plant Midwest,Line 3,Model-C,125,120,96.4
2025-03-26,2025-W13,Plant Southeast,Line 1,Model-A,119,114,95.9
2025-03-26,2025-W13,Plant Southeast,Line 1,Model-B,118,113,96.1
2025-03-26,2025-W13,Plant Southeast,Line 1,Model-C,124,119,96.4
2025-03-26,2025-W13,Plant Southeast,Line 2,Model-A,114,109,95.8
2025-03-26,2025-W13,Plant Southeast,Line 2,Model-B,126,121,96.4
2025-03-26,2025-W13,Plant Southeast,Line 2,Model-C,121,116,96.3
2025-03-26,2025-W13,Plant Southeast,Line 3,Model-A,110,105,95.6
2025-03-26,2025-W13,Plant Southeast,Line 3,Model-B,127,122,96.5
2025-03-26,2025-W13,Plant Southeast,Line 3,Model-C,116,111,95.8
2025-03-27,2025-W13,Plant Midwest,Line 1,Model-A,120,115,95.8
2025-03-27,2025-W13,Plant Midwest,Line 1,Model-B,128,124,97.1
2025-03-27,2025-W13,Plant Midwest,Line 1,Model-C,120,114,95.8
2025-03-27,2025-W13,Plant Midwest,Line 2,Model-A,123,120,97.7
2025-03-27,2025-W13,Plant Midwest,Line 2,Model-B,111,105,95.2
2025-03-27,2025-W13,Plant Midwest,Line 2,Model-C,120,115,96.1
2025-03-27,2025-W13,Plant Midwest,Line 3,Model-A,129,124,96.6
2025-03-27,2025-W13,Plant Midwest,Line 3,Model-B,129,124,96.7
2025-03-27,2025-W13,Plant Midwest,Line 3,Model-C,120,115,96.0
2025-03-27,2025-W13,Plant Southeast,Line 1,Model-A,124,118,95.3
2025-03-27,2025-W13,Plant Southeast,Line 1,Model-B,125,119,95.9
2025-03-27,2025-W13,Plant Southeast,Line 1,Model-C,110,107,97.4
2025-03-27,2025-W13,Plant Southeast,Line 2,Model-A,115,109,95.6
2025-03-27,2025-W13,Plant Southeast,Line 2,Model-B,126,120,95.7
2025-03-27,2025-W13,Plant Southeast,Line 2,Model-C,121,115,95.3
2025-03-27,2025-W13,Plant Southeast,Line 3,Model-A,117,114,98.3
2025-03-27,2025-W13,Plant Southeast,Line 3,Model-B,123,118,96.1
2025-03-27,2025-W13,Plant Southeast,Line 3,Model-C,127,120,95.3
2025-03-28,2025-W13,Plant Midwest,Line 1,Model-A,129,124,96.6
2025-03-28,2025-W13,Plant Midwest,Line 1,Model-B,112,107,96.0
2025-03-28,2025-W13,Plant Midwest,Line 1,Model-C,129,124,96.1
2025-03-28,2025-W13,Plant Midwest,Line 2,Model-A,123,119,97.4
2025-03-28,2025-W13,Plant Midwest,Line 2,Model-B,116,111,96.5
2025-03-28,2025-W13,Plant Midwest,Line 2,Model-C,113,108,95.6
2025-03-28,2025-W13,Plant Midwest,Line 3,Model-A,118,113,96.2
2025-03-28,2025-W13,Plant Midwest,Line 3,Model-B,111,105,95.1
2025-03-28,2025-W13,Plant Midwest,Line 3,Model-C,117,112,95.8
2025-03-28,2025-W13,Plant Southeast,Line 1,Model-A,117,110,94.7
2025-03-28,2025-W13,Plant Southeast,Line 1,Model-B,127,121,95.5
2025-03-28,2025-W13,Plant Southeast,Line 1,Model-C,124,120,97.5
2025-03-28,2025-W13,Plant Southeast,Line 2,Model-A,115,111,97.0
2025-03-28,2025-W13,Plant Southeast,Line 2,Model-B,110,104,95.3
2025-03-28,2025-W13,Plant Southeast,Line 2,Model-C,115,110,96.4
2025-03-28,2025-W13,Plant Southeast,Line 3,Model-A,128,123,96.6
2025-03-28,2025-W13,Plant Southeast,Line 3,Model-B,118,113,96.2
2025-03-28,2025-W13,Plant Southeast,Line 3,Model-C,129,122,95.3
2025-03-29,2025-W13,Plant Midwest,Line 1,Model-A,110,105,96.0
2025-03-29,2025-W13,Plant Midwest,Line 1,Model-B,110,105,96.2
2025-03-29,2025-W13,Plant Midwest,Line 1,Model-C,111,107,97.0
2025-03-29,2025-W13,Plant Midwest,Line 2,Model-A,110,105,96.3
2025-03-29,2025-W13,Plant Midwest,Line 2,Model-B,122,117,96.1
2025-03-29,2025-W13,Plant Midwest,Line 2,Model-C,111,106,95.6
2025-03-29,2025-W13,Plant Midwest,Line 3,Model-A,115,112,97.6
2025-03-29,2025-W13,Plant Midwest,Line 3,Model-B,127,122,96.7
2025-03-29,2025-W13,Plant Midwest,Line 3,Model-C,124,118,95.8
2025-03-29,2025-W13,Plant Southeast,Line 1,Model-A,126,120,95.8
2025-03-29,2025-W13,Plant Southeast,Line 1,Model-B,117,113,97.3
2025-03-29,2025-W13,Plant Southeast,Line 1,Model-C,115,111,96.9
2025-03-29,2025-W13,Plant Southeast,Line 2,Model-A,118,115,97.6
2025-03-29,2025-W13,Plant Southeast,Line 2,Model-B,117,112,96.5
2025-03-29,2025-W13,Plant Southeast,Line 2,Model-C,117,113,96.9
2025-03-29,2025-W13,Plant Southeast,Line 3,Model-A,124,119,96.7
2025-03-29,2025-W13,Plant Southeast,Line 3,Model-B,116,112,96.7
2025-03-29,2025-W13,Plant Southeast,Line 3,Model-C,115,112,97.8
2025-03-30,2025-W13,Plant Midwest,Line 1,Model-A,112,109,97.5
2025-03-30,2025-W13,Plant Midwest,Line 1,Model-B,121,115,95.8
2025-03-30,2025-W13,Plant Midwest,Line 1,Model-C,121,115,95.4
2025-03-30,2025-W13,Plant Midwest,Line 2,Model-A,128,122,95.8
2025-03-30,2025-W13,Plant Midwest,Line 2,Model-B,121,118,97.6
2025-03-30,2025-W13,Plant Midwest,Line 2,Model-C,114,110,96.5
2025-03-30,2025-W13,Plant Midwest,Line 3,Model-A,118,112,95.5
2025-03-30,2025-W13,Plant Midwest,Line 3,Model-B,128,123,96.2
2025-03-30,2025-W13,Plant Midwest,Line 3,Model-C,112,107,95.9
2025-03-30,2025-W13,Plant Southeast,Line 1,Model-A,124,117,95.1
2025-03-30,2025-W13,Plant Southeast,Line 1,Model-B,110,105,95.9
2025-03-30,2025-W13,Plant Southeast,Line 1,Model-C,129,124,96.5
2025-03-30,2025-W13,Plant Southeast,Line 2,Model-A,114,108,95.2
2025-03-30,2025-W13,Plant Southeast,Line 2,Model-B,129,122,95.0
2025-03-30,2025-W13,Plant Southeast,Line 2,Model-C,127,122,96.4
2025-03-30,2025-W13,Plant Southeast,Line 3,Model-A,113,109,97.0
2025-03-30,2025-W13,Plant Southeast,Line 3,Model-B,111,107,97.1
2025-03-30,2025-W13,Plant Southeast,Line 3,Model-C,111,106,96.2
2025-03-31,2025-W14,Plant Midwest,Line 1,Model-A,113,107,94.9
2025-03-31,2025-W14,Plant Midwest,Line 1,Model-B,128,122,95.7
2025-03-31,2025-W14,Plant Midwest,Line 1,Model-C,121,115,95.7
2025-03-31,2025-W14,Plant Midwest,Line 2,Model-A,124,117,94.4
2025-03-31,2025-W14,Plant Midwest,Line 2,Model-B,110,106,96.5
2025-03-31,2025-W14,Plant Midwest,Line 2,Model-C,125,119,95.7
2025-03-31,2025-W14,Plant Midwest,Line 3,Model-A,119,114,96.5
2025-03-31,2025-W14,Plant Midwest,Line 3,Model-B,122,117,96.0
2025-03-31,2025-W14,Plant Midwest,Line 3,Model-C,118,114,96.6
2025-03-31,2025-W14,Plant Southeast,Line 1,Model-A,124,118,95.9
2025-03-31,2025-W14,Plant Southeast,Line 1,Model-B,123,116,94.4
2025-03-31,2025-W14,Plant Southeast,Line 1,Model-C,111,106,96.4
2025-03-31,2025-W14,Plant Southeast,Line 2,Model-A,116,111,95.9
2025-03-31,2025-W14,Plant Southeast,Line 2,Model-B,111,105,95.3
2025-03-31,2025-W14,Plant Southeast,Line 2,Model-C,112,106,95.2
2025-03-31,2025-W14,Plant Southeast,Line 3,Model-A,117,113,97.1
2025-03-31,2025-W14,Plant Southeast,Line 3,Model-B,121,114,95.0
2025-03-31,2025-W14,Plant Southeast,Line 3,Model-C,112,107,96.0
2025-04-01,2025-W14,Plant Midwest,Line 1,Model-A,123,117,95.7
2025-04-01,2025-W14,Plant Midwest,Line 1,Model-B,121,114,94.6
2025-04-01,2025-W14,Plant Midwest,Line 1,Model-C,118,112,95.0
2025-04-01,2025-W14,Plant Midwest,Line 2,Model-A,120,115,95.9
2025-04-01,2025-W14,Plant Midwest,Line 2,Model-B,121,115,95.5
2025-04-01,2025-W14,Plant Midwest,Line 2,Model-C,129,124,96.6
2025-04-01,2025-W14,Plant Midwest,Line 3,Model-A,120,116,96.9
2025-04-01,2025-W14,Plant Midwest,Line 3,Model-B,114,110,97.2
2025-04-01,2025-W14,Plant Midwest,Line 3,Model-C,126,121,96.5
2025-04-01,2025-W14,Plant Southeast,Line 1,Model-A,124,119,96.5
2025-04-01,2025-W14,Plant Southeast,Line 1,Model-B,124,120,97.5
2025-04-01,2025-W14,Plant Southeast,Line 1,Model-C,129,126,98.0
2025-04-01,2025-W14,Plant Southeast,Line 2,Model-A,127,120,95.2
2025-04-01,2025-W14,Plant Southeast,Line 2,Model-B,114,110,96.7
2025-04-01,2025-W14,Plant Southeast,Line 2,Model-C,114,109,96.4
2025-04-01,2025-W14,Plant Southeast,Line 3,Model-A,121,115,95.5
2025-04-01,2025-W14,Plant Southeast,Line 3,Model-B,119,114,95.8
2025-04-01,2025-W14,Plant Southeast,Line 3,Model-C,120,113,94.2
2025-04-02,2025-W14,Plant Midwest,Line 1,Model-A,111,105,95.0
2025-04-02,2025-W14,Plant Midwest,Line 1,Model-B,120,115,96.6
2025-04-02,2025-W14,Plant Midwest,Line 1,Model-C,127,122,96.5
2025-04-02,2025-W14,Plant Midwest,Line 2,Model-A,122,115,94.5
2025-04-02,2025-W14,Plant Midwest,Line 2,Model-B,129,123,95.4
2025-04-02,2025-W14,Plant Midwest,Line 2,Model-C,117,113,96.7
2025-04-02,2025-W14,Plant Midwest,Line 3,Model-A,127,122,96.7
2025-04-02,2025-W14,Plant Midwest,Line 3,Model-B,115,109,95.6
2025-04-02,2025-W14,Plant Midwest,Line 3,Model-C,114,109,96.1
2025-04-02,2025-W14,Plant Southeast,Line 1,Model-A,127,122,96.2
2025-04-02,2025-W14,Plant Southeast,Line 1,Model-B,126,121,96.3
2025-04-02,2025-W14,Plant Southeast,Line 1,Model-C,126,121,96.3
2025-04-02,2025-W14,Plant Southeast,Line 2,Model-A,121,116,96.4
2025-04-02,2025-W14,Plant Southeast,Line 2,Model-B,113,108,96.0
2025-04-02,2025-W14,Plant Southeast,Line 2,Model-C,110,106,96.7
2025-04-02,2025-W14,Plant Southeast,Line 3,Model-A,123,118,96.3
2025-04-02,2025-W14,Plant Southeast,Line 3,Model-B,125,119,95.6
2025-04-02,2025-W14,Plant Southeast,Line 3,Model-C,111,107,96.4
2025-04-03,2025-W14,Plant Midwest,Line 1,Model-A,127,120,94.9
2025-04-03,2025-W14,Plant Midwest,Line 1,Model-B,110,106,96.9
2025-04-03,2025-W14,Plant Midwest,Line 1,Model-C,118,113,96.0
2025-04-03,2025-W14,Plant Midwest,Line 2,Model-A,120,114,95.8
2025-04-03,2025-W14,Plant Midwest,Line 2,Model-B,113,109,97.2
2025-04-03,2025-W14,Plant Midwest,Line 2,Model-C,113,109,96.8
2025-04-03,2025-W14,Plant Midwest,Line 3,Model-A,115,111,96.9
2025-04-03,2025-W14,Plant Midwest,Line 3,Model-B,122,117,96.1
2025-04-03,2025-W14,Plant Midwest,Line 3,Model-C,118,114,96.8
2025-04-03,2025-W14,Plant Southeast,Line 1,Model-A,110,105,95.9
2025-04-03,2025-W14,Plant Southeast,Line 1,Model-B,116,110,95.2
2025-04-03,2025-W14,Plant Southeast,Line 1,Model-C,128,121,94.9
2025-04-03,2025-W14,Plant Southeast,Line 2,Model-A,110,105,95.7
2025-04-03,2025-W14,Plant Southeast,Line 2,Model-B,121,115,95.1
2025-04-03,2025-W14,Plant Southeast,Line 2,Model-C,115,110,96.3
2025-04-03,2025-W14,Plant Southeast,Line 3,Model-A,123,117,95.6
2025-04-03,2025-W14,Plant Southeast,Line 3,Model-B,123,117,95.6
2025-04-03,2025-W14,Plant Southeast,Line 3,Model-C,112,109,98.0
2025-04-04,2025-W14,Plant Midwest,Line 1,Model-A,117,110,94.2
2025-04-04,2025-W14,Plant Midwest,Line 1,Model-B,121,118,98.0
2025-04-04,2025-W14,Plant Midwest,Line 1,Model-C,114,110,97.4
2025-04-04,2025-W14,Plant Midwest,Line 2,Model-A,121,114,94.7
2025-04-04,2025-W14,Plant Midwest,Line 2,Model-B,113,109,97.3
2025-04-04,2025-W14,Plant Midwest,Line 2,Model-C,115,111,96.7
2025-04-04,2025-W14,Plant Midwest,Line 3,Model-A,123,118,96.0
2025-04-04,2025-W14,Plant Midwest,Line 3,Model-B,120,115,96.5
2025-04-04,2025-W14,Plant Midwest,Line 3,Model-C,128,122,95.6
2025-04-04,2025-W14,Plant Southeast,Line 1,Model-A,113,108,96.0
2025-04-04,2025-W14,Plant Southeast,Line 1,Model-B,125,122,97.8
2025-04-04,2025-W14,Plant Southeast,Line 1,Model-C,124,119,96.4
2025-04-04,2025-W14,Plant Southeast,Line 2,Model-A,112,107,95.5
2025-04-04,2025-W14,Plant Southeast,Line 2,Model-B,127,122,96.3
2025-04-04,2025-W14,Plant Southeast,Line 2,Model-C,111,106,95.7
2025-04-04,2025-W14,Plant Southeast,Line 3,Model-A,120,113,94.9
2025-04-04,2025-W14,Plant Southeast,Line 3,Model-B,116,110,95.4
2025-04-04,2025-W14,Plant Southeast,Line 3,Model-C,122,117,96.6
2025-04-05,2025-W14,Plant Midwest,Line 1,Model-A,116,112,97.0
2025-04-05,2025-W14,Plant Midwest,Line 1,Model-B,119,113,95.7
2025-04-05,2025-W14,Plant Midwest,Line 1,Model-C,113,107,95.5
2025-04-05,2025-W14,Plant Midwest,Line 2,Model-A,110,105,96.1
2025-04-05,2025-W14,Plant Midwest,Line 2,Model-B,121,116,96.3
2025-04-05,2025-W14,Plant Midwest,Line 2,Model-C,122,116,95.9
2025-04-05,2025-W14,Plant Midwest,Line 3,Model-A,118,114,96.7
2025-04-05,2025-W14,Plant Midwest,Line 3,Model-B,119,115,97.1
2025-04-05,2025-W14,Plant Midwest,Line 3,Model-C,117,112,96.5
2025-04-05,2025-W14,Plant Southeast,Line 1,Model-A,114,111,97.4
2025-04-05,2025-W14,Plant Southeast,Line 1,Model-B,113,109,96.8
2025-04-05,2025-W14,Plant Southeast,Line 1,Model-C,116,111,95.8
2025-04-05,2025-W14,Plant Southeast,Line 2,Model-A,119,115,96.7
2025-04-05,2025-W14,Plant Southeast,Line 2,Model-B,119,115,96.7
2025-04-05,2025-W14,Plant Southeast,Line 2,Model-C,110,104,95.3
2025-04-05,2025-W14,Plant Southeast,Line 3,Model-A,126,120,96.0
2025-04-05,2025-W14,Plant Southeast,Line 3,Model-B,112,107,96.1
2025-04-05,2025-W14,Plant Southeast,Line 3,Model-C,126,122,97.1
2025-04-06,2025-W14,Plant Midwest,Line 1,Model-A,125,119,95.3
2025-04-06,2025-W14,Plant Midwest,Line 1,Model-B,116,110,95.6
2025-04-06,2025-W14,Plant Midwest,Line 1,Model-C,120,114,95.8
2025-04-06,2025-W14,Plant Midwest,Line 2,Model-A,111,105,95.1
2025-04-06,2025-W14,Plant Midwest,Line 2,Model-B,112,109,97.5
2025-04-06,2025-W14,Plant Midwest,Line 2,Model-C,119,115,96.9
2025-04-06,2025-W14,Plant Midwest,Line 3,Model-A,116,112,97.0
2025-04-06,2025-W14,Plant Midwest,Line 3,Model-B,113,108,95.8
2025-04-06,2025-W14,Plant Midwest,Line 3,Model-C,115,109,94.9
2025-04-06,2025-W14,Plant Southeast,Line 1,Model-A,123,118,96.7
2025-04-06,2025-W14,Plant Southeast,Line 1,Model-B,113,108,95.7
2025-04-06,2025-W14,Plant Southeast,Line 1,Model-C,115,109,95.4
2025-04-06,2025-W14,Plant Southeast,Line 2,Model-A,118,112,95.4
2025-04-06,2025-W14,Plant Southeast,Line 2,Model-B,111,108,97.9
2025-04-06,2025-W14,Plant Southeast,Line 2,Model-C,114,109,96.4
2025-04-06,2025-W14,Plant Southeast,Line 3,Model-A,117,111,95.7
2025-04-06,2025-W14,Plant Southeast,Line 3,Model-B,115,112,97.6
2025-04-06,2025-W14,Plant Southeast,Line 3,Model-C,121,117,96.9
2025-04-07,2025-W15,Plant Midwest,Line 1,Model-A,112,106,95.0
2025-04-07,2025-W15,Plant Midwest,Line 1,Model-B,112,106,95.1
2025-04-07,2025-W15,Plant Midwest,Line 1,Model-C,111,105,94.6
2025-04-07,2025-W15,Plant Midwest,Line 2,Model-A,121,115,95.7
2025-04-07,2025-W15,Plant Midwest,Line 2,Model-B,113,108,96.3
2025-04-07,2025-W15,Plant Midwest,Line 2,Model-C,124,119,96.5
2025-04-07,2025-W15,Plant Midwest,Line 3,Model-A,125,118,95.0
2025-04-07,2025-W15,Plant Midwest,Line 3,Model-B,125,118,94.7
2025-04-07,2025-W15,Plant Midwest,Line 3,Model-C,121,117,97.3
2025-04-07,2025-W15,Plant Southeast,Line 1,Model-A,129,122,95.2
2025-04-07,2025-W15,Plant Southeast,Line 1,Model-B,112,106,95.3
2025-04-07,2025-W15,Plant Southeast,Line 1,Model-C,114,109,95.9
2025-04-07,2025-W15,Plant Southeast,Line 2,Model-A,129,124,96.3
2025-04-07,2025-W15,Plant Southeast,Line 2,Model-B,129,124,96.8
2025-04-07,2025-W15,Plant Southeast,Line 2,Model-C,115,111,96.9
2025-04-07,2025-W15,Plant Southeast,Line 3,Model-A,110,105,95.7
2025-04-07,2025-W15,Plant Southeast,Line 3,Model-B,125,119,95.2
2025-04-07,2025-W15,Plant Southeast,Line 3,Model-C,123,118,96.2
2025-04-08,2025-W15,Plant Midwest,Line 1,Model-A,113,107,95.3
2025-04-08,2025-W15,Plant Midwest,Line 1,Model-B,111,105,95.5
2025-04-08,2025-W15,Plant Midwest,Line 1,Model-C,118,111,94.7
2025-04-08,2025-W15,Plant Midwest,Line 2,Model-A,129,124,96.6
2025-04-08,2025-W15,Plant Midwest,Line 2,Model-B,113,109,96.5
2025-04-08,2025-W15,Plant Midwest,Line 2,Model-C,114,110,97.3
2025-04-08,2025-W15,Plant Midwest,Line 3,Model-A,129,124,96.3
2025-04-08,2025-W15,Plant Midwest,Line 3,Model-B,112,107,96.1
2025-04-08,2025-W15,Plant Midwest,Line 3,Model-C,119,114,96.4
2025-04-08,2025-W15,Plant Southeast,Line 1,Model-A,125,120,96.5
2025-04-08,2025-W15,Plant Southeast,Line 1,Model-B,116,111,95.8
2025-04-08,2025-W15,Plant Southeast,Line 1,Model-C,112,107,96.0
2025-04-08,2025-W15,Plant Southeast,Line 2,Model-A,111,106,95.9
2025-04-08,2025-W15,Plant Southeast,Line 2,Model-B,123,117,95.8
2025-04-08,2025-W15,Plant Southeast,Line 2,Model-C,129,124,96.8
2025-04-08,2025-W15,Plant Southeast,Line 3,Model-A,111,106,96.3
2025-04-08,2025-W15,Plant Southeast,Line 3,Model-B,110,105,96.2
2025-04-08,2025-W15,Plant Southeast,Line 3,Model-C,123,119,96.9
2025-04-09,2025-W15,Plant Midwest,Line 1,Model-A,125,119,95.7
2025-04-09,2025-W15,Plant Midwest,Line 1,Model-B,112,108,96.6
2025-04-09,2025-W15,Plant Midwest,Line 1,Model-C,112,106,95.3
2025-04-09,2025-W15,Plant Midwest,Line 2,Model-A,111,106,96.0
2025-04-09,2025-W15,Plant Midwest,Line 2,Model-B,117,113,97.0
2025-04-09,2025-W15,Plant Midwest,Line 2,Model-C,124,115,93.5
2025-04-09,2025-W15,Plant Midwest,Line 3,Model-A,113,108,96.4
2025-04-09,2025-W15,Plant Midwest,Line 3,Model-B,123,117,95.4
2025-04-09,2025-W15,Plant Midwest,Line 3,Model-C,129,123,95.4
2025-04-09,2025-W15,Plant Southeast,Line 1,Model-A,115,110,96.1
2025-04-09,2025-W15,Plant Southeast,Line 1,Model-B,120,116,97.4
2025-04-09,2025-W15,Plant Southeast,Line 1,Model-C,128,124,97.2
2025-04-09,2025-W15,Plant Southeast,Line 2,Model-A,128,121,95.1
2025-04-09,2025-W15,Plant Southeast,Line 2,Model-B,111,107,96.4
2025-04-09,2025-W15,Plant Southeast,Line 2,Model-C,120,116,96.7
2025-04-09,2025-W15,Plant Southeast,Line 3,Model-A,124,120,97.3
2025-04-09,2025-W15,Plant Southeast,Line 3,Model-B,118,112,95.2
2025-04-09,2025-W15,Plant Southeast,Line 3,Model-C,118,113,96.0
2025-04-10,2025-W15,Plant Midwest,Line 1,Model-A,123,118,96.4
2025-04-10,2025-W15,Plant Midwest,Line 1,Model-B,110,105,95.7
2025-04-10,2025-W15,Plant Midwest,Line 1,Model-C,113,107,95.2
2025-04-10,2025-W15,Plant Midwest,Line 2,Model-A,114,110,96.7
2025-04-10,2025-W15,Plant Midwest,Line 2,Model-B,116,111,95.7
2025-04-10,2025-W15,Plant Midwest,Line 2,Model-C,113,108,95.8
2025-04-10,2025-W15,Plant Midwest,Line 3,Model-A,115,109,95.4
2025-04-10,2025-W15,Plant Midwest,Line 3,Model-B,129,123,96.0
2025-04-10,2025-W15,Plant Midwest,Line 3,Model-C,112,106,95.3
2025-04-10,2025-W15,Plant Southeast,Line 1,Model-A,123,116,94.8
2025-04-10,2025-W15,Plant Southeast,Line 1,Model-B,116,112,96.9
2025-04-10,2025-W15,Plant Southeast,Line 1,Model-C,111,107,96.8
2025-04-10,2025-W15,Plant Southeast,Line 2,Model-A,115,111,96.9
2025-04-10,2025-W15,Plant Southeast,Line 2,Model-B,116,110,95.6
2025-04-10,2025-W15,Plant Southeast,Line 2,Model-C,114,108,95.4
2025-04-10,2025-W15,Plant Southeast,Line 3,Model-A,120,115,96.2
2025-04-10,2025-W15,Plant Southeast,Line 3,Model-B,129,123,95.7
2025-04-10,2025-W15,Plant Southeast,Line 3,Model-C,113,108,95.8
2025-04-11,2025-W15,Plant Midwest,Line 1,Model-A,111,107,97.1
2025-04-11,2025-W15,Plant Midwest,Line 1,Model-B,117,111,95.5
2025-04-11,2025-W15,Plant Midwest,Line 1,Model-C,112,106,95.1
2025-04-11,2025-W15,Plant Midwest,Line 2,Model-A,115,109,94.9
2025-04-11,2025-W15,Plant Midwest,Line 2,Model-B,119,114,96.4
2025-04-11,2025-W15,Plant Midwest,Line 2,Model-C,118,113,96.4
2025-04-11,2025-W15,Plant Midwest,Line 3,Model-A,126,121,96.6
2025-04-11,2025-W15,Plant Midwest,Line 3,Model-B,111,106,96.3
2025-04-11,2025-W15,Plant Midwest,Line 3,Model-C,125,120,96.7
2025-04-11,2025-W15,Plant Southeast,Line 1,Model-A,117,112,95.8
2025-04-11,2025-W15,Plant Southeast,Line 1,Model-B,120,113,94.3
2025-04-11,2025-W15,Plant Southeast,Line 1,Model-C,117,112,96.1
2025-04-11,2025-W15,Plant Southeast,Line 2,Model-A,126,120,95.7
2025-04-11,2025-W15,Plant Southeast,Line 2,Model-B,122,117,96.3
2025-04-11,2025-W15,Plant Southeast,Line 2,Model-C,128,122,95.7
2025-04-11,2025-W15,Plant Southeast,Line 3,Model-A,117,112,96.1
2025-04-11,2025-W15,Plant Southeast,Line 3,Model-B,120,116,97.1
2025-04-11,2025-W15,Plant Southeast,Line 3,Model-C,112,108,96.7
2025-04-12,2025-W15,Plant Midwest,Line 1,Model-A,126,119,95.1
2025-04-12,2025-W15,Plant Midwest,Line 1,Model-B,120,114,95.4
2025-04-12,2025-W15,Plant Midwest,Line 1,Model-C,129,124,96.7
2025-04-12,2025-W15,Plant Midwest,Line 2,Model-A,128,124,97.1
2025-04-12,2025-W15,Plant Midwest,Line 2,Model-B,120,116,97.2
2025-04-12,2025-W15,Plant Midwest,Line 2,Model-C,117,110,94.4
2025-04-12,2025-W15,Plant Midwest,Line 3,Model-A,119,115,96.7
2025-04-12,2025-W15,Plant Midwest,Line 3,Model-B,111,107,97.2
2025-04-12,2025-W15,Plant Midwest,Line 3,Model-C,124,118,95.9
2025-04-12,2025-W15,Plant Southeast,Line 1,Model-A,113,108,96.0
2025-04-12,2025-W15,Plant Southeast,Line 1,Model-B,123,119,97.0
2025-04-12,2025-W15,Plant Southeast,Line 1,Model-C,119,114,96.2
2025-04-12,2025-W15,Plant Southeast,Line 2,Model-A,113,110,97.4
2025-04-12,2025-W15,Plant Southeast,Line 2,Model-B,125,122,97.6
2025-04-12,2025-W15,Plant Southeast,Line 2,Model-C,111,106,95.9
2025-04-12,2025-W15,Plant Southeast,Line 3,Model-A,117,111,95.5
2025-04-12,2025-W15,Plant Southeast,Line 3,Model-B,127,121,95.7
2025-04-12,2025-W15,Plant Southeast,Line 3,Model-C,123,117,95.2
2025-04-13,2025-W15,Plant Midwest,Line 1,Model-A,127,121,96.0
2025-04-13,2025-W15,Plant Midwest,Line 1,Model-B,123,118,96.0
2025-04-13,2025-W15,Plant Midwest,Line 1,Model-C,126,119,95.1
2025-04-13,2025-W15,Plant Midwest,Line 2,Model-A,116,112,96.9
2025-04-13,2025-W15,Plant Midwest,Line 2,Model-B,126,121,96.4
2025-04-13,2025-W15,Plant Midwest,Line 2,Model-C,122,115,94.9
2025-04-13,2025-W15,Plant Midwest,Line 3,Model-A,117,112,96.5
2025-04-13,2025-W15,Plant Midwest,Line 3,Model-B,121,117,97.5
2025-04-13,2025-W15,Plant Midwest,Line 3,Model-C,120,116,97.1
2025-04-13,2025-W15,Plant Southeast,Line 1,Model-A,122,116,95.6
2025-04-13,2025-W15,Plant Southeast,Line 1,Model-B,127,122,96.5
2025-04-13,2025-W15,Plant Southeast,Line 1,Model-C,129,123,95.7
2025-04-13,2025-W15,Plant Southeast,Line 2,Model-A,127,122,96.2
2025-04-13,2025-W15,Plant Southeast,Line 2,Model-B,121,114,95.0
2025-04-13,2025-W15,Plant Southeast,Line 2,Model-C,122,118,97.4
2025-04-13,2025-W15,Plant Southeast,Line 3,Model-A,110,105,95.8
2025-04-13,2025-W15,Plant Southeast,Line 3,Model-B,112,108,96.7
2025-04-13,2025-W15,Plant Southeast,Line 3,Model-C,116,109,94.8
2025-04-14,2025-W16,Plant Midwest,Line 1,Model-A,121,117,97.2
2025-04-14,2025-W16,Plant Midwest,Line 1,Model-B,124,119,96.7
2025-04-14,2025-W16,Plant Midwest,Line 1,Model-C,117,112,96.0
2025-04-14,2025-W16,Plant Midwest,Line 2,Model-A,110,105,96.2
2025-04-14,2025-W16,Plant Midwest,Line 2,Model-B,121,116,96.0
2025-04-14,2025-W16,Plant Midwest,Line 2,Model-C,119,113,95.5
2025-04-14,2025-W16,Plant Midwest,Line 3,Model-A,111,107,96.4
2025-04-14,2025-W16,Plant Midwest,Line 3,Model-B,123,116,95.1
2025-04-14,2025-W16,Plant Midwest,Line 3,Model-C,116,113,97.4
2025-04-14,2025-W16,Plant Southeast,Line 1,Model-A,125,121,97.0
2025-04-14,2025-W16,Plant Southeast,Line 1,Model-B,122,118,97.5
2025-04-14,2025-W16,Plant Southeast,Line 1,Model-C,119,116,98.3
2025-04-14,2025-W16,Plant Southeast,Line 2,Model-A,121,115,95.6
2025-04-14,2025-W16,Plant Southeast,Line 2,Model-B,111,107,96.7
2025-04-14,2025-W16,Plant Southeast,Line 2,Model-C,129,123,95.5
2025-04-14,2025-W16,Plant Southeast,Line 3,Model-A,115,110,95.9
2025-04-14,2025-W16,Plant Southeast,Line 3,Model-B,128,124,97.6
2025-04-14,2025-W16,Plant Southeast,Line 3,Model-C,112,107,95.9
2025-04-15,2025-W16,Plant Midwest,Line 1,Model-A,114,109,95.9
2025-04-15,2025-W16,Plant Midwest,Line 1,Model-B,122,116,95.9
2025-04-15,2025-W16,Plant Midwest,Line 1,Model-C,129,125,97.0
2025-04-15,2025-W16,Plant Midwest,Line 2,Model-A,123,118,96.0
2025-04-15,2025-W16,Plant Midwest,Line 2,Model-B,112,107,96.3
2025-04-15,2025-W16,Plant Midwest,Line 2,Model-C,129,123,95.6
2025-04-15,2025-W16,Plant Midwest,Line 3,Model-A,113,108,96.2
2025-04-15,2025-W16,Plant Midwest,Line 3,Model-B,127,121,95.7
2025-04-15,2025-W16,Plant Midwest,Line 3,Model-C,128,123,96.8
2025-04-15,2025-W16,Plant Southeast,Line 1,Model-A,126,120,95.8
2025-04-15,2025-W16,Plant Southeast,Line 1,Model-B,123,118,96.6
2025-04-15,2025-W16,Plant Southeast,Line 1,Model-C,121,115,95.5
2025-04-15,2025-W16,Plant Southeast,Line 2,Model-A,115,111,96.6
2025-04-15,2025-W16,Plant Southeast,Line 2,Model-B,128,122,95.8
2025-04-15,2025-W16,Plant Southeast,Line 2,Model-C,125,119,95.5
2025-04-15,2025-W16,Plant Southeast,Line 3,Model-A,126,120,96.0
2025-04-15,2025-W16,Plant Southeast,Line 3,Model-B,110,105,96.1
2025-04-15,2025-W16,Plant Southeast,Line 3,Model-C,124,119,96.1
2025-04-16,2025-W16,Plant Midwest,Line 1,Model-A,120,114,95.5
2025-04-16,2025-W16,Plant Midwest,Line 1,Model-B,110,106,97.0
2025-04-16,2025-W16,Plant Midwest,Line 1,Model-C,126,121,96.1
2025-04-16,2025-W16,Plant Midwest,Line 2,Model-A,124,121,98.0
2025-04-16,2025-W16,Plant Midwest,Line 2,Model-B,124,120,97.1
2025-04-16,2025-W16,Plant Midwest,Line 2,Model-C,120,115,96.0
2025-04-16,2025-W16,Plant Midwest,Line 3,Model-A,116,113,97.7
2025-04-16,2025-W16,Plant Midwest,Line 3,Model-B,129,125,97.4
2025-04-16,2025-W16,Plant Midwest,Line 3,Model-C,119,114,96.3
2025-04-16,2025-W16,Plant Southeast,Line 1,Model-A,122,115,94.8
2025-04-16,2025-W16,Plant Southeast,Line 1,Model-B,128,124,97.0
2025-04-16,2025-W16,Plant Southeast,Line 1,Model-C,114,109,96.0
2025-04-16,2025-W16,Plant Southeast,Line 2,Model-A,129,123,96.0
2025-04-16,2025-W16,Plant Southeast,Line 2,Model-B,114,110,97.3
2025-04-16,2025-W16,Plant Southeast,Line 2,Model-C,113,108,96.2
2025-04-16,2025-W16,Plant Southeast,Line 3,Model-A,110,107,97.6
2025-04-16,2025-W16,Plant Southeast,Line 3,Model-B,113,108,95.7
2025-04-16,2025-W16,Plant Southeast,Line 3,Model-C,121,116,96.6
2025-04-17,2025-W16,Plant Midwest,Line 1,Model-A,129,124,96.5
2025-04-17,2025-W16,Plant Midwest,Line 1,Model-B,121,116,96.3
2025-04-17,2025-W16,Plant Midwest,Line 1,Model-C,119,113,95.4
2025-04-17,2025-W16,Plant Midwest,Line 2,Model-A,112,106,95.5
2025-04-17,2025-W16,Plant Midwest,Line 2,Model-B,123,117,95.5
2025-04-17,2025-W16,Plant Midwest,Line 2,Model-C,119,113,95.5
2025-04-17,2025-W16,Plant Midwest,Line 3,Model-A,122,116,95.6
2025-04-17,2025-W16,Plant Midwest,Line 3,Model-B,113,108,95.8
2025-04-17,2025-W16,Plant Midwest,Line 3,Model-C,120,115,96.3
2025-04-17,2025-W16,Plant Southeast,Line 1,Model-A,110,104,95.3
2025-04-17,2025-W16,Plant Southeast,Line 1,Model-B,116,111,96.1
2025-04-17,2025-W16,Plant Southeast,Line 1,Model-C,120,115,96.0
2025-04-17,2025-W16,Plant Southeast,Line 2,Model-A,129,125,97.1
2025-04-17,2025-W16,Plant Southeast,Line 2,Model-B,123,117,95.9
2025-04-17,2025-W16,Plant Southeast,Line 2,Model-C,114,108,95.3
2025-04-17,2025-W16,Plant Southeast,Line 3,Model-A,126,121,96.7
2025-04-17,2025-W16,Plant Southeast,Line 3,Model-B,128,123,96.4
2025-04-17,2025-W16,Plant Southeast,Line 3,Model-C,121,116,96.1
2025-04-18,2025-W16,Plant Midwest,Line 1,Model-A,118,112,95.5
2025-04-18,2025-W16,Plant Midwest,Line 1,Model-B,110,105,96.1
2025-04-18,2025-W16,Plant Midwest,Line 1,Model-C,126,122,97.0
2025-04-18,2025-W16,Plant Midwest,Line 2,Model-A,116,109,94.4
2025-04-18,2025-W16,Plant Midwest,Line 2,Model-B,126,120,95.5
2025-04-18,2025-W16,Plant Midwest,Line 2,Model-C,115,110,96.3
2025-04-18,2025-W16,Plant Midwest,Line 3,Model-A,111,105,95.2
2025-04-18,2025-W16,Plant Midwest,Line 3,Model-B,111,106,96.2
2025-04-18,2025-W16,Plant Midwest,Line 3,Model-C,125,120,96.0
2025-04-18,2025-W16,Plant Southeast,Line 1,Model-A,125,120,96.1
2025-04-18,2025-W16,Plant Southeast,Line 1,Model-B,125,121,97.5
2025-04-18,2025-W16,Plant Southeast,Line 1,Model-C,121,116,96.0
2025-04-18,2025-W16,Plant Southeast,Line 2,Model-A,124,120,97.3
2025-04-18,2025-W16,Plant Southeast,Line 2,Model-B,119,114,96.2
2025-04-18,2025-W16,Plant Southeast,Line 2,Model-C,112,107,95.7
2025-04-18,2025-W16,Plant Southeast,Line 3,Model-A,129,123,95.6
2025-04-18,2025-W16,Plant Southeast,Line 3,Model-B,113,108,96.3
2025-04-18,2025-W16,Plant Southeast,Line 3,Model-C,117,114,97.5
2025-04-19,2025-W16,Plant Midwest,Line 1,Model-A,124,118,96.0
2025-04-19,2025-W16,Plant Midwest,Line 1,Model-B,126,119,94.9
2025-04-19,2025-W16,Plant Midwest,Line 1,Model-C,111,106,96.2
2025-04-19,2025-W16,Plant Midwest,Line 2,Model-A,117,111,95.6
2025-04-19,2025-W16,Plant Midwest,Line 2,Model-B,121,116,96.1
2025-04-19,2025-W16,Plant Midwest,Line 2,Model-C,115,113,98.8
2025-04-19,2025-W16,Plant Midwest,Line 3,Model-A,116,112,97.0
2025-04-19,2025-W16,Plant Midwest,Line 3,Model-B,127,122,96.6
2025-04-19,2025-W16,Plant Midwest,Line 3,Model-C,120,115,96.3
2025-04-19,2025-W16,Plant Southeast,Line 1,Model-A,118,112,95.0
2025-04-19,2025-W16,Plant Southeast,Line 1,Model-B,113,107,95.4
2025-04-19,2025-W16,Plant Southeast,Line 1,Model-C,118,112,95.3
2025-04-19,2025-W16,Plant Southeast,Line 2,Model-A,124,116,94.0
2025-04-19,2025-W16,Plant Southeast,Line 2,Model-B,115,111,97.1
2025-04-19,2025-W16,Plant Southeast,Line 2,Model-C,121,116,96.5
2025-04-19,2025-W16,Plant Southeast,Line 3,Model-A,122,116,95.3
2025-04-19,2025-W16,Plant Southeast,Line 3,Model-B,112,110,98.2
2025-04-19,2025-W16,Plant Southeast,Line 3,Model-C,117,112,96.3
2025-04-20,2025-W16,Plant Midwest,Line 1,Model-A,114,110,96.8
2025-04-20,2025-W16,Plant Midwest,Line 1,Model-B,114,110,96.7
2025-04-20,2025-W16,Plant Midwest,Line 1,Model-C,113,107,95.5
2025-04-20,2025-W16,Plant Midwest,Line 2,Model-A,110,106,97.1
2025-04-20,2025-W16,Plant Midwest,Line 2,Model-B,122,116,95.4
2025-04-20,2025-W16,Plant Midwest,Line 2,Model-C,115,111,96.5
2025-04-20,2025-W16,Plant Midwest,Line 3,Model-A,114,110,97.1
2025-04-20,2025-W16,Plant Midwest,Line 3,Model-B,129,126,98.3
2025-04-20,2025-W16,Plant Midwest,Line 3,Model-C,111,106,95.8
2025-04-20,2025-W16,Plant Southeast,Line 1,Model-A,112,106,95.2
2025-04-20,2025-W16,Plant Southeast,Line 1,Model-B,118,113,96.3
2025-04-20,2025-W16,Plant Southeast,Line 1,Model-C,128,124,97.3
2025-04-20,2025-W16,Plant Southeast,Line 2,Model-A,121,115,95.1
2025-04-20,2025-W16,Plant Southeast,Line 2,Model-B,111,107,97.1
2025-04-20,2025-W16,Plant Southeast,Line 2,Model-C,112,107,96.3
2025-04-20,2025-W16,Plant Southeast,Line 3,Model-A,125,121,97.0
2025-04-20,2025-W16,Plant Southeast,Line 3,Model-B,110,105,95.7
2025-04-20,2025-W16,Plant Southeast,Line 3,Model-C,118,113,95.9
2025-04-21,2025-W17,Plant Midwest,Line 1,Model-A,128,124,97.5
2025-04-21,2025-W17,Plant Midwest,Line 1,Model-B,125,119,95.9
2025-04-21,2025-W17,Plant Midwest,Line 1,Model-C,126,121,96.1
2025-04-21,2025-W17,Plant Midwest,Line 2,Model-A,124,120,97.2
2025-04-21,2025-W17,Plant Midwest,Line 2,Model-B,112,107,95.9
2025-04-21,2025-W17,Plant Midwest,Line 2,Model-C,124,118,95.7
2025-04-21,2025-W17,Plant Midwest,Line 3,Model-A,116,112,96.6
2025-04-21,2025-W17,Plant Midwest,Line 3,Model-B,110,104,95.4
2025-04-21,2025-W17,Plant Midwest,Line 3,Model-C,117,113,96.9
2025-04-21,2025-W17,Plant Southeast,Line 1,Model-A,124,118,95.9
2025-04-21,2025-W17,Plant Southeast,Line 1,Model-B,115,110,95.7
2025-04-21,2025-W17,Plant Southeast,Line 1,Model-C,123,118,96.0
2025-04-21,2025-W17,Plant Southeast,Line 2,Model-A,129,124,96.8
2025-04-21,2025-W17,Plant Southeast,Line 2,Model-B,122,118,96.7
2025-04-21,2025-W17,Plant Southeast,Line 2,Model-C,124,119,96.5
2025-04-21,2025-W17,Plant Southeast,Line 3,Model-A,111,106,96.0
2025-04-21,2025-W17,Plant Southeast,Line 3,Model-B,123,119,97.1
2025-04-21,2025-W17,Plant Southeast,Line 3,Model-C,117,112,96.1
2025-04-22,2025-W17,Plant Midwest,Line 1,Model-A,112,108,97.2
2025-04-22,2025-W17,Plant Midwest,Line 1,Model-B,129,123,95.9
2025-04-22,2025-W17,Plant Midwest,Line 1,Model-C,126,120,96.0
2025-04-22,2025-W17,Plant Midwest,Line 2,Model-A,125,120,96.5
2025-04-22,2025-W17,Plant Midwest,Line 2,Model-B,128,123,96.9
2025-04-22,2025-W17,Plant Midwest,Line 2,Model-C,122,117,96.6
2025-04-22,2025-W17,Plant Midwest,Line 3,Model-A,116,112,97.0
2025-04-22,2025-W17,Plant Midwest,Line 3,Model-B,128,125,97.8
2025-04-22,2025-W17,Plant Midwest,Line 3,Model-C,124,117,95.0
2025-04-22,2025-W17,Plant Southeast,Line 1,Model-A,113,108,96.0
2025-04-22,2025-W17,Plant Southeast,Line 1,Model-B,117,110,94.8
2025-04-22,2025-W17,Plant Southeast,Line 1,Model-C,123,118,96.6
2025-04-22,2025-W17,Plant Southeast,Line 2,Model-A,120,116,96.7
2025-04-22,2025-W17,Plant Southeast,Line 2,Model-B,113,110,97.4
2025-04-22,2025-W17,Plant Southeast,Line 2,Model-C,117,112,95.9
2025-04-22,2025-W17,Plant Southeast,Line 3,Model-A,118,114,96.8
2025-04-22,2025-W17,Plant Southeast,Line 3,Model-B,125,120,96.8
2025-04-22,2025-W17,Plant Southeast,Line 3,Model-C,121,115,95.7
2025-04-23,2025-W17,Plant Midwest,Line 1,Model-A,112,108,96.9
2025-04-23,2025-W17,Plant Midwest,Line 1,Model-B,114,109,95.7
2025-04-23,2025-W17,Plant Midwest,Line 1,Model-C,125,120,96.5
2025-04-23,2025-W17,Plant Midwest,Line 2,Model-A,110,106,97.1
2025-04-23,2025-W17,Plant Midwest,Line 2,Model-B,118,113,96.4
2025-04-23,2025-W17,Plant Midwest,Line 2,Model-C,126,121,96.7
2025-04-23,2025-W17,Plant Midwest,Line 3,Model-A,111,106,96.4
2025-04-23,2025-W17,Plant Midwest,Line 3,Model-B,122,118,97.0
2025-04-23,2025-W17,Plant Midwest,Line 3,Model-C,124,118,95.3
2025-04-23,2025-W17,Plant Southeast,Line 1,Model-A,128,123,96.1
2025-04-23,2025-W17,Plant Southeast,Line 1,Model-B,129,126,97.9
2025-04-23,2025-W17,Plant Southeast,Line 1,Model-C,128,121,95.3
2025-04-23,2025-W17,Plant Southeast,Line 2,Model-A,115,112,97.5
2025-04-23,2025-W17,Plant Southeast,Line 2,Model-B,113,109,96.8
2025-04-23,2025-W17,Plant Southeast,Line 2,Model-C,116,111,95.9
2025-04-23,2025-W17,Plant Southeast,Line 3,Model-A,121,115,95.8
2025-04-23,2025-W17,Plant Southeast,Line 3,Model-B,122,117,96.0
2025-04-23,2025-W17,Plant Southeast,Line 3,Model-C,118,111,94.8
2025-04-24,2025-W17,Plant Midwest,Line 1,Model-A,110,105,95.7
2025-04-24,2025-W17,Plant Midwest,Line 1,Model-B,127,120,95.0
2025-04-24,2025-W17,Plant Midwest,Line 1,Model-C,126,121,96.3
2025-04-24,2025-W17,Plant Midwest,Line 2,Model-A,117,112,95.8
2025-04-24,2025-W17,Plant Midwest,Line 2,Model-B,128,122,96.0
2025-04-24,2025-W17,Plant Midwest,Line 2,Model-C,117,110,94.5
2025-04-24,2025-W17,Plant Midwest,Line 3,Model-A,123,116,95.0
2025-04-24,2025-W17,Plant Midwest,Line 3,Model-B,126,121,96.8
2025-04-24,2025-W17,Plant Midwest,Line 3,Model-C,122,118,97.1
2025-04-24,2025-W17,Plant Southeast,Line 1,Model-A,126,121,96.3
2025-04-24,2025-W17,Plant Southeast,Line 1,Model-B,117,113,97.1
2025-04-24,2025-W17,Plant Southeast,Line 1,Model-C,126,120,95.7
2025-04-24,2025-W17,Plant Southeast,Line 2,Model-A,119,114,96.5
2025-04-24,2025-W17,Plant Southeast,Line 2,Model-B,118,113,96.1
2025-04-24,2025-W17,Plant Southeast,Line 2,Model-C,114,110,96.9
2025-04-24,2025-W17,Plant Southeast,Line 3,Model-A,128,122,95.7
2025-04-24,2025-W17,Plant Southeast,Line 3,Model-B,116,111,95.9
2025-04-24,2025-W17,Plant Southeast,Line 3,Model-C,120,115,96.3
2025-04-25,2025-W17,Plant Midwest,Line 1,Model-A,123,117,95.6
2025-04-25,2025-W17,Plant Midwest,Line 1,Model-B,121,114,95.0
2025-04-25,2025-W17,Plant Midwest,Line 1,Model-C,128,123,96.9
2025-04-25,2025-W17,Plant Midwest,Line 2,Model-A,122,117,96.1
2025-04-25,2025-W17,Plant Midwest,Line 2,Model-B,121,115,95.2
2025-04-25,2025-W17,Plant Midwest,Line 2,Model-C,116,112,97.0
2025-04-25,2025-W17,Plant Midwest,Line 3,Model-A,114,109,96.3
2025-04-25,2025-W17,Plant Midwest,Line 3,Model-B,127,121,95.7
2025-04-25,2025-W17,Plant Midwest,Line 3,Model-C,127,121,96.0
2025-04-25,2025-W17,Plant Southeast,Line 1,Model-A,113,107,95.5
2025-04-25,2025-W17,Plant Southeast,Line 1,Model-B,127,122,96.4
2025-04-25,2025-W17,Plant Southeast,Line 1,Model-C,117,111,95.5
2025-04-25,2025-W17,Plant Southeast,Line 2,Model-A,129,123,96.0
2025-04-25,2025-W17,Plant Southeast,Line 2,Model-B,128,124,96.9
2025-04-25,2025-W17,Plant Southeast,Line 2,Model-C,124,118,95.8
2025-04-25,2025-W17,Plant Southeast,Line 3,Model-A,118,114,97.4
2025-04-25,2025-W17,Plant Southeast,Line 3,Model-B,119,115,97.1
2025-04-25,2025-W17,Plant Southeast,Line 3,Model-C,119,112,94.8
2025-04-26,2025-W17,Plant Midwest,Line 1,Model-A,123,119,96.8
2025-04-26,2025-W17,Plant Midwest,Line 1,Model-B,116,111,96.4
2025-04-26,2025-W17,Plant Midwest,Line 1,Model-C,112,107,95.7
2025-04-26,2025-W17,Plant Midwest,Line 2,Model-A,111,107,96.5
2025-04-26,2025-W17,Plant Midwest,Line 2,Model-B,115,111,96.6
2025-04-26,2025-W17,Plant Midwest,Line 2,Model-C,121,117,96.9
2025-04-26,2025-W17,Plant Midwest,Line 3,Model-A,112,106,95.5
2025-04-26,2025-W17,Plant Midwest,Line 3,Model-B,124,119,96.1
2025-04-26,2025-W17,Plant Midwest,Line 3,Model-C,114,109,96.3
2025-04-26,2025-W17,Plant Southeast,Line 1,Model-A,115,109,95.4
2025-04-26,2025-W17,Plant Southeast,Line 1,Model-B,120,117,97.7
2025-04-26,2025-W17,Plant Southeast,Line 1,Model-C,118,112,95.6
2025-04-26,2025-W17,Plant Southeast,Line 2,Model-A,115,110,96.0
2025-04-26,2025-W17,Plant Southeast,Line 2,Model-B,111,108,97.3
2025-04-26,2025-W17,Plant Southeast,Line 2,Model-C,112,109,98.0
2025-04-26,2025-W17,Plant Southeast,Line 3,Model-A,118,112,95.1
2025-04-26,2025-W17,Plant Southeast,Line 3,Model-B,117,112,96.0
2025-04-26,2025-W17,Plant Southeast,Line 3,Model-C,110,105,96.1
2025-04-27,2025-W17,Plant Midwest,Line 1,Model-A,116,110,95.2
2025-04-27,2025-W17,Plant Midwest,Line 1,Model-B,116,111,96.2
2025-04-27,2025-W17,Plant Midwest,Line 1,Model-C,113,108,96.1
2025-04-27,2025-W17,Plant Midwest,Line 2,Model-A,119,114,96.5
2025-04-27,2025-W17,Plant Midwest,Line 2,Model-B,127,120,95.1
2025-04-27,2025-W17,Plant Midwest,Line 2,Model-C,120,116,97.2
2025-04-27,2025-W17,Plant Midwest,Line 3,Model-A,126,122,97.2
2025-04-27,2025-W17,Plant Midwest,Line 3,Model-B,121,116,96.3
2025-04-27,2025-W17,Plant Midwest,Line 3,Model-C,115,112,97.7
2025-04-27,2025-W17,Plant Southeast,Line 1,Model-A,122,116,95.8
2025-04-27,2025-W17,Plant Southeast,Line 1,Model-B,127,121,95.8
2025-04-27,2025-W17,Plant Southeast,Line 1,Model-C,112,107,96.2
2025-04-27,2025-W17,Plant Southeast,Line 2,Model-A,120,113,94.8
2025-04-27,2025-W17,Plant Southeast,Line 2,Model-B,115,109,95.0
2025-04-27,2025-W17,Plant Southeast,Line 2,Model-C,124,118,95.3
2025-04-27,2025-W17,Plant Southeast,Line 3,Model-A,114,109,96.2
2025-04-27,2025-W17,Plant Southeast,Line 3,Model-B,119,114,95.8
2025-04-27,2025-W17,Plant Southeast,Line 3,Model-C,115,108,94.4
2025-04-28,2025-W18,Plant Midwest,Line 1,Model-A,113,108,96.2
2025-04-28,2025-W18,Plant Midwest,Line 1,Model-B,122,117,96.3
2025-04-28,2025-W18,Plant Midwest,Line 1,Model-C,124,119,96.2
2025-04-28,2025-W18,Plant Midwest,Line 2,Model-A,122,117,96.5
2025-04-28,2025-W18,Plant Midwest,Line 2,Model-B,111,106,95.8
2025-04-28,2025-W18,Plant Midwest,Line 2,Model-C,128,122,95.7
2025-04-28,2025-W18,Plant Midwest,Line 3,Model-A,112,106,95.3
2025-04-28,2025-W18,Plant Midwest,Line 3,Model-B,128,122,95.5
2025-04-28,2025-W18,Plant Midwest,Line 3,Model-C,126,123,97.8
2025-04-28,2025-W18,Plant Southeast,Line 1,Model-A,121,116,96.3
2025-04-28,2025-W18,Plant Southeast,Line 1,Model-B,120,113,94.6
2025-04-28,2025-W18,Plant Southeast,Line 1,Model-C,112,108,96.8
2025-04-28,2025-W18,Plant Southeast,Line 2,Model-A,122,117,96.0
2025-04-28,2025-W18,Plant Southeast,Line 2,Model-B,128,125,98.1
2025-04-28,2025-W18,Plant Southeast,Line 2,Model-C,126,120,95.5
2025-04-28,2025-W18,Plant Southeast,Line 3,Model-A,128,124,97.0
2025-04-28,2025-W18,Plant Southeast,Line 3,Model-B,114,109,95.6
2025-04-28,2025-W18,Plant Southeast,Line 3,Model-C,114,110,96.6
2025-04-29,2025-W18,Plant Midwest,Line 1,Model-A,126,121,96.6
2025-04-29,2025-W18,Plant Midwest,Line 1,Model-B,111,107,96.4
2025-04-29,2025-W18,Plant Midwest,Line 1,Model-C,120,114,95.7
2025-04-29,2025-W18,Plant Midwest,Line 2,Model-A,120,113,94.5
2025-04-29,2025-W18,Plant Midwest,Line 2,Model-B,116,111,96.4
2025-04-29,2025-W18,Plant Midwest,Line 2,Model-C,129,123,95.9
2025-04-29,2025-W18,Plant Midwest,Line 3,Model-A,118,113,96.1
2025-04-29,2025-W18,Plant Midwest,Line 3,Model-B,125,119,95.3
2025-04-29,2025-W18,Plant Midwest,Line 3,Model-C,121,117,97.1
2025-04-29,2025-W18,Plant Southeast,Line 1,Model-A,113,108,96.2
2025-04-29,2025-W18,Plant Southeast,Line 1,Model-B,115,113,98.3
2025-04-29,2025-W18,Plant Southeast,Line 1,Model-C,124,120,97.0
2025-04-29,2025-W18,Plant Southeast,Line 2,Model-A,120,115,96.0
2025-04-29,2025-W18,Plant Southeast,Line 2,Model-B,126,121,96.7
2025-04-29,2025-W18,Plant Southeast,Line 2,Model-C,128,123,96.1
2025-04-29,2025-W18,Plant Southeast,Line 3,Model-A,128,124,97.0
2025-04-29,2025-W18,Plant Southeast,Line 3,Model-B,124,119,96.5
2025-04-29,2025-W18,Plant Southeast,Line 3,Model-C,122,118,97.4
2025-04-30,2025-W18,Plant Midwest,Line 1,Model-A,112,107,96.0
2025-04-30,2025-W18,Plant Midwest,Line 1,Model-B,129,123,96.1
2025-04-30,2025-W18,Plant Midwest,Line 1,Model-C,122,118,97.1
2025-04-30,2025-W18,Plant Midwest,Line 2,Model-A,117,112,96.0
2025-04-30,2025-W18,Plant Midwest,Line 2,Model-B,128,122,95.3
2025-04-30,2025-W18,Plant Midwest,Line 2,Model-C,114,108,95.5
2025-04-30,2025-W18,Plant Midwest,Line 3,Model-A,122,118,96.9
2025-04-30,2025-W18,Plant Midwest,Line 3,Model-B,120,116,96.8
2025-04-30,2025-W18,Plant Midwest,Line 3,Model-C,112,107,95.6
2025-04-30,2025-W18,Plant Southeast,Line 1,Model-A,125,120,96.5
2025-04-30,2025-W18,Plant Southeast,Line 1,Model-B,121,115,95.7
2025-04-30,2025-W18,Plant Southeast,Line 1,Model-C,124,120,96.9
2025-04-30,2025-W18,Plant Southeast,Line 2,Model-A,112,107,95.8
2025-04-30,2025-W18,Plant Southeast,Line 2,Model-B,116,112,96.9
2025-04-30,2025-W18,Plant Southeast,Line 2,Model-C,112,108,96.8
2025-04-30,2025-W18,Plant Southeast,Line 3,Model-A,110,106,96.6
2025-04-30,2025-W18,Plant Southeast,Line 3,Model-B,124,119,96.5
2025-04-30,2025-W18,Plant Southeast,Line 3,Model-C,114,109,95.7
2025-05-01,2025-W18,Plant Midwest,Line 1,Model-A,118,114,96.7
2025-05-01,2025-W18,Plant Midwest,Line 1,Model-B,111,107,96.6
2025-05-01,2025-W18,Plant Midwest,Line 1,Model-C,117,113,97.4
2025-05-01,2025-W18,Plant Midwest,Line 2,Model-A,123,117,95.6
2025-05-01,2025-W18,Plant Midwest,Line 2,Model-B,113,108,95.7
2025-05-01,2025-W18,Plant Midwest,Line 2,Model-C,112,107,96.1
2025-05-01,2025-W18,Plant Midwest,Line 3,Model-A,117,112,96.3
2025-05-01,2025-W18,Plant Midwest,Line 3,Model-B,122,117,96.1
2025-05-01,2025-W18,Plant Midwest,Line 3,Model-C,111,107,96.5
2025-05-01,2025-W18,Plant Southeast,Line 1,Model-A,126,122,96.8
2025-05-01,2025-W18,Plant Southeast,Line 1,Model-B,111,107,96.7
2025-05-01,2025-W18,Plant Southeast,Line 1,Model-C,111,107,97.0
2025-05-01,2025-W18,Plant Southeast,Line 2,Model-A,111,107,97.0
2025-05-01,2025-W18,Plant Southeast,Line 2,Model-B,111,107,97.2
2025-05-01,2025-W18,Plant Southeast,Line 2,Model-C,116,110,94.9
2025-05-01,2025-W18,Plant Southeast,Line 3,Model-A,116,110,95.6
2025-05-01,2025-W18,Plant Southeast,Line 3,Model-B,116,112,96.7
2025-05-01,2025-W18,Plant Southeast,Line 3,Model-C,122,116,95.2
2025-05-02,2025-W18,Plant Midwest,Line 1,Model-A,128,124,97.3
2025-05-02,2025-W18,Plant Midwest,Line 1,Model-B,126,119,95.2
2025-05-02,2025-W18,Plant Midwest,Line 1,Model-C,119,116,97.6
2025-05-02,2025-W18,Plant Midwest,Line 2,Model-A,129,125,97.2
2025-05-02,2025-W18,Plant Midwest,Line 2,Model-B,129,122,95.3
2025-05-02,2025-W18,Plant Midwest,Line 2,Model-C,123,119,96.8
2025-05-02,2025-W18,Plant Midwest,Line 3,Model-A,129,122,95.3
2025-05-02,2025-W18,Plant Midwest,Line 3,Model-B,113,107,95.4
2025-05-02,2025-W18,Plant Midwest,Line 3,Model-C,122,117,96.4
2025-05-02,2025-W18,Plant Southeast,Line 1,Model-A,121,116,96.5
2025-05-02,2025-W18,Plant Southeast,Line 1,Model-B,123,117,95.4
2025-05-02,2025-W18,Plant Southeast,Line 1,Model-C,126,122,96.9
2025-05-02,2025-W18,Plant Southeast,Line 2,Model-A,124,119,96.8
2025-05-02,2025-W18,Plant Southeast,Line 2,Model-B,115,111,96.9
2025-05-02,2025-W18,Plant Southeast,Line 2,Model-C,126,120,95.5
2025-05-02,2025-W18,Plant Southeast,Line 3,Model-A,120,116,97.1
2025-05-02,2025-W18,Plant Southeast,Line 3,Model-B,110,105,96.3
2025-05-02,2025-W18,Plant Southeast,Line 3,Model-C,111,105,95.4
2025-05-03,2025-W18,Plant Midwest,Line 1,Model-A,121,117,96.9
2025-05-03,2025-W18,Plant Midwest,Line 1,Model-B,128,123,96.3
2025-05-03,2025-W18,Plant Midwest,Line 1,Model-C,122,115,94.7
2025-05-03,2025-W18,Plant Midwest,Line 2,Model-A,121,115,95.2
2025-05-03,2025-W18,Plant Midwest,Line 2,Model-B,128,123,96.4
2025-05-03,2025-W18,Plant Midwest,Line 2,Model-C,110,105,95.7
2025-05-03,2025-W18,Plant Midwest,Line 3,Model-A,119,114,95.9
2025-05-03,2025-W18,Plant Midwest,Line 3,Model-B,120,114,95.7
2025-05-03,2025-W18,Plant Midwest,Line 3,Model-C,122,116,95.7
2025-05-03,2025-W18,Plant Southeast,Line 1,Model-A,120,114,95.5
2025-05-03,2025-W18,Plant Southeast,Line 1,Model-B,126,121,96.5
2025-05-03,2025-W18,Plant Southeast,Line 1,Model-C,118,113,96.3
2025-05-03,2025-W18,Plant Southeast,Line 2,Model-A,129,124,96.7
2025-05-03,2025-W18,Plant Southeast,Line 2,Model-B,119,115,97.2
2025-05-03,2025-W18,Plant Southeast,Line 2,Model-C,126,121,96.5
2025-05-03,2025-W18,Plant Southeast,Line 3,Model-A,118,113,96.1
2025-05-03,2025-W18,Plant Southeast,Line 3,Model-B,112,106,95.0
2025-05-03,2025-W18,Plant Southeast,Line 3,Model-C,123,118,96.0
2025-05-04,2025-W18,Plant Midwest,Line 1,Model-A,112,107,95.8
2025-05-04,2025-W18,Plant Midwest,Line 1,Model-B,118,113,96.1
2025-05-04,2025-W18,Plant Midwest,Line 1,Model-C,122,118,97.2
2025-05-04,2025-W18,Plant Midwest,Line 2,Model-A,111,106,95.9
2025-05-04,2025-W18,Plant Midwest,Line 2,Model-B,125,121,96.9
2025-05-04,2025-W18,Plant Midwest,Line 2,Model-C,110,105,95.9
2025-05-04,2025-W18,Plant Midwest,Line 3,Model-A,113,109,97.0
2025-05-04,2025-W18,Plant Midwest,Line 3,Model-B,111,108,97.5
2025-05-04,2025-W18,Plant Midwest,Line 3,Model-C,118,113,96.5
2025-05-04,2025-W18,Plant Southeast,Line 1,Model-A,127,121,95.5
2025-05-04,2025-W18,Plant Southeast,Line 1,Model-B,112,108,97.1
2025-05-04,2025-W18,Plant Southeast,Line 1,Model-C,117,111,95.1
2025-05-04,2025-W18,Plant Southeast,Line 2,Model-A,110,105,95.9
2025-05-04,2025-W18,Plant Southeast,Line 2,Model-B,112,108,96.7
2025-05-04,2025-W18,Plant Southeast,Line 2,Model-C,122,115,94.8
2025-05-04,2025-W18,Plant Southeast,Line 3,Model-A,119,114,96.3
2025-05-04,2025-W18,Plant Southeast,Line 3,Model-B,123,118,96.4
2025-05-04,2025-W18,Plant Southeast,Line 3,Model-C,111,106,96.1
2025-05-05,2025-W19,Plant Midwest,Line 1,Model-A,126,120,96.0
2025-05-05,2025-W19,Plant Midwest,Line 1,Model-B,112,106,95.4
2025-05-05,2025-W19,Plant Midwest,Line 1,Model-C,124,119,96.7
2025-05-05,2025-W19,Plant Midwest,Line 2,Model-A,129,123,96.0
2025-05-05,2025-W19,Plant Midwest,Line 2,Model-B,120,116,97.3
2025-05-05,2025-W19,Plant Midwest,Line 2,Model-C,125,119,95.8
2025-05-05,2025-W19,Plant Midwest,Line 3,Model-A,124,118,95.8
2025-05-05,2025-W19,Plant Midwest,Line 3,Model-B,121,116,95.9
2025-05-05,2025-W19,Plant Midwest,Line 3,Model-C,119,115,96.7
2025-05-05,2025-W19,Plant Southeast,Line 1,Model-A,111,107,96.7
2025-05-05,2025-W19,Plant Southeast,Line 1,Model-B,114,110,97.0
2025-05-05,2025-W19,Plant Southeast,Line 1,Model-C,116,110,95.6
2025-05-05,2025-W19,Plant Southeast,Line 2,Model-A,129,125,97.0
2025-05-05,2025-W19,Plant Southeast,Line 2,Model-B,125,122,97.7
2025-05-05,2025-W19,Plant Southeast,Line 2,Model-C,120,116,96.7
2025-05-05,2025-W19,Plant Southeast,Line 3,Model-A,113,110,97.8
2025-05-05,2025-W19,Plant Southeast,Line 3,Model-B,124,119,96.6
2025-05-05,2025-W19,Plant Southeast,Line 3,Model-C,117,114,97.8
2025-05-06,2025-W19,Plant Midwest,Line 1,Model-A,110,104,95.0
2025-05-06,2025-W19,Plant Midwest,Line 1,Model-B,122,118,96.8
2025-05-06,2025-W19,Plant Midwest,Line 1,Model-C,113,108,96.4
2025-05-06,2025-W19,Plant Midwest,Line 2,Model-A,111,107,96.7
2025-05-06,2025-W19,Plant Midwest,Line 2,Model-B,111,108,97.5
2025-05-06,2025-W19,Plant Midwest,Line 2,Model-C,121,116,96.1
2025-05-06,2025-W19,Plant Midwest,Line 3,Model-A,113,109,96.6
2025-05-06,2025-W19,Plant Midwest,Line 3,Model-B,118,113,96.2
2025-05-06,2025-W19,Plant Midwest,Line 3,Model-C,126,120,95.7
2025-05-06,2025-W19,Plant Southeast,Line 1,Model-A,119,113,95.7
2025-05-06,2025-W19,Plant Southeast,Line 1,Model-B,119,113,95.3
2025-05-06,2025-W19,Plant Southeast,Line 1,Model-C,122,116,95.4
2025-05-06,2025-W19,Plant Southeast,Line 2,Model-A,117,111,95.2
2025-05-06,2025-W19,Plant Southeast,Line 2,Model-B,120,116,97.5
2025-05-06,2025-W19,Plant Southeast,Line 2,Model-C,120,116,97.2
2025-05-06,2025-W19,Plant Southeast,Line 3,Model-A,124,118,95.5
2025-05-06,2025-W19,Plant Southeast,Line 3,Model-B,118,114,97.1
2025-05-06,2025-W19,Plant Southeast,Line 3,Model-C,127,123,97.1
2025-05-07,2025-W19,Plant Midwest,Line 1,Model-A,114,108,94.9
2025-05-07,2025-W19,Plant Midwest,Line 1,Model-B,110,105,96.2
2025-05-07,2025-W19,Plant Midwest,Line 1,Model-C,127,123,97.0
2025-05-07,2025-W19,Plant Midwest,Line 2,Model-A,123,117,95.6
2025-05-07,2025-W19,Plant Midwest,Line 2,Model-B,114,110,96.7
2025-05-07,2025-W19,Plant Midwest,Line 2,Model-C,127,122,96.3
2025-05-07,2025-W19,Plant Midwest,Line 3,Model-A,123,116,94.4
2025-05-07,2025-W19,Plant Midwest,Line 3,Model-B,112,109,97.4
2025-05-07,2025-W19,Plant Midwest,Line 3,Model-C,115,109,95.1
2025-05-07,2025-W19,Plant Southeast,Line 1,Model-A,120,115,96.0
2025-05-07,2025-W19,Plant Southeast,Line 1,Model-B,121,116,96.6
2025-05-07,2025-W19,Plant Southeast,Line 1,Model-C,121,116,96.5
2025-05-07,2025-W19,Plant Southeast,Line 2,Model-A,115,110,96.4
2025-05-07,2025-W19,Plant Southeast,Line 2,Model-B,125,119,95.5
2025-05-07,2025-W19,Plant Southeast,Line 2,Model-C,121,115,95.9
2025-05-07,2025-W19,Plant Southeast,Line 3,Model-A,128,121,94.9
2025-05-07,2025-W19,Plant Southeast,Line 3,Model-B,115,110,96.3
2025-05-07,2025-W19,Plant Southeast,Line 3,Model-C,113,108,96.2
2025-05-08,2025-W19,Plant Midwest,Line 1,Model-A,121,116,96.5
2025-05-08,2025-W19,Plant Midwest,Line 1,Model-B,117,112,96.2
2025-05-08,2025-W19,Plant Midwest,Line 1,Model-C,122,117,96.5
2025-05-08,2025-W19,Plant Midwest,Line 2,Model-A,113,109,96.6
2025-05-08,2025-W19,Plant Midwest,Line 2,Model-B,124,119,96.0
2025-05-08,2025-W19,Plant Midwest,Line 2,Model-C,126,119,95.0
2025-05-08,2025-W19,Plant Midwest,Line 3,Model-A,129,125,97.4
2025-05-08,2025-W19,Plant Midwest,Line 3,Model-B,121,116,96.5
2025-05-08,2025-W19,Plant Midwest,Line 3,Model-C,118,113,96.6
2025-05-08,2025-W19,Plant Southeast,Line 1,Model-A,119,114,96.6
2025-05-08,2025-W19,Plant Southeast,Line 1,Model-B,120,115,96.2
2025-05-08,2025-W19,Plant Southeast,Line 1,Model-C,125,118,95.1
2025-05-08,2025-W19,Plant Southeast,Line 2,Model-A,114,109,95.8
2025-05-08,2025-W19,Plant Southeast,Line 2,Model-B,121,114,95.0
2025-05-08,2025-W19,Plant Southeast,Line 2,Model-C,122,117,96.2
2025-05-08,2025-W19,Plant Southeast,Line 3,Model-A,116,112,96.7
2025-05-08,2025-W19,Plant Southeast,Line 3,Model-B,126,120,95.6
2025-05-08,2025-W19,Plant Southeast,Line 3,Model-C,112,107,96.4
2025-05-09,2025-W19,Plant Midwest,Line 1,Model-A,112,107,96.3
2025-05-09,2025-W19,Plant Midwest,Line 1,Model-B,123,118,96.7
2025-05-09,2025-W19,Plant Midwest,Line 1,Model-C,126,120,95.7
2025-05-09,2025-W19,Plant Midwest,Line 2,Model-A,129,124,96.8
2025-05-09,2025-W19,Plant Midwest,Line 2,Model-B,127,120,95.2
2025-05-09,2025-W19,Plant Midwest,Line 2,Model-C,122,118,96.8
2025-05-09,2025-W19,Plant Midwest,Line 3,Model-A,129,124,96.2
2025-05-09,2025-W19,Plant Midwest,Line 3,Model-B,120,114,95.4
2025-05-09,2025-W19,Plant Midwest,Line 3,Model-C,118,113,96.4
2025-05-09,2025-W19,Plant Southeast,Line 1,Model-A,122,117,96.0
2025-05-09,2025-W19,Plant Southeast,Line 1,Model-B,118,113,96.3
2025-05-09,2025-W19,Plant Southeast,Line 1,Model-C,120,116,96.7
2025-05-09,2025-W19,Plant Southeast,Line 2,Model-A,128,121,94.7
2025-05-09,2025-W19,Plant Southeast,Line 2,Model-B,128,122,95.6
2025-05-09,2025-W19,Plant Southeast,Line 2,Model-C,128,122,96.0
2025-05-09,2025-W19,Plant Southeast,Line 3,Model-A,116,110,95.3
2025-05-09,2025-W19,Plant Southeast,Line 3,Model-B,117,113,97.3
2025-05-09,2025-W19,Plant Southeast,Line 3,Model-C,119,113,95.8
2025-05-10,2025-W19,Plant Midwest,Line 1,Model-A,129,122,95.0
2025-05-10,2025-W19,Plant Midwest,Line 1,Model-B,117,112,96.2
2025-05-10,2025-W19,Plant Midwest,Line 1,Model-C,118,114,96.8
2025-05-10,2025-W19,Plant Midwest,Line 2,Model-A,123,116,94.9
2025-05-10,2025-W19,Plant Midwest,Line 2,Model-B,123,118,96.2
2025-05-10,2025-W19,Plant Midwest,Line 2,Model-C,112,108,96.8
2025-05-10,2025-W19,Plant Midwest,Line 3,Model-A,124,119,96.5
2025-05-10,2025-W19,Plant Midwest,Line 3,Model-B,113,109,96.5
2025-05-10,2025-W19,Plant Midwest,Line 3,Model-C,111,106,95.7
2025-05-10,2025-W19,Plant Southeast,Line 1,Model-A,113,109,97.2
2025-05-10,2025-W19,Plant Southeast,Line 1,Model-B,112,105,93.9
2025-05-10,2025-W19,Plant Southeast,Line 1,Model-C,129,125,97.2
2025-05-10,2025-W19,Plant Southeast,Line 2,Model-A,122,118,96.8
2025-05-10,2025-W19,Plant Southeast,Line 2,Model-B,114,107,94.2
2025-05-10,2025-W19,Plant Southeast,Line 2,Model-C,119,113,95.7
2025-05-10,2025-W19,Plant Southeast,Line 3,Model-A,129,123,95.7
2025-05-10,2025-W19,Plant Southeast,Line 3,Model-B,112,107,95.7
2025-05-10,2025-W19,Plant Southeast,Line 3,Model-C,128,122,95.4
2025-05-11,2025-W19,Plant Midwest,Line 1,Model-A,113,109,96.7
2025-05-11,2025-W19,Plant Midwest,Line 1,Model-B,127,122,96.6
2025-05-11,2025-W19,Plant Midwest,Line 1,Model-C,114,110,96.9
2025-05-11,2025-W19,Plant Midwest,Line 2,Model-A,123,118,96.7
2025-05-11,2025-W19,Plant Midwest,Line 2,Model-B,125,121,97.4
2025-05-11,2025-W19,Plant Midwest,Line 2,Model-C,126,119,94.8
2025-05-11,2025-W19,Plant Midwest,Line 3,Model-A,125,120,96.3
2025-05-11,2025-W19,Plant Midwest,Line 3,Model-B,119,113,95.6
2025-05-11,2025-W19,Plant Midwest,Line 3,Model-C,111,107,96.5
2025-05-11,2025-W19,Plant Southeast,Line 1,Model-A,120,116,97.3
2025-05-11,2025-W19,Plant Southeast,Line 1,Model-B,119,112,94.4
2025-05-11,2025-W19,Plant Southeast,Line 1,Model-C,125,119,96.0
2025-05-11,2025-W19,Plant Southeast,Line 2,Model-A,129,123,95.5
2025-05-11,2025-W19,Plant Southeast,Line 2,Model-B,114,109,96.5
2025-05-11,2025-W19,Plant Southeast,Line 2,Model-C,115,111,96.8
2025-05-11,2025-W19,Plant Southeast,Line 3,Model-A,128,124,97.0
2025-05-11,2025-W19,Plant Southeast,Line 3,Model-B,113,108,96.2
2025-05-11,2025-W19,Plant Southeast,Line 3,Model-C,111,107,96.6
2025-05-12,2025-W20,Plant Midwest,Line 1,Model-A,117,112,96.0
2025-05-12,2025-W20,Plant Midwest,Line 1,Model-B,116,111,96.4
2025-05-12,2025-W20,Plant Midwest,Line 1,Model-C,126,120,95.9
2025-05-12,2025-W20,Plant Midwest,Line 2,Model-A,129,123,95.8
2025-05-12,2025-W20,Plant Midwest,Line 2,Model-B,129,124,96.8
2025-05-12,2025-W20,Plant Midwest,Line 2,Model-C,122,118,97.1
2025-05-12,2025-W20,Plant Midwest,Line 3,Model-A,110,105,96.1
2025-05-12,2025-W20,Plant Midwest,Line 3,Model-B,113,106,94.6
2025-05-12,2025-W20,Plant Midwest,Line 3,Model-C,113,108,96.0
2025-05-12,2025-W20,Plant Southeast,Line 1,Model-A,129,124,96.1
2025-05-12,2025-W20,Plant Southeast,Line 1,Model-B,112,107,96.2
2025-05-12,2025-W20,Plant Southeast,Line 1,Model-C,113,109,96.6
2025-05-12,2025-W20,Plant Southeast,Line 2,Model-A,128,123,96.4
2025-05-12,2025-W20,Plant Southeast,Line 2,Model-B,117,114,97.7
2025-05-12,2025-W20,Plant Southeast,Line 2,Model-C,128,121,94.8
2025-05-12,2025-W20,Plant Southeast,Line 3,Model-A,125,119,95.7
2025-05-12,2025-W20,Plant Southeast,Line 3,Model-B,115,111,96.5
2025-05-12,2025-W20,Plant Southeast,Line 3,Model-C,129,123,96.0
2025-05-13,2025-W20,Plant Midwest,Line 1,Model-A,113,107,95.0
2025-05-13,2025-W20,Plant Midwest,Line 1,Model-B,128,124,97.0
2025-05-13,2025-W20,Plant Midwest,Line 1,Model-C,114,109,96.0
2025-05-13,2025-W20,Plant Midwest,Line 2,Model-A,112,107,95.8
2025-05-13,2025-W20,Plant Midwest,Line 2,Model-B,127,122,96.3
2025-05-13,2025-W20,Plant Midwest,Line 2,Model-C,120,114,95.7
2025-05-13,2025-W20,Plant Midwest,Line 3,Model-A,114,110,97.2
2025-05-13,2025-W20,Plant Midwest,Line 3,Model-B,110,104,95.0
2025-05-13,2025-W20,Plant Midwest,Line 3,Model-C,114,109,95.7
2025-05-13,2025-W20,Plant Southeast,Line 1,Model-A,110,107,97.4
2025-05-13,2025-W20,Plant Southeast,Line 1,Model-B,127,124,97.7
2025-05-13,2025-W20,Plant Southeast,Line 1,Model-C,114,109,95.7
2025-05-13,2025-W20,Plant Southeast,Line 2,Model-A,111,106,95.8
2025-05-13,2025-W20,Plant Southeast,Line 2,Model-B,110,104,95.2
2025-05-13,2025-W20,Plant Southeast,Line 2,Model-C,122,118,96.8
2025-05-13,2025-W20,Plant Southeast,Line 3,Model-A,123,119,96.9
2025-05-13,2025-W20,Plant Southeast,Line 3,Model-B,128,123,96.6
2025-05-13,2025-W20,Plant Southeast,Line 3,Model-C,129,125,97.3
2025-05-14,2025-W20,Plant Midwest,Line 1,Model-A,127,122,96.2
2025-05-14,2025-W20,Plant Midwest,Line 1,Model-B,119,114,96.0
2025-05-14,2025-W20,Plant Midwest,Line 1,Model-C,126,121,96.3
2025-05-14,2025-W20,Plant Midwest,Line 2,Model-A,118,112,95.4
2025-05-14,2025-W20,Plant Midwest,Line 2,Model-B,114,109,96.5
2025-05-14,2025-W20,Plant Midwest,Line 2,Model-C,126,119,95.2
2025-05-14,2025-W20,Plant Midwest,Line 3,Model-A,126,119,95.0
2025-05-14,2025-W20,Plant Midwest,Line 3,Model-B,119,113,95.7
2025-05-14,2025-W20,Plant Midwest,Line 3,Model-C,111,105,94.8
2025-05-14,2025-W20,Plant Southeast,Line 1,Model-A,119,114,96.1
2025-05-14,2025-W20,Plant Southeast,Line 1,Model-B,115,110,96.3
2025-05-14,2025-W20,Plant Southeast,Line 1,Model-C,116,111,96.5
2025-05-14,2025-W20,Plant Southeast,Line 2,Model-A,124,119,96.1
2025-05-14,2025-W20,Plant Southeast,Line 2,Model-B,129,124,96.3
2025-05-14,2025-W20,Plant Southeast,Line 2,Model-C,121,115,95.5
2025-05-14,2025-W20,Plant Southeast,Line 3,Model-A,111,106,96.1
2025-05-14,2025-W20,Plant Southeast,Line 3,Model-B,111,105,95.5
2025-05-14,2025-W20,Plant Southeast,Line 3,Model-C,119,115,97.4
2025-05-15,2025-W20,Plant Midwest,Line 1,Model-A,118,114,96.9
2025-05-15,2025-W20,Plant Midwest,Line 1,Model-B,118,114,97.4
2025-05-15,2025-W20,Plant Midwest,Line 1,Model-C,113,110,97.9
2025-05-15,2025-W20,Plant Midwest,Line 2,Model-A,128,122,95.4
2025-05-15,2025-W20,Plant Midwest,Line 2,Model-B,125,118,95.0
2025-05-15,2025-W20,Plant Midwest,Line 2,Model-C,122,118,97.3
2025-05-15,2025-W20,Plant Midwest,Line 3,Model-A,110,105,96.2
2025-05-15,2025-W20,Plant Midwest,Line 3,Model-B,126,120,96.0
2025-05-15,2025-W20,Plant Midwest,Line 3,Model-C,118,114,96.7
2025-05-15,2025-W20,Plant Southeast,Line 1,Model-A,113,108,96.2
2025-05-15,2025-W20,Plant Southeast,Line 1,Model-B,118,113,95.9
2025-05-15,2025-W20,Plant Southeast,Line 1,Model-C,115,111,96.5
2025-05-15,2025-W20,Plant Southeast,Line 2,Model-A,125,120,96.2
2025-05-15,2025-W20,Plant Southeast,Line 2,Model-B,127,124,97.9
2025-05-15,2025-W20,Plant Southeast,Line 2,Model-C,112,108,96.5
2025-05-15,2025-W20,Plant Southeast,Line 3,Model-A,113,108,96.4
2025-05-15,2025-W20,Plant Southeast,Line 3,Model-B,118,113,96.4
2025-05-15,2025-W20,Plant Southeast,Line 3,Model-C,118,112,95.0
2025-05-16,2025-W20,Plant Midwest,Line 1,Model-A,119,113,95.4
2025-05-16,2025-W20,Plant Midwest,Line 1,Model-B,116,112,96.7
2025-05-16,2025-W20,Plant Midwest,Line 1,Model-C,126,120,95.4
2025-05-16,2025-W20,Plant Midwest,Line 2,Model-A,110,104,94.7
2025-05-16,2025-W20,Plant Midwest,Line 2,Model-B,120,113,94.8
2025-05-16,2025-W20,Plant Midwest,Line 2,Model-C,119,115,97.2
2025-05-16,2025-W20,Plant Midwest,Line 3,Model-A,127,122,96.6
2025-05-16,2025-W20,Plant Midwest,Line 3,Model-B,122,117,96.6
2025-05-16,2025-W20,Plant Midwest,Line 3,Model-C,123,118,96.5
2025-05-16,2025-W20,Plant Southeast,Line 1,Model-A,123,115,94.2
2025-05-16,2025-W20,Plant Southeast,Line 1,Model-B,117,112,96.1
2025-05-16,2025-W20,Plant Southeast,Line 1,Model-C,118,112,95.7
2025-05-16,2025-W20,Plant Southeast,Line 2,Model-A,115,110,95.7
2025-05-16,2025-W20,Plant Southeast,Line 2,Model-B,110,106,97.1
2025-05-16,2025-W20,Plant Southeast,Line 2,Model-C,114,110,97.1
2025-05-16,2025-W20,Plant Southeast,Line 3,Model-A,111,107,96.7
2025-05-16,2025-W20,Plant Southeast,Line 3,Model-B,120,116,97.0
2025-05-16,2025-W20,Plant Southeast,Line 3,Model-C,117,112,96.5
2025-05-17,2025-W20,Plant Midwest,Line 1,Model-A,113,107,95.3
2025-05-17,2025-W20,Plant Midwest,Line 1,Model-B,124,119,96.3
2025-05-17,2025-W20,Plant Midwest,Line 1,Model-C,127,121,95.8
2025-05-17,2025-W20,Plant Midwest,Line 2,Model-A,120,116,96.9
2025-05-17,2025-W20,Plant Midwest,Line 2,Model-B,122,117,96.2
2025-05-17,2025-W20,Plant Midwest,Line 2,Model-C,120,113,94.7
2025-05-17,2025-W20,Plant Midwest,Line 3,Model-A,113,108,95.7
2025-05-17,2025-W20,Plant Midwest,Line 3,Model-B,112,106,95.5
2025-05-17,2025-W20,Plant Midwest,Line 3,Model-C,123,118,96.2
2025-05-17,2025-W20,Plant Southeast,Line 1,Model-A,115,110,96.1
2025-05-17,2025-W20,Plant Southeast,Line 1,Model-B,115,110,96.2
2025-05-17,2025-W20,Plant Southeast,Line 1,Model-C,126,120,95.4
2025-05-17,2025-W20,Plant Southeast,Line 2,Model-A,119,115,96.8
2025-05-17,2025-W20,Plant Southeast,Line 2,Model-B,128,123,96.6
2025-05-17,2025-W20,Plant Southeast,Line 2,Model-C,112,107,96.1
2025-05-17,2025-W20,Plant Southeast,Line 3,Model-A,119,115,96.8
2025-05-17,2025-W20,Plant Southeast,Line 3,Model-B,129,124,96.3
2025-05-17,2025-W20,Plant Southeast,Line 3,Model-C,123,118,96.3
2025-05-18,2025-W20,Plant Midwest,Line 1,Model-A,114,108,95.3
2025-05-18,2025-W20,Plant Midwest,Line 1,Model-B,119,113,95.1
2025-05-18,2025-W20,Plant Midwest,Line 1,Model-C,116,110,95.6
2025-05-18,2025-W20,Plant Midwest,Line 2,Model-A,118,112,95.3
2025-05-18,2025-W20,Plant Midwest,Line 2,Model-B,115,110,96.3
2025-05-18,2025-W20,Plant Midwest,Line 2,Model-C,118,116,98.6
2025-05-18,2025-W20,Plant Midwest,Line 3,Model-A,114,110,96.9
2025-05-18,2025-W20,Plant Midwest,Line 3,Model-B,125,120,96.6
2025-05-18,2025-W20,Plant Midwest,Line 3,Model-C,112,107,96.0
2025-05-18,2025-W20,Plant Southeast,Line 1,Model-A,118,113,96.2
2025-05-18,2025-W20,Plant Southeast,Line 1,Model-B,124,118,95.4
2025-05-18,2025-W20,Plant Southeast,Line 1,Model-C,123,118,96.6
2025-05-18,2025-W20,Plant Southeast,Line 2,Model-A,129,123,95.9
2025-05-18,2025-W20,Plant Southeast,Line 2,Model-B,126,120,96.0
2025-05-18,2025-W20,Plant Southeast,Line 2,Model-C,117,112,96.3
2025-05-18,2025-W20,Plant Southeast,Line 3,Model-A,121,117,97.1
2025-05-18,2025-W20,Plant Southeast,Line 3,Model-B,127,122,96.5
2025-05-18,2025-W20,Plant Southeast,Line 3,Model-C,126,119,94.7
2025-05-19,2025-W21,Plant Midwest,Line 1,Model-A,120,115,96.7
2025-05-19,2025-W21,Plant Midwest,Line 1,Model-B,119,114,96.5
2025-05-19,2025-W21,Plant Midwest,Line 1,Model-C,124,119,96.0
2025-05-19,2025-W21,Plant Midwest,Line 2,Model-A,118,113,96.0
2025-05-19,2025-W21,Plant Midwest,Line 2,Model-B,119,113,95.1
2025-05-19,2025-W21,Plant Midwest,Line 2,Model-C,124,119,96.7
2025-05-19,2025-W21,Plant Midwest,Line 3,Model-A,128,124,97.2
2025-05-19,2025-W21,Plant Midwest,Line 3,Model-B,117,111,95.6
2025-05-19,2025-W21,Plant Midwest,Line 3,Model-C,120,113,94.5
2025-05-19,2025-W21,Plant Southeast,Line 1,Model-A,110,107,97.3
2025-05-19,2025-W21,Plant Southeast,Line 1,Model-B,128,122,95.5
2025-05-19,2025-W21,Plant Southeast,Line 1,Model-C,119,116,97.6
2025-05-19,2025-W21,Plant Southeast,Line 2,Model-A,110,105,95.7
2025-05-19,2025-W21,Plant Southeast,Line 2,Model-B,122,116,95.4
2025-05-19,2025-W21,Plant Southeast,Line 2,Model-C,110,106,96.6
2025-05-19,2025-W21,Plant Southeast,Line 3,Model-A,122,119,98.0
2025-05-19,2025-W21,Plant Southeast,Line 3,Model-B,125,119,95.5
2025-05-19,2025-W21,Plant Southeast,Line 3,Model-C,116,111,96.4
2025-05-20,2025-W21,Plant Midwest,Line 1,Model-A,126,120,95.8
2025-05-20,2025-W21,Plant Midwest,Line 1,Model-B,126,119,95.2
2025-05-20,2025-W21,Plant Midwest,Line 1,Model-C,112,107,96.2
2025-05-20,2025-W21,Plant Midwest,Line 2,Model-A,110,104,95.0
2025-05-20,2025-W21,Plant Midwest,Line 2,Model-B,126,122,97.0
2025-05-20,2025-W21,Plant Midwest,Line 2,Model-C,112,108,96.5
2025-05-20,2025-W21,Plant Midwest,Line 3,Model-A,124,119,96.0
2025-05-20,2025-W21,Plant Midwest,Line 3,Model-B,125,120,96.5
2025-05-20,2025-W21,Plant Midwest,Line 3,Model-C,118,114,97.2
2025-05-20,2025-W21,Plant Southeast,Line 1,Model-A,125,120,96.3
2025-05-20,2025-W21,Plant Southeast,Line 1,Model-B,118,111,94.5
2025-05-20,2025-W21,Plant Southeast,Line 1,Model-C,118,113,96.1
2025-05-20,2025-W21,Plant Southeast,Line 2,Model-A,116,110,95.1
2025-05-20,2025-W21,Plant Southeast,Line 2,Model-B,111,106,96.0
2025-05-20,2025-W21,Plant Southeast,Line 2,Model-C,118,113,96.1
2025-05-20,2025-W21,Plant Southeast,Line 3,Model-A,123,119,97.0
2025-05-20,2025-W21,Plant Southeast,Line 3,Model-B,117,111,95.1
2025-05-20,2025-W21,Plant Southeast,Line 3,Model-C,117,112,96.1
2025-05-21,2025-W21,Plant Midwest,Line 1,Model-A,113,108,96.3
2025-05-21,2025-W21,Plant Midwest,Line 1,Model-B,126,122,97.1
2025-05-21,2025-W21,Plant Midwest,Line 1,Model-C,122,118,96.8
2025-05-21,2025-W21,Plant Midwest,Line 2,Model-A,124,116,93.9
2025-05-21,2025-W21,Plant Midwest,Line 2,Model-B,129,122,95.3
2025-05-21,2025-W21,Plant Midwest,Line 2,Model-C,123,117,95.6
2025-05-21,2025-W21,Plant Midwest,Line 3,Model-A,117,112,96.1
2025-05-21,2025-W21,Plant Midwest,Line 3,Model-B,129,123,95.7
2025-05-21,2025-W21,Plant Midwest,Line 3,Model-C,120,116,97.2
2025-05-21,2025-W21,Plant Southeast,Line 1,Model-A,120,116,97.0
2025-05-21,2025-W21,Plant Southeast,Line 1,Model-B,111,106,96.0
2025-05-21,2025-W21,Plant Southeast,Line 1,Model-C,111,108,97.9
2025-05-21,2025-W21,Plant Southeast,Line 2,Model-A,124,119,96.3
2025-05-21,2025-W21,Plant Southeast,Line 2,Model-B,118,112,95.7
2025-05-21,2025-W21,Plant Southeast,Line 2,Model-C,114,107,94.5
2025-05-21,2025-W21,Plant Southeast,Line 3,Model-A,129,124,96.4
2025-05-21,2025-W21,Plant Southeast,Line 3,Model-B,126,120,95.6
2025-05-21,2025-W21,Plant Southeast,Line 3,Model-C,118,114,97.4
2025-05-22,2025-W21,Plant Midwest,Line 1,Model-A,115,110,96.5
2025-05-22,2025-W21,Plant Midwest,Line 1,Model-B,112,107,96.4
2025-05-22,2025-W21,Plant Midwest,Line 1,Model-C,113,108,96.3
2025-05-22,2025-W21,Plant Midwest,Line 2,Model-A,119,115,97.1
2025-05-22,2025-W21,Plant Midwest,Line 2,Model-B,121,118,97.6
2025-05-22,2025-W21,Plant Midwest,Line 2,Model-C,125,120,96.0
2025-05-22,2025-W21,Plant Midwest,Line 3,Model-A,117,111,95.2
2025-05-22,2025-W21,Plant Midwest,Line 3,Model-B,122,117,96.5
2025-05-22,2025-W21,Plant Midwest,Line 3,Model-C,111,107,96.9
2025-05-22,2025-W21,Plant Southeast,Line 1,Model-A,121,116,96.1
2025-05-22,2025-W21,Plant Southeast,Line 1,Model-B,120,114,95.5
2025-05-22,2025-W21,Plant Southeast,Line 1,Model-C,127,123,97.4
2025-05-22,2025-W21,Plant Southeast,Line 2,Model-A,126,122,96.9
2025-05-22,2025-W21,Plant Southeast,Line 2,Model-B,124,118,95.3
2025-05-22,2025-W21,Plant Southeast,Line 2,Model-C,112,107,96.3
2025-05-22,2025-W21,Plant Southeast,Line 3,Model-A,110,106,96.6
2025-05-22,2025-W21,Plant Southeast,Line 3,Model-B,122,117,96.1
2025-05-22,2025-W21,Plant Southeast,Line 3,Model-C,123,119,97.2
2025-05-23,2025-W21,Plant Midwest,Line 1,Model-A,122,118,97.0
2025-05-23,2025-W21,Plant Midwest,Line 1,Model-B,119,114,96.6
2025-05-23,2025-W21,Plant Midwest,Line 1,Model-C,116,112,96.7
2025-05-23,2025-W21,Plant Midwest,Line 2,Model-A,115,111,96.6
2025-05-23,2025-W21,Plant Midwest,Line 2,Model-B,129,124,96.8
2025-05-23,2025-W21,Plant Midwest,Line 2,Model-C,110,106,96.9
2025-05-23,2025-W21,Plant Midwest,Line 3,Model-A,117,112,96.5
2025-05-23,2025-W21,Plant Midwest,Line 3,Model-B,123,116,94.9
2025-05-23,2025-W21,Plant Midwest,Line 3,Model-C,127,121,95.9
2025-05-23,2025-W21,Plant Southeast,Line 1,Model-A,123,119,97.3
2025-05-23,2025-W21,Plant Southeast,Line 1,Model-B,117,112,95.8
2025-05-23,2025-W21,Plant Southeast,Line 1,Model-C,122,118,97.5
2025-05-23,2025-W21,Plant Southeast,Line 2,Model-A,115,110,96.4
2025-05-23,2025-W21,Plant Southeast,Line 2,Model-B,110,105,95.9
2025-05-23,2025-W21,Plant Southeast,Line 2,Model-C,115,111,97.1
2025-05-23,2025-W21,Plant Southeast,Line 3,Model-A,119,113,95.6
2025-05-23,2025-W21,Plant Southeast,Line 3,Model-B,112,107,96.1
2025-05-23,2025-W21,Plant Southeast,Line 3,Model-C,126,120,95.8
2025-05-24,2025-W21,Plant Midwest,Line 1,Model-A,112,107,96.2
2025-05-24,2025-W21,Plant Midwest,Line 1,Model-B,128,122,96.1
2025-05-24,2025-W21,Plant Midwest,Line 1,Model-C,120,114,95.4
2025-05-24,2025-W21,Plant Midwest,Line 2,Model-A,124,120,97.1
2025-05-24,2025-W21,Plant Midwest,Line 2,Model-B,120,113,94.8
2025-05-24,2025-W21,Plant Midwest,Line 2,Model-C,128,121,95.0
2025-05-24,2025-W21,Plant Midwest,Line 3,Model-A,113,110,97.6
2025-05-24,2025-W21,Plant Midwest,Line 3,Model-B,120,114,95.8
2025-05-24,2025-W21,Plant Midwest,Line 3,Model-C,129,125,97.0
2025-05-24,2025-W21,Plant Southeast,Line 1,Model-A,120,115,96.4
2025-05-24,2025-W21,Plant Southeast,Line 1,Model-B,123,119,97.3
2025-05-24,2025-W21,Plant Southeast,Line 1,Model-C,114,108,95.0
2025-05-24,2025-W21,Plant Southeast,Line 2,Model-A,128,122,96.0
2025-05-24,2025-W21,Plant Southeast,Line 2,Model-B,126,118,93.9
2025-05-24,2025-W21,Plant Southeast,Line 2,Model-C,119,115,96.8
2025-05-24,2025-W21,Plant Southeast,Line 3,Model-A,120,116,97.5
2025-05-24,2025-W21,Plant Southeast,Line 3,Model-B,120,115,95.8
2025-05-24,2025-W21,Plant Southeast,Line 3,Model-C,127,123,97.0
2025-05-25,2025-W21,Plant Midwest,Line 1,Model-A,120,115,96.2
2025-05-25,2025-W21,Plant Midwest,Line 1,Model-B,118,112,95.2
2025-05-25,2025-W21,Plant Midwest,Line 1,Model-C,118,113,96.3
2025-05-25,2025-W21,Plant Midwest,Line 2,Model-A,110,105,95.6
2025-05-25,2025-W21,Plant Midwest,Line 2,Model-B,116,110,95.2
2025-05-25,2025-W21,Plant Midwest,Line 2,Model-C,121,116,96.5
2025-05-25,2025-W21,Plant Midwest,Line 3,Model-A,127,123,97.0
2025-05-25,2025-W21,Plant Midwest,Line 3,Model-B,123,118,96.6
2025-05-25,2025-W21,Plant Midwest,Line 3,Model-C,127,123,97.4
2025-05-25,2025-W21,Plant Southeast,Line 1,Model-A,121,117,96.9
2025-05-25,2025-W21,Plant Southeast,Line 1,Model-B,117,111,95.4
2025-05-25,2025-W21,Plant Southeast,Line 1,Model-C,122,120,98.6
2025-05-25,2025-W21,Plant Southeast,Line 2,Model-A,122,118,97.1
2025-05-25,2025-W21,Plant Southeast,Line 2,Model-B,111,107,96.4
2025-05-25,2025-W21,Plant Southeast,Line 2,Model-C,113,108,96.3
2025-05-25,2025-W21,Plant Southeast,Line 3,Model-A,121,116,96.0
2025-05-25,2025-W21,Plant Southeast,Line 3,Model-B,117,114,97.5
2025-05-25,2025-W21,Plant Southeast,Line 3,Model-C,117,113,96.8
2025-05-26,2025-W22,Plant Midwest,Line 1,Model-A,126,122,96.9
2025-05-26,2025-W22,Plant Midwest,Line 1,Model-B,125,120,96.4
2025-05-26,2025-W22,Plant Midwest,Line 1,Model-C,123,117,95.3
2025-05-26,2025-W22,Plant Midwest,Line 2,Model-A,122,117,96.7
2025-05-26,2025-W22,Plant Midwest,Line 2,Model-B,124,118,95.4
2025-05-26,2025-W22,Plant Midwest,Line 2,Model-C,118,114,97.4
2025-05-26,2025-W22,Plant Midwest,Line 3,Model-A,112,107,95.7
2025-05-26,2025-W22,Plant Midwest,Line 3,Model-B,126,120,95.7
2025-05-26,2025-W22,Plant Midwest,Line 3,Model-C,124,120,97.5
2025-05-26,2025-W22,Plant Southeast,Line 1,Model-A,124,120,97.3
2025-05-26,2025-W22,Plant Southeast,Line 1,Model-B,123,117,95.8
2025-05-26,2025-W22,Plant Southeast,Line 1,Model-C,121,116,96.0
2025-05-26,2025-W22,Plant Southeast,Line 2,Model-A,126,121,96.8
2025-05-26,2025-W22,Plant Southeast,Line 2,Model-B,128,123,96.5
2025-05-26,2025-W22,Plant Southeast,Line 2,Model-C,123,117,95.7
2025-05-26,2025-W22,Plant Southeast,Line 3,Model-A,121,116,96.1
2025-05-26,2025-W22,Plant Southeast,Line 3,Model-B,111,106,95.7
2025-05-26,2025-W22,Plant Southeast,Line 3,Model-C,119,114,96.2
2025-05-27,2025-W22,Plant Midwest,Line 1,Model-A,129,125,97.2
2025-05-27,2025-W22,Plant Midwest,Line 1,Model-B,114,107,94.2
2025-05-27,2025-W22,Plant Midwest,Line 1,Model-C,117,112,95.9
2025-05-27,2025-W22,Plant Midwest,Line 2,Model-A,117,112,95.8
2025-05-27,2025-W22,Plant Midwest,Line 2,Model-B,119,113,95.6
2025-05-27,2025-W22,Plant Midwest,Line 2,Model-C,122,116,95.2
2025-05-27,2025-W22,Plant Midwest,Line 3,Model-A,113,109,96.7
2025-05-27,2025-W22,Plant Midwest,Line 3,Model-B,127,121,95.8
2025-05-27,2025-W22,Plant Midwest,Line 3,Model-C,115,110,96.2
2025-05-27,2025-W22,Plant Southeast,Line 1,Model-A,120,114,95.5
2025-05-27,2025-W22,Plant Southeast,Line 1,Model-B,123,117,95.9
2025-05-27,2025-W22,Plant Southeast,Line 1,Model-C,115,110,96.4
2025-05-27,2025-W22,Plant Southeast,Line 2,Model-A,119,113,95.3
2025-05-27,2025-W22,Plant Southeast,Line 2,Model-B,112,107,96.2
2025-05-27,2025-W22,Plant Southeast,Line 2,Model-C,121,116,96.1
2025-05-27,2025-W22,Plant Southeast,Line 3,Model-A,126,119,94.8
2025-05-27,2025-W22,Plant Southeast,Line 3,Model-B,110,104,94.7
2025-05-27,2025-W22,Plant Southeast,Line 3,Model-C,119,114,95.9
2025-05-28,2025-W22,Plant Midwest,Line 1,Model-A,111,108,97.6
2025-05-28,2025-W22,Plant Midwest,Line 1,Model-B,125,119,95.9
2025-05-28,2025-W22,Plant Midwest,Line 1,Model-C,127,123,97.1
2025-05-28,2025-W22,Plant Midwest,Line 2,Model-A,124,119,96.7
2025-05-28,2025-W22,Plant Midwest,Line 2,Model-B,119,114,96.5
2025-05-28,2025-W22,Plant Midwest,Line 2,Model-C,116,109,94.7
2025-05-28,2025-W22,Plant Midwest,Line 3,Model-A,122,116,95.3
2025-05-28,2025-W22,Plant Midwest,Line 3,Model-B,127,121,95.8
2025-05-28,2025-W22,Plant Midwest,Line 3,Model-C,122,117,96.2
2025-05-28,2025-W22,Plant Southeast,Line 1,Model-A,121,118,97.6
2025-05-28,2025-W22,Plant Southeast,Line 1,Model-B,115,110,95.9
2025-05-28,2025-W22,Plant Southeast,Line 1,Model-C,112,108,97.0
2025-05-28,2025-W22,Plant Southeast,Line 2,Model-A,125,118,94.8
2025-05-28,2025-W22,Plant Southeast,Line 2,Model-B,113,107,95.5
2025-05-28,2025-W22,Plant Southeast,Line 2,Model-C,117,112,96.4
2025-05-28,2025-W22,Plant Southeast,Line 3,Model-A,123,117,95.2
2025-05-28,2025-W22,Plant Southeast,Line 3,Model-B,113,107,95.5
2025-05-28,2025-W22,Plant Southeast,Line 3,Model-C,115,111,97.0
2025-05-29,2025-W22,Plant Midwest,Line 1,Model-A,112,107,95.7
2025-05-29,2025-W22,Plant Midwest,Line 1,Model-B,111,106,95.8
2025-05-29,2025-W22,Plant Midwest,Line 1,Model-C,125,120,96.5
2025-05-29,2025-W22,Plant Midwest,Line 2,Model-A,117,112,96.0
2025-05-29,2025-W22,Plant Midwest,Line 2,Model-B,117,113,97.2
2025-05-29,2025-W22,Plant Midwest,Line 2,Model-C,112,107,95.8
2025-05-29,2025-W22,Plant Midwest,Line 3,Model-A,119,113,95.6
2025-05-29,2025-W22,Plant Midwest,Line 3,Model-B,126,120,96.0
2025-05-29,2025-W22,Plant Midwest,Line 3,Model-C,114,110,96.6
2025-05-29,2025-W22,Plant Southeast,Line 1,Model-A,118,112,95.4
2025-05-29,2025-W22,Plant Southeast,Line 1,Model-B,129,123,95.5
2025-05-29,2025-W22,Plant Southeast,Line 1,Model-C,122,116,95.5
2025-05-29,2025-W22,Plant Southeast,Line 2,Model-A,122,117,96.4
2025-05-29,2025-W22,Plant Southeast,Line 2,Model-B,129,124,96.5
2025-05-29,2025-W22,Plant Southeast,Line 2,Model-C,129,123,95.7
2025-05-29,2025-W22,Plant Southeast,Line 3,Model-A,110,106,96.6
2025-05-29,2025-W22,Plant Southeast,Line 3,Model-B,110,105,95.6
2025-05-29,2025-W22,Plant Southeast,Line 3,Model-C,117,112,96.0
2025-05-30,2025-W22,Plant Midwest,Line 1,Model-A,127,122,96.8
2025-05-30,2025-W22,Plant Midwest,Line 1,Model-B,124,119,96.3
2025-05-30,2025-W22,Plant Midwest,Line 1,Model-C,122,115,94.4
2025-05-30,2025-W22,Plant Midwest,Line 2,Model-A,125,118,94.5
2025-05-30,2025-W22,Plant Midwest,Line 2,Model-B,111,106,96.3
2025-05-30,2025-W22,Plant Midwest,Line 2,Model-C,116,113,97.5
2025-05-30,2025-W22,Plant Midwest,Line 3,Model-A,122,116,95.8
2025-05-30,2025-W22,Plant Midwest,Line 3,Model-B,127,123,97.3
2025-05-30,2025-W22,Plant Midwest,Line 3,Model-C,122,118,97.1
2025-05-30,2025-W22,Plant Southeast,Line 1,Model-A,125,121,96.8
2025-05-30,2025-W22,Plant Southeast,Line 1,Model-B,126,123,98.1
2025-05-30,2025-W22,Plant Southeast,Line 1,Model-C,118,113,96.4
2025-05-30,2025-W22,Plant Southeast,Line 2,Model-A,129,124,96.6
2025-05-30,2025-W22,Plant Southeast,Line 2,Model-B,129,128,99.3
2025-05-30,2025-W22,Plant Southeast,Line 2,Model-C,110,105,95.6
2025-05-30,2025-W22,Plant Southeast,Line 3,Model-A,124,119,96.8
2025-05-30,2025-W22,Plant Southeast,Line 3,Model-B,121,115,95.7
2025-05-30,2025-W22,Plant Southeast,Line 3,Model-C,117,112,96.5
2025-05-31,2025-W22,Plant Midwest,Line 1,Model-A,117,112,96.4
2025-05-31,2025-W22,Plant Midwest,Line 1,Model-B,120,115,96.6
2025-05-31,2025-W22,Plant Midwest,Line 1,Model-C,117,114,97.7
2025-05-31,2025-W22,Plant Midwest,Line 2,Model-A,110,106,96.9
2025-05-31,2025-W22,Plant Midwest,Line 2,Model-B,117,112,96.1
2025-05-31,2025-W22,Plant Midwest,Line 2,Model-C,127,122,96.7
2025-05-31,2025-W22,Plant Midwest,Line 3,Model-A,115,112,97.4
2025-05-31,2025-W22,Plant Midwest,Line 3,Model-B,112,107,96.3
2025-05-31,2025-W22,Plant Midwest,Line 3,Model-C,128,122,96.0
2025-05-31,2025-W22,Plant Southeast,Line 1,Model-A,128,123,96.1
2025-05-31,2025-W22,Plant Southeast,Line 1,Model-B,111,107,96.6
2025-05-31,2025-W22,Plant Southeast,Line 1,Model-C,126,121,96.4
2025-05-31,2025-W22,Plant Southeast,Line 2,Model-A,115,109,95.3
2025-05-31,2025-W22,Plant Southeast,Line 2,Model-B,111,107,97.1
2025-05-31,2025-W22,Plant Southeast,Line 2,Model-C,115,109,95.5
2025-05-31,2025-W22,Plant Southeast,Line 3,Model-A,120,116,97.0
2025-05-31,2025-W22,Plant Southeast,Line 3,Model-B,113,109,97.0
2025-05-31,2025-W22,Plant Southeast,Line 3,Model-C,123,119,97.0
2025-06-01,2025-W22,Plant Midwest,Line 1,Model-A,128,122,95.3
2025-06-01,2025-W22,Plant Midwest,Line 1,Model-B,117,111,95.2
2025-06-01,2025-W22,Plant Midwest,Line 1,Model-C,110,106,96.5
2025-06-01,2025-W22,Plant Midwest,Line 2,Model-A,125,120,96.2
2025-06-01,2025-W22,Plant Midwest,Line 2,Model-B,127,121,95.3
2025-06-01,2025-W22,Plant Midwest,Line 2,Model-C,123,118,96.4
2025-06-01,2025-W22,Plant Midwest,Line 3,Model-A,122,117,96.3
2025-06-01,2025-W22,Plant Midwest,Line 3,Model-B,119,111,93.8
2025-06-01,2025-W22,Plant Midwest,Line 3,Model-C,118,114,96.9
2025-06-01,2025-W22,Plant Southeast,Line 1,Model-A,119,115,96.9
2025-06-01,2025-W22,Plant Southeast,Line 1,Model-B,128,122,95.4
2025-06-01,2025-W22,Plant Southeast,Line 1,Model-C,111,108,97.6
2025-06-01,2025-W22,Plant Southeast,Line 2,Model-A,127,123,97.1
2025-06-01,2025-W22,Plant Southeast,Line 2,Model-B,110,104,95.3
2025-06-01,2025-W22,Plant Southeast,Line 2,Model-C,111,106,95.8
2025-06-01,2025-W22,Plant Southeast,Line 3,Model-A,129,123,95.4
2025-06-01,2025-W22,Plant Southeast,Line 3,Model-B,126,120,95.9
2025-06-01,2025-W22,Plant Southeast,Line 3,Model-C,110,106,96.5
2025-06-02,2025-W23,Plant Midwest,Line 1,Model-A,129,124,96.1
2025-06-02,2025-W23,Plant Midwest,Line 1,Model-B,123,116,94.7
2025-06-02,2025-W23,Plant Midwest,Line 1,Model-C,129,124,96.8
2025-06-02,2025-W23,Plant Midwest,Line 2,Model-A,114,110,97.3
2025-06-02,2025-W23,Plant Midwest,Line 2,Model-B,115,110,96.0
2025-06-02,2025-W23,Plant Midwest,Line 2,Model-C,124,119,96.8
2025-06-02,2025-W23,Plant Midwest,Line 3,Model-A,113,107,95.5
2025-06-02,2025-W23,Plant Midwest,Line 3,Model-B,112,107,96.4
2025-06-02,2025-W23,Plant Midwest,Line 3,Model-C,117,113,96.8
2025-06-02,2025-W23,Plant Southeast,Line 1,Model-A,127,122,96.4
2025-06-02,2025-W23,Plant Southeast,Line 1,Model-B,119,114,96.6
2025-06-02,2025-W23,Plant Southeast,Line 1,Model-C,114,110,96.6
2025-06-02,2025-W23,Plant Southeast,Line 2,Model-A,122,117,96.0
2025-06-02,2025-W23,Plant Southeast,Line 2,Model-B,122,116,95.7
2025-06-02,2025-W23,Plant Southeast,Line 2,Model-C,115,112,97.4
2025-06-02,2025-W23,Plant Southeast,Line 3,Model-A,128,123,96.7
2025-06-02,2025-W23,Plant Southeast,Line 3,Model-B,120,114,95.4
2025-06-02,2025-W23,Plant Southeast,Line 3,Model-C,122,117,96.3
2025-06-03,2025-W23,Plant Midwest,Line 1,Model-A,117,112,96.5
2025-06-03,2025-W23,Plant Midwest,Line 1,Model-B,118,113,96.1
2025-06-03,2025-W23,Plant Midwest,Line 1,Model-C,116,111,96.1
2025-06-03,2025-W23,Plant Midwest,Line 2,Model-A,124,119,96.6
2025-06-03,2025-W23,Plant Midwest,Line 2,Model-B,111,106,95.9
2025-06-03,2025-W23,Plant Midwest,Line 2,Model-C,117,114,97.7
2025-06-03,2025-W23,Plant Midwest,Line 3,Model-A,114,108,95.1
2025-06-03,2025-W23,Plant Midwest,Line 3,Model-B,119,115,96.7
2025-06-03,2025-W23,Plant Midwest,Line 3,Model-C,119,114,96.5
2025-06-03,2025-W23,Plant Southeast,Line 1,Model-A,115,111,96.5
2025-06-03,2025-W23,Plant Southeast,Line 1,Model-B,112,106,95.2
2025-06-03,2025-W23,Plant Southeast,Line 1,Model-C,124,117,95.1
2025-06-03,2025-W23,Plant Southeast,Line 2,Model-A,126,120,95.3
2025-06-03,2025-W23,Plant Southeast,Line 2,Model-B,126,120,95.7
2025-06-03,2025-W23,Plant Southeast,Line 2,Model-C,115,109,95.0
2025-06-03,2025-W23,Plant Southeast,Line 3,Model-A,115,108,93.9
2025-06-03,2025-W23,Plant Southeast,Line 3,Model-B,112,107,95.8
2025-06-03,2025-W23,Plant Southeast,Line 3,Model-C,124,117,95.2
2025-06-04,2025-W23,Plant Midwest,Line 1,Model-A,122,115,94.7
2025-06-04,2025-W23,Plant Midwest,Line 1,Model-B,112,107,95.9
2025-06-04,2025-W23,Plant Midwest,Line 1,Model-C,115,110,95.8
2025-06-04,2025-W23,Plant Midwest,Line 2,Model-A,111,106,96.4
2025-06-04,2025-W23,Plant Midwest,Line 2,Model-B,124,116,94.2
2025-06-04,2025-W23,Plant Midwest,Line 2,Model-C,115,110,95.7
2025-06-04,2025-W23,Plant Midwest,Line 3,Model-A,127,122,96.2
2025-06-04,2025-W23,Plant Midwest,Line 3,Model-B,123,118,96.6
2025-06-04,2025-W23,Plant Midwest,Line 3,Model-C,123,118,96.1
2025-06-04,2025-W23,Plant Southeast,Line 1,Model-A,124,118,95.6
2025-06-04,2025-W23,Plant Southeast,Line 1,Model-B,128,124,97.0
2025-06-04,2025-W23,Plant Southeast,Line 1,Model-C,129,125,97.3
2025-06-04,2025-W23,Plant Southeast,Line 2,Model-A,113,109,96.5
2025-06-04,2025-W23,Plant Southeast,Line 2,Model-B,121,116,96.3
2025-06-04,2025-W23,Plant Southeast,Line 2,Model-C,117,111,95.7
2025-06-04,2025-W23,Plant Southeast,Line 3,Model-A,116,109,94.7
2025-06-04,2025-W23,Plant Southeast,Line 3,Model-B,120,115,96.1
2025-06-04,2025-W23,Plant Southeast,Line 3,Model-C,113,109,96.6
2025-06-05,2025-W23,Plant Midwest,Line 1,Model-A,122,119,98.1
2025-06-05,2025-W23,Plant Midwest,Line 1,Model-B,114,111,97.8
2025-06-05,2025-W23,Plant Midwest,Line 1,Model-C,125,119,95.6
2025-06-05,2025-W23,Plant Midwest,Line 2,Model-A,117,111,95.4
2025-06-05,2025-W23,Plant Midwest,Line 2,Model-B,125,119,95.2
2025-06-05,2025-W23,Plant Midwest,Line 2,Model-C,122,117,96.0
2025-06-05,2025-W23,Plant Midwest,Line 3,Model-A,111,105,95.0
2025-06-05,2025-W23,Plant Midwest,Line 3,Model-B,124,119,96.5
2025-06-05,2025-W23,Plant Midwest,Line 3,Model-C,120,114,95.5
2025-06-05,2025-W23,Plant Southeast,Line 1,Model-A,111,105,95.3
2025-06-05,2025-W23,Plant Southeast,Line 1,Model-B,117,112,96.2
2025-06-05,2025-W23,Plant Southeast,Line 1,Model-C,116,110,95.7
2025-06-05,2025-W23,Plant Southeast,Line 2,Model-A,119,113,95.3
2025-06-05,2025-W23,Plant Southeast,Line 2,Model-B,119,113,95.4
2025-06-05,2025-W23,Plant Southeast,Line 2,Model-C,115,112,97.8
2025-06-05,2025-W23,Plant Southeast,Line 3,Model-A,116,111,96.5
2025-06-05,2025-W23,Plant Southeast,Line 3,Model-B,111,106,96.0
2025-06-05,2025-W23,Plant Southeast,Line 3,Model-C,114,109,96.4
2025-06-06,2025-W23,Plant Midwest,Line 1,Model-A,115,110,96.4
2025-06-06,2025-W23,Plant Midwest,Line 1,Model-B,115,110,95.9
2025-06-06,2025-W23,Plant Midwest,Line 1,Model-C,119,114,96.2
2025-06-06,2025-W23,Plant Midwest,Line 2,Model-A,118,114,97.2
2025-06-06,2025-W23,Plant Midwest,Line 2,Model-B,114,109,96.1
2025-06-06,2025-W23,Plant Midwest,Line 2,Model-C,112,107,96.4
2025-06-06,2025-W23,Plant Midwest,Line 3,Model-A,119,114,96.1
2025-06-06,2025-W23,Plant Midwest,Line 3,Model-B,118,113,96.5
2025-06-06,2025-W23,Plant Midwest,Line 3,Model-C,128,124,97.2
2025-06-06,2025-W23,Plant Southeast,Line 1,Model-A,115,109,95.3
2025-06-06,2025-W23,Plant Southeast,Line 1,Model-B,112,107,96.1
2025-06-06,2025-W23,Plant Southeast,Line 1,Model-C,125,120,96.7
2025-06-06,2025-W23,Plant Southeast,Line 2,Model-A,120,116,97.4
2025-06-06,2025-W23,Plant Southeast,Line 2,Model-B,118,113,96.0
2025-06-06,2025-W23,Plant Southeast,Line 2,Model-C,121,117,97.2
2025-06-06,2025-W23,Plant Southeast,Line 3,Model-A,126,122,97.1
2025-06-06,2025-W23,Plant Southeast,Line 3,Model-B,118,113,96.0
2025-06-06,2025-W23,Plant Southeast,Line 3,Model-C,129,125,97.0
2025-06-07,2025-W23,Plant Midwest,Line 1,Model-A,111,106,96.0
2025-06-07,2025-W23,Plant Midwest,Line 1,Model-B,119,113,95.2
2025-06-07,2025-W23,Plant Midwest,Line 1,Model-C,123,119,97.0
2025-06-07,2025-W23,Plant Midwest,Line 2,Model-A,118,114,97.1
2025-06-07,2025-W23,Plant Midwest,Line 2,Model-B,123,117,95.8
2025-06-07,2025-W23,Plant Midwest,Line 2,Model-C,119,113,95.4
2025-06-07,2025-W23,Plant Midwest,Line 3,Model-A,112,108,96.7
2025-06-07,2025-W23,Plant Midwest,Line 3,Model-B,122,116,95.8
2025-06-07,2025-W23,Plant Midwest,Line 3,Model-C,116,111,95.9
2025-06-07,2025-W23,Plant Southeast,Line 1,Model-A,111,106,95.8
2025-06-07,2025-W23,Plant Southeast,Line 1,Model-B,121,116,95.9
2025-06-07,2025-W23,Plant Southeast,Line 1,Model-C,128,121,95.1
2025-06-07,2025-W23,Plant Southeast,Line 2,Model-A,127,122,96.5
2025-06-07,2025-W23,Plant Southeast,Line 2,Model-B,125,120,96.7
2025-06-07,2025-W23,Plant Southeast,Line 2,Model-C,115,109,95.6
2025-06-07,2025-W23,Plant Southeast,Line 3,Model-A,124,120,97.0
2025-06-07,2025-W23,Plant Southeast,Line 3,Model-B,125,119,95.4
2025-06-07,2025-W23,Plant Southeast,Line 3,Model-C,113,109,97.3
2025-06-08,2025-W23,Plant Midwest,Line 1,Model-A,116,113,98.1
2025-06-08,2025-W23,Plant Midwest,Line 1,Model-B,117,113,97.2
2025-06-08,2025-W23,Plant Midwest,Line 1,Model-C,116,111,96.2
2025-06-08,2025-W23,Plant Midwest,Line 2,Model-A,117,111,95.3
2025-06-08,2025-W23,Plant Midwest,Line 2,Model-B,121,115,95.3
2025-06-08,2025-W23,Plant Midwest,Line 2,Model-C,126,120,96.0
2025-06-08,2025-W23,Plant Midwest,Line 3,Model-A,113,108,96.1
2025-06-08,2025-W23,Plant Midwest,Line 3,Model-B,124,118,95.5
2025-06-08,2025-W23,Plant Midwest,Line 3,Model-C,121,115,95.4
2025-06-08,2025-W23,Plant Southeast,Line 1,Model-A,123,117,95.4
2025-06-08,2025-W23,Plant Southeast,Line 1,Model-B,119,115,96.9
2025-06-08,2025-W23,Plant Southeast,Line 1,Model-C,114,110,96.5
2025-06-08,2025-W23,Plant Southeast,Line 2,Model-A,112,109,97.7
2025-06-08,2025-W23,Plant Southeast,Line 2,Model-B,129,123,96.1
2025-06-08,2025-W23,Plant Southeast,Line 2,Model-C,128,122,95.7
2025-06-08,2025-W23,Plant Southeast,Line 3,Model-A,114,109,95.7
2025-06-08,2025-W23,Plant Southeast,Line 3,Model-B,129,125,97.5
2025-06-08,2025-W23,Plant Southeast,Line 3,Model-C,113,109,96.5
2025-06-09,2025-W24,Plant Midwest,Line 1,Model-A,111,108,97.6
2025-06-09,2025-W24,Plant Midwest,Line 1,Model-B,114,108,95.5
2025-06-09,2025-W24,Plant Midwest,Line 1,Model-C,113,107,94.8
2025-06-09,2025-W24,Plant Midwest,Line 2,Model-A,111,107,96.9
2025-06-09,2025-W24,Plant Midwest,Line 2,Model-B,122,116,95.2
2025-06-09,2025-W24,Plant Midwest,Line 2,Model-C,124,118,95.2
2025-06-09,2025-W24,Plant Midwest,Line 3,Model-A,113,109,96.9
2025-06-09,2025-W24,Plant Midwest,Line 3,Model-B,124,119,96.5
2025-06-09,2025-W24,Plant Midwest,Line 3,Model-C,129,125,97.0
2025-06-09,2025-W24,Plant Southeast,Line 1,Model-A,127,122,96.6
2025-06-09,2025-W24,Plant Southeast,Line 1,Model-B,114,110,96.6
2025-06-09,2025-W24,Plant Southeast,Line 1,Model-C,114,109,95.6
2025-06-09,2025-W24,Plant Southeast,Line 2,Model-A,113,108,95.9
2025-06-09,2025-W24,Plant Southeast,Line 2,Model-B,119,114,96.0
2025-06-09,2025-W24,Plant Southeast,Line 2,Model-C,118,114,96.9
2025-06-09,2025-W24,Plant Southeast,Line 3,Model-A,128,125,97.7
2025-06-09,2025-W24,Plant Southeast,Line 3,Model-B,111,105,94.9
2025-06-09,2025-W24,Plant Southeast,Line 3,Model-C,111,104,94.5
2025-06-10,2025-W24,Plant Midwest,Line 1,Model-A,126,123,98.0
2025-06-10,2025-W24,Plant Midwest,Line 1,Model-B,116,111,96.2
2025-06-10,2025-W24,Plant Midwest,Line 1,Model-C,120,114,95.7
2025-06-10,2025-W24,Plant Midwest,Line 2,Model-A,113,108,95.9
2025-06-10,2025-W24,Plant Midwest,Line 2,Model-B,116,112,96.7
2025-06-10,2025-W24,Plant Midwest,Line 2,Model-C,111,106,95.6
2025-06-10,2025-W24,Plant Midwest,Line 3,Model-A,119,115,96.9
2025-06-10,2025-W24,Plant Midwest,Line 3,Model-B,121,116,96.6
2025-06-10,2025-W24,Plant Midwest,Line 3,Model-C,112,108,96.9
2025-06-10,2025-W24,Plant Southeast,Line 1,Model-A,111,108,97.6
2025-06-10,2025-W24,Plant Southeast,Line 1,Model-B,126,121,96.8
2025-06-10,2025-W24,Plant Southeast,Line 1,Model-C,129,125,97.6
2025-06-10,2025-W24,Plant Southeast,Line 2,Model-A,115,111,96.7
2025-06-10,2025-W24,Plant Southeast,Line 2,Model-B,110,105,96.2
2025-06-10,2025-W24,Plant Southeast,Line 2,Model-C,122,118,97.2
2025-06-10,2025-W24,Plant Southeast,Line 3,Model-A,124,120,97.2
2025-06-10,2025-W24,Plant Southeast,Line 3,Model-B,114,108,95.3
2025-06-10,2025-W24,Plant Southeast,Line 3,Model-C,129,124,96.7
2025-06-11,2025-W24,Plant Midwest,Line 1,Model-A,127,121,96.0
2025-06-11,2025-W24,Plant Midwest,Line 1,Model-B,111,104,94.5
2025-06-11,2025-W24,Plant Midwest,Line 1,Model-C,121,115,95.9
2025-06-11,2025-W24,Plant Midwest,Line 2,Model-A,118,111,94.6
2025-06-11,2025-W24,Plant Midwest,Line 2,Model-B,119,114,96.1
2025-06-11,2025-W24,Plant Midwest,Line 2,Model-C,129,123,95.9
2025-06-11,2025-W24,Plant Midwest,Line 3,Model-A,116,110,95.3
2025-06-11,2025-W24,Plant Midwest,Line 3,Model-B,113,110,97.7
2025-06-11,2025-W24,Plant Midwest,Line 3,Model-C,111,106,96.4
2025-06-11,2025-W24,Plant Southeast,Line 1,Model-A,124,119,96.3
2025-06-11,2025-W24,Plant Southeast,Line 1,Model-B,121,115,95.3
2025-06-11,2025-W24,Plant Southeast,Line 1,Model-C,116,111,96.5
2025-06-11,2025-W24,Plant Southeast,Line 2,Model-A,119,115,97.2
2025-06-11,2025-W24,Plant Southeast,Line 2,Model-B,123,118,96.3
2025-06-11,2025-W24,Plant Southeast,Line 2,Model-C,111,106,96.1
2025-06-11,2025-W24,Plant Southeast,Line 3,Model-A,115,111,96.8
2025-06-11,2025-W24,Plant Southeast,Line 3,Model-B,113,107,94.9
2025-06-11,2025-W24,Plant Southeast,Line 3,Model-C,122,118,96.9
2025-06-12,2025-W24,Plant Midwest,Line 1,Model-A,113,109,97.2
2025-06-12,2025-W24,Plant Midwest,Line 1,Model-B,122,119,97.7
2025-06-12,2025-W24,Plant Midwest,Line 1,Model-C,125,120,96.7
2025-06-12,2025-W24,Plant Midwest,Line 2,Model-A,117,111,95.3
2025-06-12,2025-W24,Plant Midwest,Line 2,Model-B,128,122,96.0
2025-06-12,2025-W24,Plant Midwest,Line 2,Model-C,115,110,96.2
2025-06-12,2025-W24,Plant Midwest,Line 3,Model-A,121,117,97.1
2025-06-12,2025-W24,Plant Midwest,Line 3,Model-B,123,117,95.2
2025-06-12,2025-W24,Plant Midwest,Line 3,Model-C,116,111,96.4
2025-06-12,2025-W24,Plant Southeast,Line 1,Model-A,126,120,96.0
2025-06-12,2025-W24,Plant Southeast,Line 1,Model-B,118,113,96.1
2025-06-12,2025-W24,Plant Southeast,Line 1,Model-C,114,106,93.6
2025-06-12,2025-W24,Plant Southeast,Line 2,Model-A,122,117,96.4
2025-06-12,2025-W24,Plant Southeast,Line 2,Model-B,123,119,96.8
2025-06-12,2025-W24,Plant Southeast,Line 2,Model-C,124,119,96.7
2025-06-12,2025-W24,Plant Southeast,Line 3,Model-A,123,116,94.7
2025-06-12,2025-W24,Plant Southeast,Line 3,Model-B,117,112,96.3
2025-06-12,2025-W24,Plant Southeast,Line 3,Model-C,111,107,96.9
2025-06-13,2025-W24,Plant Midwest,Line 1,Model-A,122,116,95.9
2025-06-13,2025-W24,Plant Midwest,Line 1,Model-B,121,114,94.3
2025-06-13,2025-W24,Plant Midwest,Line 1,Model-C,120,114,95.6
2025-06-13,2025-W24,Plant Midwest,Line 2,Model-A,125,120,96.1
2025-06-13,2025-W24,Plant Midwest,Line 2,Model-B,112,107,96.1
2025-06-13,2025-W24,Plant Midwest,Line 2,Model-C,124,120,97.0
2025-06-13,2025-W24,Plant Midwest,Line 3,Model-A,110,107,97.5
2025-06-13,2025-W24,Plant Midwest,Line 3,Model-B,115,109,95.4
2025-06-13,2025-W24,Plant Midwest,Line 3,Model-C,117,111,95.6
2025-06-13,2025-W24,Plant Southeast,Line 1,Model-A,112,107,95.9
2025-06-13,2025-W24,Plant Southeast,Line 1,Model-B,112,107,95.6
2025-06-13,2025-W24,Plant Southeast,Line 1,Model-C,129,124,96.5
2025-06-13,2025-W24,Plant Southeast,Line 2,Model-A,122,118,96.8
2025-06-13,2025-W24,Plant Southeast,Line 2,Model-B,128,122,95.7
2025-06-13,2025-W24,Plant Southeast,Line 2,Model-C,128,123,96.8
2025-06-13,2025-W24,Plant Southeast,Line 3,Model-A,122,118,97.4
2025-06-13,2025-W24,Plant Southeast,Line 3,Model-B,122,119,97.9
2025-06-13,2025-W24,Plant Southeast,Line 3,Model-C,120,114,95.4
2025-06-14,2025-W24,Plant Midwest,Line 1,Model-A,128,123,96.4
2025-06-14,2025-W24,Plant Midwest,Line 1,Model-B,125,118,95.0
2025-06-14,2025-W24,Plant Midwest,Line 1,Model-C,128,125,98.2
2025-06-14,2025-W24,Plant Midwest,Line 2,Model-A,118,112,95.7
2025-06-14,2025-W24,Plant Midwest,Line 2,Model-B,129,125,97.0
2025-06-14,2025-W24,Plant Midwest,Line 2,Model-C,128,123,96.6
2025-06-14,2025-W24,Plant Midwest,Line 3,Model-A,121,115,95.6
2025-06-14,2025-W24,Plant Midwest,Line 3,Model-B,120,115,96.2
2025-06-14,2025-W24,Plant Midwest,Line 3,Model-C,119,116,97.8
2025-06-14,2025-W24,Plant Southeast,Line 1,Model-A,123,118,96.2
2025-06-14,2025-W24,Plant Southeast,Line 1,Model-B,129,125,96.9
2025-06-14,2025-W24,Plant Southeast,Line 1,Model-C,110,104,95.0
2025-06-14,2025-W24,Plant Southeast,Line 2,Model-A,112,108,96.5
2025-06-14,2025-W24,Plant Southeast,Line 2,Model-B,124,120,97.2
2025-06-14,2025-W24,Plant Southeast,Line 2,Model-C,116,111,95.8
2025-06-14,2025-W24,Plant Southeast,Line 3,Model-A,121,118,97.9
2025-06-14,2025-W24,Plant Southeast,Line 3,Model-B,115,108,94.6
2025-06-14,2025-W24,Plant Southeast,Line 3,Model-C,114,110,96.8
2025-06-15,2025-W24,Plant Midwest,Line 1,Model-A,123,118,96.5
2025-06-15,2025-W24,Plant Midwest,Line 1,Model-B,122,117,96.3
2025-06-15,2025-W24,Plant Midwest,Line 1,Model-C,129,123,95.4
2025-06-15,2025-W24,Plant Midwest,Line 2,Model-A,126,122,97.5
2025-06-15,2025-W24,Plant Midwest,Line 2,Model-B,116,109,94.4
2025-06-15,2025-W24,Plant Midwest,Line 2,Model-C,118,112,95.3
2025-06-15,2025-W24,Plant Midwest,Line 3,Model-A,122,117,96.4
2025-06-15,2025-W24,Plant Midwest,Line 3,Model-B,124,118,95.4
2025-06-15,2025-W24,Plant Midwest,Line 3,Model-C,128,123,96.2
2025-06-15,2025-W24,Plant Southeast,Line 1,Model-A,112,107,95.6
2025-06-15,2025-W24,Plant Southeast,Line 1,Model-B,125,120,96.1
2025-06-15,2025-W24,Plant Southeast,Line 1,Model-C,128,124,97.0
2025-06-15,2025-W24,Plant Southeast,Line 2,Model-A,115,112,97.5
2025-06-15,2025-W24,Plant Southeast,Line 2,Model-B,129,122,95.3
2025-06-15,2025-W24,Plant Southeast,Line 2,Model-C,115,108,94.4
2025-06-15,2025-W24,Plant Southeast,Line 3,Model-A,116,110,95.2
2025-06-15,2025-W24,Plant Southeast,Line 3,Model-B,126,123,98.2
2025-06-15,2025-W24,Plant Southeast,Line 3,Model-C,127,121,95.8
2025-06-16,2025-W25,Plant Midwest,Line 1,Model-A,115,110,95.9
2025-06-16,2025-W25,Plant Midwest,Line 1,Model-B,121,117,96.8
2025-06-16,2025-W25,Plant Midwest,Line 1,Model-C,111,106,96.3
2025-06-16,2025-W25,Plant Midwest,Line 2,Model-A,113,108,95.9
2025-06-16,2025-W25,Plant Midwest,Line 2,Model-B,110,105,96.1
2025-06-16,2025-W25,Plant Midwest,Line 2,Model-C,112,107,95.9
2025-06-16,2025-W25,Plant Midwest,Line 3,Model-A,117,113,97.1
2025-06-16,2025-W25,Plant Midwest,Line 3,Model-B,127,121,95.7
2025-06-16,2025-W25,Plant Midwest,Line 3,Model-C,129,124,96.3
2025-06-16,2025-W25,Plant Southeast,Line 1,Model-A,123,117,95.6
2025-06-16,2025-W25,Plant Southeast,Line 1,Model-B,127,123,97.0
2025-06-16,2025-W25,Plant Southeast,Line 1,Model-C,113,108,96.3
2025-06-16,2025-W25,Plant Southeast,Line 2,Model-A,114,110,96.6
2025-06-16,2025-W25,Plant Southeast,Line 2,Model-B,113,110,97.4
2025-06-16,2025-W25,Plant Southeast,Line 2,Model-C,120,114,95.1
2025-06-16,2025-W25,Plant Southeast,Line 3,Model-A,116,110,95.4
2025-06-16,2025-W25,Plant Southeast,Line 3,Model-B,110,104,95.4
2025-06-16,2025-W25,Plant Southeast,Line 3,Model-C,121,114,94.9
2025-06-17,2025-W25,Plant Midwest,Line 1,Model-A,117,112,96.1
2025-06-17,2025-W25,Plant Midwest,Line 1,Model-B,127,123,97.3
2025-06-17,2025-W25,Plant Midwest,Line 1,Model-C,114,110,96.5
2025-06-17,2025-W25,Plant Midwest,Line 2,Model-A,116,111,95.8
2025-06-17,2025-W25,Plant Midwest,Line 2,Model-B,118,113,96.5
2025-06-17,2025-W25,Plant Midwest,Line 2,Model-C,124,117,95.0
2025-06-17,2025-W25,Plant Midwest,Line 3,Model-A,111,105,95.2
2025-06-17,2025-W25,Plant Midwest,Line 3,Model-B,127,123,97.4
2025-06-17,2025-W25,Plant Midwest,Line 3,Model-C,112,107,96.1
2025-06-17,2025-W25,Plant Southeast,Line 1,Model-A,115,109,95.1
2025-06-17,2025-W25,Plant Southeast,Line 1,Model-B,114,109,96.0
2025-06-17,2025-W25,Plant Southeast,Line 1,Model-C,127,120,95.1
2025-06-17,2025-W25,Plant Southeast,Line 2,Model-A,113,109,97.1
2025-06-17,2025-W25,Plant Southeast,Line 2,Model-B,111,106,95.8
2025-06-17,2025-W25,Plant Southeast,Line 2,Model-C,121,116,96.2
2025-06-17,2025-W25,Plant Southeast,Line 3,Model-A,125,120,96.8
2025-06-17,2025-W25,Plant Southeast,Line 3,Model-B,123,118,96.0
2025-06-17,2025-W25,Plant Southeast,Line 3,Model-C,128,121,95.3
2025-06-18,2025-W25,Plant Midwest,Line 1,Model-A,126,119,95.2
2025-06-18,2025-W25,Plant Midwest,Line 1,Model-B,114,109,96.4
2025-06-18,2025-W25,Plant Midwest,Line 1,Model-C,114,109,96.3
2025-06-18,2025-W25,Plant Midwest,Line 2,Model-A,119,115,97.5
2025-06-18,2025-W25,Plant Midwest,Line 2,Model-B,116,112,97.3
2025-06-18,2025-W25,Plant Midwest,Line 2,Model-C,124,117,95.0
2025-06-18,2025-W25,Plant Midwest,Line 3,Model-A,112,107,95.8
2025-06-18,2025-W25,Plant Midwest,Line 3,Model-B,124,118,95.8
2025-06-18,2025-W25,Plant Midwest,Line 3,Model-C,112,107,96.1
2025-06-18,2025-W25,Plant Southeast,Line 1,Model-A,122,116,95.8
2025-06-18,2025-W25,Plant Southeast,Line 1,Model-B,128,122,95.9
2025-06-18,2025-W25,Plant Southeast,Line 1,Model-C,129,124,96.7
2025-06-18,2025-W25,Plant Southeast,Line 2,Model-A,124,118,95.6
2025-06-18,2025-W25,Plant Southeast,Line 2,Model-B,122,117,96.2
2025-06-18,2025-W25,Plant Southeast,Line 2,Model-C,117,114,97.6
2025-06-18,2025-W25,Plant Southeast,Line 3,Model-A,125,122,97.7
2025-06-18,2025-W25,Plant Southeast,Line 3,Model-B,118,114,96.6
2025-06-18,2025-W25,Plant Southeast,Line 3,Model-C,116,111,96.3
2025-06-19,2025-W25,Plant Midwest,Line 1,Model-A,124,119,96.7
2025-06-19,2025-W25,Plant Midwest,Line 1,Model-B,126,121,96.6
2025-06-19,2025-W25,Plant Midwest,Line 1,Model-C,114,107,94.6
2025-06-19,2025-W25,Plant Midwest,Line 2,Model-A,125,119,95.7
2025-06-19,2025-W25,Plant Midwest,Line 2,Model-B,123,116,94.5
2025-06-19,2025-W25,Plant Midwest,Line 2,Model-C,127,120,94.6
2025-06-19,2025-W25,Plant Midwest,Line 3,Model-A,121,117,96.8
2025-06-19,2025-W25,Plant Midwest,Line 3,Model-B,113,109,97.1
2025-06-19,2025-W25,Plant Midwest,Line 3,Model-C,120,116,97.1
2025-06-19,2025-W25,Plant Southeast,Line 1,Model-A,127,123,96.9
2025-06-19,2025-W25,Plant Southeast,Line 1,Model-B,122,117,96.0
2025-06-19,2025-W25,Plant Southeast,Line 1,Model-C,128,122,95.8
2025-06-19,2025-W25,Plant Southeast,Line 2,Model-A,124,121,97.6
2025-06-19,2025-W25,Plant Southeast,Line 2,Model-B,110,104,95.4
2025-06-19,2025-W25,Plant Southeast,Line 2,Model-C,113,108,96.3
2025-06-19,2025-W25,Plant Southeast,Line 3,Model-A,125,120,96.6
2025-06-19,2025-W25,Plant Southeast,Line 3,Model-B,125,120,96.2
2025-06-19,2025-W25,Plant Southeast,Line 3,Model-C,114,108,95.4
2025-06-20,2025-W25,Plant Midwest,Line 1,Model-A,129,124,96.6
2025-06-20,2025-W25,Plant Midwest,Line 1,Model-B,111,106,95.8
2025-06-20,2025-W25,Plant Midwest,Line 1,Model-C,119,113,95.1
2025-06-20,2025-W25,Plant Midwest,Line 2,Model-A,121,118,98.3
2025-06-20,2025-W25,Plant Midwest,Line 2,Model-B,124,121,97.8
2025-06-20,2025-W25,Plant Midwest,Line 2,Model-C,120,114,95.4
2025-06-20,2025-W25,Plant Midwest,Line 3,Model-A,128,123,96.2
2025-06-20,2025-W25,Plant Midwest,Line 3,Model-B,121,116,96.2
2025-06-20,2025-W25,Plant Midwest,Line 3,Model-C,118,114,97.3
2025-06-20,2025-W25,Plant Southeast,Line 1,Model-A,128,123,96.8
2025-06-20,2025-W25,Plant Southeast,Line 1,Model-B,127,121,95.7
2025-06-20,2025-W25,Plant Southeast,Line 1,Model-C,110,106,96.9
2025-06-20,2025-W25,Plant Southeast,Line 2,Model-A,128,122,95.6
2025-06-20,2025-W25,Plant Southeast,Line 2,Model-B,126,121,96.2
2025-06-20,2025-W25,Plant Southeast,Line 2,Model-C,114,108,95.6
2025-06-20,2025-W25,Plant Southeast,Line 3,Model-A,112,108,96.5
2025-06-20,2025-W25,Plant Southeast,Line 3,Model-B,117,110,94.4
2025-06-20,2025-W25,Plant Southeast,Line 3,Model-C,125,121,97.1
2025-06-21,2025-W25,Plant Midwest,Line 1,Model-A,125,118,94.8
2025-06-21,2025-W25,Plant Midwest,Line 1,Model-B,118,115,97.7
2025-06-21,2025-W25,Plant Midwest,Line 1,Model-C,110,104,95.1
2025-06-21,2025-W25,Plant Midwest,Line 2,Model-A,120,114,95.4
2025-06-21,2025-W25,Plant Midwest,Line 2,Model-B,120,113,94.7
2025-06-21,2025-W25,Plant Midwest,Line 2,Model-C,120,114,95.4
2025-06-21,2025-W25,Plant Midwest,Line 3,Model-A,127,120,95.3
2025-06-21,2025-W25,Plant Midwest,Line 3,Model-B,116,111,96.4
2025-06-21,2025-W25,Plant Midwest,Line 3,Model-C,122,116,95.8
2025-06-21,2025-W25,Plant Southeast,Line 1,Model-A,116,112,96.8
2025-06-21,2025-W25,Plant Southeast,Line 1,Model-B,127,122,96.2
2025-06-21,2025-W25,Plant Southeast,Line 1,Model-C,118,113,96.1
2025-06-21,2025-W25,Plant Southeast,Line 2,Model-A,122,116,95.2
2025-06-21,2025-W25,Plant Southeast,Line 2,Model-B,117,112,95.9
2025-06-21,2025-W25,Plant Southeast,Line 2,Model-C,125,120,96.1
2025-06-21,2025-W25,Plant Southeast,Line 3,Model-A,129,123,95.3
2025-06-21,2025-W25,Plant Southeast,Line 3,Model-B,114,108,95.5
2025-06-21,2025-W25,Plant Southeast,Line 3,Model-C,127,122,96.7
2025-06-22,2025-W25,Plant Midwest,Line 1,Model-A,118,111,94.7
2025-06-22,2025-W25,Plant Midwest,Line 1,Model-B,115,110,96.2
2025-06-22,2025-W25,Plant Midwest,Line 1,Model-C,115,110,96.3
2025-06-22,2025-W25,Plant Midwest,Line 2,Model-A,117,112,95.9
2025-06-22,2025-W25,Plant Midwest,Line 2,Model-B,112,107,96.1
2025-06-22,2025-W25,Plant Midwest,Line 2,Model-C,128,121,95.2
2025-06-22,2025-W25,Plant Midwest,Line 3,Model-A,127,121,95.5
2025-06-22,2025-W25,Plant Midwest,Line 3,Model-B,122,118,97.3
2025-06-22,2025-W25,Plant Midwest,Line 3,Model-C,112,107,96.2
2025-06-22,2025-W25,Plant Southeast,Line 1,Model-A,122,117,96.2
2025-06-22,2025-W25,Plant Southeast,Line 1,Model-B,126,121,96.4
2025-06-22,2025-W25,Plant Southeast,Line 1,Model-C,125,121,97.1
2025-06-22,2025-W25,Plant Southeast,Line 2,Model-A,111,107,97.1
2025-06-22,2025-W25,Plant Southeast,Line 2,Model-B,125,120,96.6
2025-06-22,2025-W25,Plant Southeast,Line 2,Model-C,128,122,95.5
2025-06-22,2025-W25,Plant Southeast,Line 3,Model-A,110,104,95.3
2025-06-22,2025-W25,Plant Southeast,Line 3,Model-B,111,107,96.6
2025-06-22,2025-W25,Plant Southeast,Line 3,Model-C,127,121,95.7
2025-06-23,2025-W26,Plant Midwest,Line 1,Model-A,111,108,97.8
2025-06-23,2025-W26,Plant Midwest,Line 1,Model-B,115,109,95.1
2025-06-23,2025-W26,Plant Midwest,Line 1,Model-C,118,113,96.3
2025-06-23,2025-W26,Plant Midwest,Line 2,Model-A,129,122,95.2
2025-06-23,2025-W26,Plant Midwest,Line 2,Model-B,127,121,95.6
2025-06-23,2025-W26,Plant Midwest,Line 2,Model-C,118,112,94.9
2025-06-23,2025-W26,Plant Midwest,Line 3,Model-A,124,120,97.0
2025-06-23,2025-W26,Plant Midwest,Line 3,Model-B,122,117,96.0
2025-06-23,2025-W26,Plant Midwest,Line 3,Model-C,118,112,95.4
2025-06-23,2025-W26,Plant Southeast,Line 1,Model-A,124,118,95.5
2025-06-23,2025-W26,Plant Southeast,Line 1,Model-B,112,109,97.6
2025-06-23,2025-W26,Plant Southeast,Line 1,Model-C,114,110,96.6
2025-06-23,2025-W26,Plant Southeast,Line 2,Model-A,129,124,96.3
2025-06-23,2025-W26,Plant Southeast,Line 2,Model-B,122,117,96.3
2025-06-23,2025-W26,Plant Southeast,Line 2,Model-C,113,109,96.7
2025-06-23,2025-W26,Plant Southeast,Line 3,Model-A,125,119,95.9
2025-06-23,2025-W26,Plant Southeast,Line 3,Model-B,123,116,94.7
2025-06-23,2025-W26,Plant Southeast,Line 3,Model-C,118,112,95.4
2025-06-24,2025-W26,Plant Midwest,Line 1,Model-A,129,126,97.8
2025-06-24,2025-W26,Plant Midwest,Line 1,Model-B,116,111,96.3
2025-06-24,2025-W26,Plant Midwest,Line 1,Model-C,117,111,95.0
2025-06-24,2025-W26,Plant Midwest,Line 2,Model-A,114,108,95.1
2025-06-24,2025-W26,Plant Midwest,Line 2,Model-B,127,121,95.9
2025-06-24,2025-W26,Plant Midwest,Line 2,Model-C,122,117,96.1
2025-06-24,2025-W26,Plant Midwest,Line 3,Model-A,111,106,96.1
2025-06-24,2025-W26,Plant Midwest,Line 3,Model-B,119,114,96.6
2025-06-24,2025-W26,Plant Midwest,Line 3,Model-C,115,109,95.4
2025-06-24,2025-W26,Plant Southeast,Line 1,Model-A,120,115,95.9
2025-06-24,2025-W26,Plant Southeast,Line 1,Model-B,129,123,95.5
2025-06-24,2025-W26,Plant Southeast,Line 1,Model-C,128,123,96.8
2025-06-24,2025-W26,Plant Southeast,Line 2,Model-A,124,119,96.6
2025-06-24,2025-W26,Plant Southeast,Line 2,Model-B,121,116,96.6
2025-06-24,2025-W26,Plant Southeast,Line 2,Model-C,112,107,95.9
2025-06-24,2025-W26,Plant Southeast,Line 3,Model-A,115,110,96.5
2025-06-24,2025-W26,Plant Southeast,Line 3,Model-B,113,107,95.0
2025-06-24,2025-W26,Plant Southeast,Line 3,Model-C,125,119,95.3
2025-06-25,2025-W26,Plant Midwest,Line 1,Model-A,124,120,96.8
2025-06-25,2025-W26,Plant Midwest,Line 1,Model-B,127,121,95.7
2025-06-25,2025-W26,Plant Midwest,Line 1,Model-C,125,120,96.4
2025-06-25,2025-W26,Plant Midwest,Line 2,Model-A,122,117,96.4
2025-06-25,2025-W26,Plant Midwest,Line 2,Model-B,122,117,96.5
2025-06-25,2025-W26,Plant Midwest,Line 2,Model-C,113,109,96.5
2025-06-25,2025-W26,Plant Midwest,Line 3,Model-A,115,110,96.5
2025-06-25,2025-W26,Plant Midwest,Line 3,Model-B,126,121,96.3
2025-06-25,2025-W26,Plant Midwest,Line 3,Model-C,123,118,96.3
2025-06-25,2025-W26,Plant Southeast,Line 1,Model-A,128,125,98.0
2025-06-25,2025-W26,Plant Southeast,Line 1,Model-B,111,106,96.2
2025-06-25,2025-W26,Plant Southeast,Line 1,Model-C,125,120,96.1
2025-06-25,2025-W26,Plant Southeast,Line 2,Model-A,116,112,96.8
2025-06-25,2025-W26,Plant Southeast,Line 2,Model-B,129,124,96.7
2025-06-25,2025-W26,Plant Southeast,Line 2,Model-C,125,121,96.9
2025-06-25,2025-W26,Plant Southeast,Line 3,Model-A,118,113,95.9
2025-06-25,2025-W26,Plant Southeast,Line 3,Model-B,122,118,97.0
2025-06-25,2025-W26,Plant Southeast,Line 3,Model-C,113,109,96.9
2025-06-26,2025-W26,Plant Midwest,Line 1,Model-A,112,107,96.1
2025-06-26,2025-W26,Plant Midwest,Line 1,Model-B,117,112,96.3
2025-06-26,2025-W26,Plant Midwest,Line 1,Model-C,116,111,96.0
2025-06-26,2025-W26,Plant Midwest,Line 2,Model-A,115,112,97.6
2025-06-26,2025-W26,Plant Midwest,Line 2,Model-B,116,110,95.3
2025-06-26,2025-W26,Plant Midwest,Line 2,Model-C,120,115,95.9
2025-06-26,2025-W26,Plant Midwest,Line 3,Model-A,119,113,95.1
2025-06-26,2025-W26,Plant Midwest,Line 3,Model-B,113,108,96.4
2025-06-26,2025-W26,Plant Midwest,Line 3,Model-C,114,111,98.2
2025-06-26,2025-W26,Plant Southeast,Line 1,Model-A,112,107,96.4
2025-06-26,2025-W26,Plant Southeast,Line 1,Model-B,125,120,96.5
2025-06-26,2025-W26,Plant Southeast,Line 1,Model-C,129,124,96.5
2025-06-26,2025-W26,Plant Southeast,Line 2,Model-A,124,120,97.2
2025-06-26,2025-W26,Plant Southeast,Line 2,Model-B,126,122,97.0
2025-06-26,2025-W26,Plant Southeast,Line 2,Model-C,129,123,96.0
2025-06-26,2025-W26,Plant Southeast,Line 3,Model-A,123,117,95.5
2025-06-26,2025-W26,Plant Southeast,Line 3,Model-B,127,123,97.1
2025-06-26,2025-W26,Plant Southeast,Line 3,Model-C,117,113,97.4
2025-06-27,2025-W26,Plant Midwest,Line 1,Model-A,124,120,97.0
2025-06-27,2025-W26,Plant Midwest,Line 1,Model-B,129,123,95.6
2025-06-27,2025-W26,Plant Midwest,Line 1,Model-C,126,121,96.4
2025-06-27,2025-W26,Plant Midwest,Line 2,Model-A,111,105,94.9
2025-06-27,2025-W26,Plant Midwest,Line 2,Model-B,127,123,97.0
2025-06-27,2025-W26,Plant Midwest,Line 2,Model-C,115,110,96.1
2025-06-27,2025-W26,Plant Midwest,Line 3,Model-A,123,118,96.4
2025-06-27,2025-W26,Plant Midwest,Line 3,Model-B,129,123,95.8
2025-06-27,2025-W26,Plant Midwest,Line 3,Model-C,112,106,95.5
2025-06-27,2025-W26,Plant Southeast,Line 1,Model-A,125,120,96.5
2025-06-27,2025-W26,Plant Southeast,Line 1,Model-B,111,106,96.4
2025-06-27,2025-W26,Plant Southeast,Line 1,Model-C,115,111,96.6
2025-06-27,2025-W26,Plant Southeast,Line 2,Model-A,126,121,96.2
2025-06-27,2025-W26,Plant Southeast,Line 2,Model-B,129,124,96.2
2025-06-27,2025-W26,Plant Southeast,Line 2,Model-C,125,121,97.1
2025-06-27,2025-W26,Plant Southeast,Line 3,Model-A,118,111,94.6
2025-06-27,2025-W26,Plant Southeast,Line 3,Model-B,114,110,96.8
2025-06-27,2025-W26,Plant Southeast,Line 3,Model-C,111,109,98.5
2025-06-28,2025-W26,Plant Midwest,Line 1,Model-A,115,111,96.7
2025-06-28,2025-W26,Plant Midwest,Line 1,Model-B,116,111,96.5
2025-06-28,2025-W26,Plant Midwest,Line 1,Model-C,110,106,96.8
2025-06-28,2025-W26,Plant Midwest,Line 2,Model-A,113,107,95.4
2025-06-28,2025-W26,Plant Midwest,Line 2,Model-B,113,108,96.1
2025-06-28,2025-W26,Plant Midwest,Line 2,Model-C,110,105,96.2
2025-06-28,2025-W26,Plant Midwest,Line 3,Model-A,119,114,96.1
2025-06-28,2025-W26,Plant Midwest,Line 3,Model-B,127,121,95.8
2025-06-28,2025-W26,Plant Midwest,Line 3,Model-C,122,118,96.9
2025-06-28,2025-W26,Plant Southeast,Line 1,Model-A,119,115,97.1
2025-06-28,2025-W26,Plant Southeast,Line 1,Model-B,126,121,96.4
2025-06-28,2025-W26,Plant Southeast,Line 1,Model-C,127,122,96.2
2025-06-28,2025-W26,Plant Southeast,Line 2,Model-A,119,112,94.8
2025-06-28,2025-W26,Plant Southeast,Line 2,Model-B,110,106,96.6
2025-06-28,2025-W26,Plant Southeast,Line 2,Model-C,113,108,96.4
2025-06-28,2025-W26,Plant Southeast,Line 3,Model-A,123,117,95.7
2025-06-28,2025-W26,Plant Southeast,Line 3,Model-B,118,114,96.7
2025-06-28,2025-W26,Plant Southeast,Line 3,Model-C,129,123,95.8
2025-06-29,2025-W26,Plant Midwest,Line 1,Model-A,115,110,96.3
2025-06-29,2025-W26,Plant Midwest,Line 1,Model-B,116,110,95.3
2025-06-29,2025-W26,Plant Midwest,Line 1,Model-C,128,122,95.7
2025-06-29,2025-W26,Plant Midwest,Line 2,Model-A,112,107,96.1
2025-06-29,2025-W26,Plant Midwest,Line 2,Model-B,120,115,96.2
2025-06-29,2025-W26,Plant Midwest,Line 2,Model-C,118,114,96.9
2025-06-29,2025-W26,Plant Midwest,Line 3,Model-A,119,114,96.1
2025-06-29,2025-W26,Plant Midwest,Line 3,Model-B,126,120,95.9
2025-06-29,2025-W26,Plant Midwest,Line 3,Model-C,115,109,95.5
2025-06-29,2025-W26,Plant Southeast,Line 1,Model-A,123,117,95.8
2025-06-29,2025-W26,Plant Southeast,Line 1,Model-B,112,106,95.5
2025-06-29,2025-W26,Plant Southeast,Line 1,Model-C,121,116,96.5
2025-06-29,2025-W26,Plant Southeast,Line 2,Model-A,111,106,96.3
2025-06-29,2025-W26,Plant Southeast,Line 2,Model-B,114,110,97.2
2025-06-29,2025-W26,Plant Southeast,Line 2,Model-C,110,105,96.0
2025-06-29,2025-W26,Plant Southeast,Line 3,Model-A,117,112,96.4
2025-06-29,2025-W26,Plant Southeast,Line 3,Model-B,125,119,95.9
2025-06-29,2025-W26,Plant Southeast,Line 3,Model-C,116,111,96.2
2025-06-30,2025-W27,Plant Midwest,Line 1,Model-A,121,116,96.3
2025-06-30,2025-W27,Plant Midwest,Line 1,Model-B,111,108,98.2
2025-06-30,2025-W27,Plant Midwest,Line 1,Model-C,123,120,97.9
2025-06-30,2025-W27,Plant Midwest,Line 2,Model-A,111,105,95.2
2025-06-30,2025-W27,Plant Midwest,Line 2,Model-B,119,114,96.0
2025-06-30,2025-W27,Plant Midwest,Line 2,Model-C,121,115,95.1
2025-06-30,2025-W27,Plant Midwest,Line 3,Model-A,115,109,95.4
2025-06-30,2025-W27,Plant Midwest,Line 3,Model-B,110,107,97.6
2025-06-30,2025-W27,Plant Midwest,Line 3,Model-C,124,118,95.5
2025-06-30,2025-W27,Plant Southeast,Line 1,Model-A,127,122,96.3
2025-06-30,2025-W27,Plant Southeast,Line 1,Model-B,115,110,95.8
2025-06-30,2025-W27,Plant Southeast,Line 1,Model-C,122,117,96.1
2025-06-30,2025-W27,Plant Southeast,Line 2,Model-A,116,112,96.9
2025-06-30,2025-W27,Plant Southeast,Line 2,Model-B,114,110,97.0
2025-06-30,2025-W27,Plant Southeast,Line 2,Model-C,111,106,95.9
2025-06-30,2025-W27,Plant Southeast,Line 3,Model-A,115,110,96.4
2025-06-30,2025-W27,Plant Southeast,Line 3,Model-B,125,119,95.7
2025-06-30,2025-W27,Plant Southeast,Line 3,Model-C,124,120,97.1
2025-07-01,2025-W27,Plant Midwest,Line 1,Model-A,112,107,95.9
2025-07-01,2025-W27,Plant Midwest,Line 1,Model-B,118,113,95.9
2025-07-01,2025-W27,Plant Midwest,Line 1,Model-C,118,114,97.1
2025-07-01,2025-W27,Plant Midwest,Line 2,Model-A,116,112,96.6
2025-07-01,2025-W27,Plant Midwest,Line 2,Model-B,118,112,95.2
2025-07-01,2025-W27,Plant Midwest,Line 2,Model-C,115,109,95.3
2025-07-01,2025-W27,Plant Midwest,Line 3,Model-A,116,112,97.1
2025-07-01,2025-W27,Plant Midwest,Line 3,Model-B,113,109,96.5
2025-07-01,2025-W27,Plant Midwest,Line 3,Model-C,126,121,96.6
2025-07-01,2025-W27,Plant Southeast,Line 1,Model-A,124,119,96.1
2025-07-01,2025-W27,Plant Southeast,Line 1,Model-B,119,115,96.8
2025-07-01,2025-W27,Plant Southeast,Line 1,Model-C,125,120,96.3
2025-07-01,2025-W27,Plant Southeast,Line 2,Model-A,118,115,97.5
2025-07-01,2025-W27,Plant Southeast,Line 2,Model-B,126,121,96.3
2025-07-01,2025-W27,Plant Southeast,Line 2,Model-C,123,116,94.4
2025-07-01,2025-W27,Plant Southeast,Line 3,Model-A,113,106,94.4
2025-07-01,2025-W27,Plant Southeast,Line 3,Model-B,127,121,95.9
2025-07-01,2025-W27,Plant Southeast,Line 3,Model-C,110,106,96.8
2025-07-02,2025-W27,Plant Midwest,Line 1,Model-A,120,115,96.3
2025-07-02,2025-W27,Plant Midwest,Line 1,Model-B,120,114,95.7
2025-07-02,2025-W27,Plant Midwest,Line 1,Model-C,115,110,96.4
2025-07-02,2025-W27,Plant Midwest,Line 2,Model-A,123,116,95.1
2025-07-02,2025-W27,Plant Midwest,Line 2,Model-B,110,105,96.2
2025-07-02,2025-W27,Plant Midwest,Line 2,Model-C,118,113,96.0
2025-07-02,2025-W27,Plant Midwest,Line 3,Model-A,113,108,96.5
2025-07-02,2025-W27,Plant Midwest,Line 3,Model-B,119,116,97.5
2025-07-02,2025-W27,Plant Midwest,Line 3,Model-C,122,117,96.5
2025-07-02,2025-W27,Plant Southeast,Line 1,Model-A,129,124,96.7
2025-07-02,2025-W27,Plant Southeast,Line 1,Model-B,114,108,95.2
2025-07-02,2025-W27,Plant Southeast,Line 1,Model-C,123,118,96.5
2025-07-02,2025-W27,Plant Southeast,Line 2,Model-A,126,123,98.3
2025-07-02,2025-W27,Plant Southeast,Line 2,Model-B,124,119,96.3
2025-07-02,2025-W27,Plant Southeast,Line 2,Model-C,120,115,96.1
2025-07-02,2025-W27,Plant Southeast,Line 3,Model-A,124,118,95.9
2025-07-02,2025-W27,Plant Southeast,Line 3,Model-B,114,111,97.8
2025-07-02,2025-W27,Plant Southeast,Line 3,Model-C,123,118,96.1
2025-07-03,2025-W27,Plant Midwest,Line 1,Model-A,126,120,95.7
2025-07-03,2025-W27,Plant Midwest,Line 1,Model-B,111,104,93.9
2025-07-03,2025-W27,Plant Midwest,Line 1,Model-C,110,105,96.3
2025-07-03,2025-W27,Plant Midwest,Line 2,Model-A,110,106,96.9
2025-07-03,2025-W27,Plant Midwest,Line 2,Model-B,121,115,95.8
2025-07-03,2025-W27,Plant Midwest,Line 2,Model-C,120,116,97.1
2025-07-03,2025-W27,Plant Midwest,Line 3,Model-A,126,120,95.9
2025-07-03,2025-W27,Plant Midwest,Line 3,Model-B,129,125,97.0
2025-07-03,2025-W27,Plant Midwest,Line 3,Model-C,113,108,96.3
2025-07-03,2025-W27,Plant Southeast,Line 1,Model-A,123,118,96.7
2025-07-03,2025-W27,Plant Southeast,Line 1,Model-B,113,109,96.5
2025-07-03,2025-W27,Plant Southeast,Line 1,Model-C,110,106,96.5
2025-07-03,2025-W27,Plant Southeast,Line 2,Model-A,126,122,97.3
2025-07-03,2025-W27,Plant Southeast,Line 2,Model-B,116,109,94.8
2025-07-03,2025-W27,Plant Southeast,Line 2,Model-C,115,109,95.3
2025-07-03,2025-W27,Plant Southeast,Line 3,Model-A,118,113,96.6
2025-07-03,2025-W27,Plant Southeast,Line 3,Model-B,123,116,95.1
2025-07-03,2025-W27,Plant Southeast,Line 3,Model-C,116,111,96.4
2025-07-04,2025-W27,Plant Midwest,Line 1,Model-A,110,105,96.1
2025-07-04,2025-W27,Plant Midwest,Line 1,Model-B,112,109,97.5
2025-07-04,2025-W27,Plant Midwest,Line 1,Model-C,129,121,94.3
2025-07-04,2025-W27,Plant Midwest,Line 2,Model-A,111,107,96.8
2025-07-04,2025-W27,Plant Midwest,Line 2,Model-B,123,117,95.7
2025-07-04,2025-W27,Plant Midwest,Line 2,Model-C,121,117,96.9
2025-07-04,2025-W27,Plant Midwest,Line 3,Model-A,110,104,95.4
2025-07-04,2025-W27,Plant Midwest,Line 3,Model-B,111,107,96.9
2025-07-04,2025-W27,Plant Midwest,Line 3,Model-C,121,116,96.0
2025-07-04,2025-W27,Plant Southeast,Line 1,Model-A,113,108,95.9
2025-07-04,2025-W27,Plant Southeast,Line 1,Model-B,117,113,96.8
2025-07-04,2025-W27,Plant Southeast,Line 1,Model-C,125,119,95.3
2025-07-04,2025-W27,Plant Southeast,Line 2,Model-A,111,107,96.6
2025-07-04,2025-W27,Plant Southeast,Line 2,Model-B,112,107,95.6
2025-07-04,2025-W27,Plant Southeast,Line 2,Model-C,121,117,96.8
2025-07-04,2025-W27,Plant Southeast,Line 3,Model-A,123,118,96.6
2025-07-04,2025-W27,Plant Southeast,Line 3,Model-B,125,120,96.5
2025-07-04,2025-W27,Plant Southeast,Line 3,Model-C,123,118,96.1
2025-07-05,2025-W27,Plant Midwest,Line 1,Model-A,115,109,95.1
2025-07-05,2025-W27,Plant Midwest,Line 1,Model-B,127,122,96.2
2025-07-05,2025-W27,Plant Midwest,Line 1,Model-C,121,116,96.5
2025-07-05,2025-W27,Plant Midwest,Line 2,Model-A,128,124,97.1
2025-07-05,2025-W27,Plant Midwest,Line 2,Model-B,117,113,97.1
2025-07-05,2025-W27,Plant Midwest,Line 2,Model-C,115,110,96.1
2025-07-05,2025-W27,Plant Midwest,Line 3,Model-A,129,124,96.6
2025-07-05,2025-W27,Plant Midwest,Line 3,Model-B,120,115,96.5
2025-07-05,2025-W27,Plant Midwest,Line 3,Model-C,124,118,95.2
2025-07-05,2025-W27,Plant Southeast,Line 1,Model-A,114,109,96.0
2025-07-05,2025-W27,Plant Southeast,Line 1,Model-B,118,112,95.3
2025-07-05,2025-W27,Plant Southeast,Line 1,Model-C,126,121,96.6
2025-07-05,2025-W27,Plant Southeast,Line 2,Model-A,117,113,96.7
2025-07-05,2025-W27,Plant Southeast,Line 2,Model-B,117,110,94.7
2025-07-05,2025-W27,Plant Southeast,Line 2,Model-C,119,113,95.6
2025-07-05,2025-W27,Plant Southeast,Line 3,Model-A,123,120,97.7
2025-07-05,2025-W27,Plant Southeast,Line 3,Model-B,123,117,95.4
2025-07-05,2025-W27,Plant Southeast,Line 3,Model-C,123,118,96.7
2025-07-06,2025-W27,Plant Midwest,Line 1,Model-A,111,106,95.9
2025-07-06,2025-W27,Plant Midwest,Line 1,Model-B,128,122,95.6
2025-07-06,2025-W27,Plant Midwest,Line 1,Model-C,110,107,97.8
2025-07-06,2025-W27,Plant Midwest,Line 2,Model-A,122,118,97.2
2025-07-06,2025-W27,Plant Midwest,Line 2,Model-B,111,108,97.4
2025-07-06,2025-W27,Plant Midwest,Line 2,Model-C,113,107,95.0
2025-07-06,2025-W27,Plant Midwest,Line 3,Model-A,127,122,96.5
2025-07-06,2025-W27,Plant Midwest,Line 3,Model-B,126,121,96.4
2025-07-06,2025-W27,Plant Midwest,Line 3,Model-C,119,113,95.2
2025-07-06,2025-W27,Plant Southeast,Line 1,Model-A,128,123,96.5
2025-07-06,2025-W27,Plant Southeast,Line 1,Model-B,120,116,97.3
2025-07-06,2025-W27,Plant Southeast,Line 1,Model-C,118,115,97.5
2025-07-06,2025-W27,Plant Southeast,Line 2,Model-A,111,104,94.6
2025-07-06,2025-W27,Plant Southeast,Line 2,Model-B,113,109,96.5
2025-07-06,2025-W27,Plant Southeast,Line 2,Model-C,119,113,95.7
2025-07-06,2025-W27,Plant Southeast,Line 3,Model-A,113,109,96.8
2025-07-06,2025-W27,Plant Southeast,Line 3,Model-B,119,116,97.7
2025-07-06,2025-W27,Plant Southeast,Line 3,Model-C,127,121,95.6
2025-07-07,2025-W28,Plant Midwest,Line 1,Model-A,121,116,96.6
2025-07-07,2025-W28,Plant Midwest,Line 1,Model-B,116,111,96.0
2025-07-07,2025-W28,Plant Midwest,Line 1,Model-C,118,114,97.1
2025-07-07,2025-W28,Plant Midwest,Line 2,Model-A,121,115,95.5
2025-07-07,2025-W28,Plant Midwest,Line 2,Model-B,121,116,96.3
2025-07-07,2025-W28,Plant Midwest,Line 2,Model-C,115,110,95.8
2025-07-07,2025-W28,Plant Midwest,Line 3,Model-A,128,125,98.1
2025-07-07,2025-W28,Plant Midwest,Line 3,Model-B,116,111,96.5
2025-07-07,2025-W28,Plant Midwest,Line 3,Model-C,110,105,95.6
2025-07-07,2025-W28,Plant Southeast,Line 1,Model-A,129,123,96.1
2025-07-07,2025-W28,Plant Southeast,Line 1,Model-B,121,115,95.6
2025-07-07,2025-W28,Plant Southeast,Line 1,Model-C,123,117,95.7
2025-07-07,2025-W28,Plant Southeast,Line 2,Model-A,129,124,96.3
2025-07-07,2025-W28,Plant Southeast,Line 2,Model-B,120,115,96.2
2025-07-07,2025-W28,Plant Southeast,Line 2,Model-C,111,105,95.0
2025-07-07,2025-W28,Plant Southeast,Line 3,Model-A,116,109,94.7
2025-07-07,2025-W28,Plant Southeast,Line 3,Model-B,117,112,96.0
2025-07-07,2025-W28,Plant Southeast,Line 3,Model-C,129,123,95.5
2025-07-08,2025-W28,Plant Midwest,Line 1,Model-A,112,107,95.9
2025-07-08,2025-W28,Plant Midwest,Line 1,Model-B,127,123,96.9
2025-07-08,2025-W28,Plant Midwest,Line 1,Model-C,123,119,97.2
2025-07-08,2025-W28,Plant Midwest,Line 2,Model-A,121,114,95.0
2025-07-08,2025-W28,Plant Midwest,Line 2,Model-B,119,114,96.3
2025-07-08,2025-W28,Plant Midwest,Line 2,Model-C,110,106,97.0
2025-07-08,2025-W28,Plant Midwest,Line 3,Model-A,124,119,96.3
2025-07-08,2025-W28,Plant Midwest,Line 3,Model-B,119,112,94.7
2025-07-08,2025-W28,Plant Midwest,Line 3,Model-C,128,121,95.3
2025-07-08,2025-W28,Plant Southeast,Line 1,Model-A,125,121,97.0
2025-07-08,2025-W28,Plant Southeast,Line 1,Model-B,110,105,96.1
2025-07-08,2025-W28,Plant Southeast,Line 1,Model-C,117,111,95.5
2025-07-08,2025-W28,Plant Southeast,Line 2,Model-A,127,122,96.4
2025-07-08,2025-W28,Plant Southeast,Line 2,Model-B,122,118,96.8
2025-07-08,2025-W28,Plant Southeast,Line 2,Model-C,128,124,96.9
2025-07-08,2025-W28,Plant Southeast,Line 3,Model-A,121,116,95.9
2025-07-08,2025-W28,Plant Southeast,Line 3,Model-B,111,107,97.3
2025-07-08,2025-W28,Plant Southeast,Line 3,Model-C,111,105,94.9
2025-07-09,2025-W28,Plant Midwest,Line 1,Model-A,114,110,97.1
2025-07-09,2025-W28,Plant Midwest,Line 1,Model-B,121,116,95.9
2025-07-09,2025-W28,Plant Midwest,Line 1,Model-C,125,119,95.8
2025-07-09,2025-W28,Plant Midwest,Line 2,Model-A,122,117,96.5
2025-07-09,2025-W28,Plant Midwest,Line 2,Model-B,114,110,96.7
2025-07-09,2025-W28,Plant Midwest,Line 2,Model-C,118,112,95.5
2025-07-09,2025-W28,Plant Midwest,Line 3,Model-A,123,117,95.4
2025-07-09,2025-W28,Plant Midwest,Line 3,Model-B,116,111,95.7
2025-07-09,2025-W28,Plant Midwest,Line 3,Model-C,117,111,94.9
2025-07-09,2025-W28,Plant Southeast,Line 1,Model-A,124,118,95.6
2025-07-09,2025-W28,Plant Southeast,Line 1,Model-B,125,119,95.9
2025-07-09,2025-W28,Plant Southeast,Line 1,Model-C,113,107,95.4
2025-07-09,2025-W28,Plant Southeast,Line 2,Model-A,120,115,96.5
2025-07-09,2025-W28,Plant Southeast,Line 2,Model-B,125,120,96.3
2025-07-09,2025-W28,Plant Southeast,Line 2,Model-C,122,116,95.9
2025-07-09,2025-W28,Plant Southeast,Line 3,Model-A,125,119,96.0
2025-07-09,2025-W28,Plant Southeast,Line 3,Model-B,113,109,96.5
2025-07-09,2025-W28,Plant Southeast,Line 3,Model-C,119,114,96.5
2025-07-10,2025-W28,Plant Midwest,Line 1,Model-A,121,117,97.2
2025-07-10,2025-W28,Plant Midwest,Line 1,Model-B,125,120,96.0
2025-07-10,2025-W28,Plant Midwest,Line 1,Model-C,110,105,96.3
2025-07-10,2025-W28,Plant Midwest,Line 2,Model-A,129,123,95.5
2025-07-10,2025-W28,Plant Midwest,Line 2,Model-B,112,106,95.3
2025-07-10,2025-W28,Plant Midwest,Line 2,Model-C,119,115,97.3
2025-07-10,2025-W28,Plant Midwest,Line 3,Model-A,115,109,95.5
2025-07-10,2025-W28,Plant Midwest,Line 3,Model-B,118,112,95.2
2025-07-10,2025-W28,Plant Midwest,Line 3,Model-C,117,111,95.5
2025-07-10,2025-W28,Plant Southeast,Line 1,Model-A,128,121,94.9
2025-07-10,2025-W28,Plant Southeast,Line 1,Model-B,119,115,97.3
2025-07-10,2025-W28,Plant Southeast,Line 1,Model-C,121,117,96.9
2025-07-10,2025-W28,Plant Southeast,Line 2,Model-A,111,106,96.0
2025-07-10,2025-W28,Plant Southeast,Line 2,Model-B,127,123,97.3
2025-07-10,2025-W28,Plant Southeast,Line 2,Model-C,120,116,97.1
2025-07-10,2025-W28,Plant Southeast,Line 3,Model-A,113,108,95.6
2025-07-10,2025-W28,Plant Southeast,Line 3,Model-B,118,113,95.9
2025-07-10,2025-W28,Plant Southeast,Line 3,Model-C,119,113,95.8
2025-07-11,2025-W28,Plant Midwest,Line 1,Model-A,125,120,96.1
2025-07-11,2025-W28,Plant Midwest,Line 1,Model-B,119,114,95.9
2025-07-11,2025-W28,Plant Midwest,Line 1,Model-C,110,105,95.8
2025-07-11,2025-W28,Plant Midwest,Line 2,Model-A,125,119,95.4
2025-07-11,2025-W28,Plant Midwest,Line 2,Model-B,112,109,97.6
2025-07-11,2025-W28,Plant Midwest,Line 2,Model-C,126,122,96.8
2025-07-11,2025-W28,Plant Midwest,Line 3,Model-A,115,111,96.7
2025-07-11,2025-W28,Plant Midwest,Line 3,Model-B,111,105,94.9
2025-07-11,2025-W28,Plant Midwest,Line 3,Model-C,126,122,97.1
2025-07-11,2025-W28,Plant Southeast,Line 1,Model-A,124,120,97.2
2025-07-11,2025-W28,Plant Southeast,Line 1,Model-B,124,119,96.2
2025-07-11,2025-W28,Plant Southeast,Line 1,Model-C,111,107,96.5
2025-07-11,2025-W28,Plant Southeast,Line 2,Model-A,126,121,96.7
2025-07-11,2025-W28,Plant Southeast,Line 2,Model-B,124,120,97.5
2025-07-11,2025-W28,Plant Southeast,Line 2,Model-C,122,117,96.1
2025-07-11,2025-W28,Plant Southeast,Line 3,Model-A,121,117,97.1
2025-07-11,2025-W28,Plant Southeast,Line 3,Model-B,113,109,96.8
2025-07-11,2025-W28,Plant Southeast,Line 3,Model-C,127,123,97.1
2025-07-12,2025-W28,Plant Midwest,Line 1,Model-A,127,121,95.6
2025-07-12,2025-W28,Plant Midwest,Line 1,Model-B,113,108,96.2
2025-07-12,2025-W28,Plant Midwest,Line 1,Model-C,121,116,96.6
2025-07-12,2025-W28,Plant Midwest,Line 2,Model-A,129,123,95.8
2025-07-12,2025-W28,Plant Midwest,Line 2,Model-B,124,118,95.8
2025-07-12,2025-W28,Plant Midwest,Line 2,Model-C,124,120,96.9
2025-07-12,2025-W28,Plant Midwest,Line 3,Model-A,126,122,97.1
2025-07-12,2025-W28,Plant Midwest,Line 3,Model-B,122,117,96.1
2025-07-12,2025-W28,Plant Midwest,Line 3,Model-C,127,122,96.2
2025-07-12,2025-W28,Plant Southeast,Line 1,Model-A,129,122,95.1
2025-07-12,2025-W28,Plant Southeast,Line 1,Model-B,129,125,97.1
2025-07-12,2025-W28,Plant Southeast,Line 1,Model-C,119,114,95.8
2025-07-12,2025-W28,Plant Southeast,Line 2,Model-A,119,114,95.9
2025-07-12,2025-W28,Plant Southeast,Line 2,Model-B,119,114,96.1
2025-07-12,2025-W28,Plant Southeast,Line 2,Model-C,119,113,95.4
2025-07-12,2025-W28,Plant Southeast,Line 3,Model-A,126,122,97.0
2025-07-12,2025-W28,Plant Southeast,Line 3,Model-B,118,113,95.9
2025-07-12,2025-W28,Plant Southeast,Line 3,Model-C,117,111,95.2
2025-07-13,2025-W28,Plant Midwest,Line 1,Model-A,115,108,94.8
2025-07-13,2025-W28,Plant Midwest,Line 1,Model-B,127,121,95.9
2025-07-13,2025-W28,Plant Midwest,Line 1,Model-C,110,106,96.4
2025-07-13,2025-W28,Plant Midwest,Line 2,Model-A,120,114,95.5
2025-07-13,2025-W28,Plant Midwest,Line 2,Model-B,126,122,96.9
2025-07-13,2025-W28,Plant Midwest,Line 2,Model-C,116,111,96.2
2025-07-13,2025-W28,Plant Midwest,Line 3,Model-A,125,120,96.2
2025-07-13,2025-W28,Plant Midwest,Line 3,Model-B,129,124,96.6
2025-07-13,2025-W28,Plant Midwest,Line 3,Model-C,115,110,96.4
2025-07-13,2025-W28,Plant Southeast,Line 1,Model-A,115,109,95.3
2025-07-13,2025-W28,Plant Southeast,Line 1,Model-B,128,123,96.3
2025-07-13,2025-W28,Plant Southeast,Line 1,Model-C,118,112,95.7
2025-07-13,2025-W28,Plant Southeast,Line 2,Model-A,117,112,96.0
2025-07-13,2025-W28,Plant Southeast,Line 2,Model-B,115,109,95.3
2025-07-13,2025-W28,Plant Southeast,Line 2,Model-C,122,116,95.5
2025-07-13,2025-W28,Plant Southeast,Line 3,Model-A,122,116,95.3
2025-07-13,2025-W28,Plant Southeast,Line 3,Model-B,111,106,96.1
2025-07-13,2025-W28,Plant Southeast,Line 3,Model-C,122,117,96.5
2025-07-14,2025-W29,Plant Midwest,Line 1,Model-A,126,121,96.2
2025-07-14,2025-W29,Plant Midwest,Line 1,Model-B,126,121,96.6
2025-07-14,2025-W29,Plant Midwest,Line 1,Model-C,124,121,97.7
2025-07-14,2025-W29,Plant Midwest,Line 2,Model-A,128,123,96.5
2025-07-14,2025-W29,Plant Midwest,Line 2,Model-B,126,121,96.5
2025-07-14,2025-W29,Plant Midwest,Line 2,Model-C,116,111,95.9
2025-07-14,2025-W29,Plant Midwest,Line 3,Model-A,126,121,96.1
2025-07-14,2025-W29,Plant Midwest,Line 3,Model-B,123,118,96.1
2025-07-14,2025-W29,Plant Midwest,Line 3,Model-C,114,109,96.4
2025-07-14,2025-W29,Plant Southeast,Line 1,Model-A,121,116,96.2
2025-07-14,2025-W29,Plant Southeast,Line 1,Model-B,127,123,97.2
2025-07-14,2025-W29,Plant Southeast,Line 1,Model-C,112,107,95.7
2025-07-14,2025-W29,Plant Southeast,Line 2,Model-A,126,121,96.3
2025-07-14,2025-W29,Plant Southeast,Line 2,Model-B,128,120,94.5
2025-07-14,2025-W29,Plant Southeast,Line 2,Model-C,122,116,95.7
2025-07-14,2025-W29,Plant Southeast,Line 3,Model-A,126,121,96.8
2025-07-14,2025-W29,Plant Southeast,Line 3,Model-B,122,115,94.8
2025-07-14,2025-W29,Plant Southeast,Line 3,Model-C,116,111,96.2
2025-07-15,2025-W29,Plant Midwest,Line 1,Model-A,127,123,97.0
2025-07-15,2025-W29,Plant Midwest,Line 1,Model-B,126,122,97.2
2025-07-15,2025-W29,Plant Midwest,Line 1,Model-C,127,122,96.4
2025-07-15,2025-W29,Plant Midwest,Line 2,Model-A,111,107,97.0
2025-07-15,2025-W29,Plant Midwest,Line 2,Model-B,116,110,95.4
2025-07-15,2025-W29,Plant Midwest,Line 2,Model-C,118,113,96.0
2025-07-15,2025-W29,Plant Midwest,Line 3,Model-A,118,114,96.8
2025-07-15,2025-W29,Plant Midwest,Line 3,Model-B,129,123,96.0
2025-07-15,2025-W29,Plant Midwest,Line 3,Model-C,121,116,95.9
2025-07-15,2025-W29,Plant Southeast,Line 1,Model-A,125,119,95.9
2025-07-15,2025-W29,Plant Southeast,Line 1,Model-B,129,123,95.9
2025-07-15,2025-W29,Plant Southeast,Line 1,Model-C,124,119,96.0
2025-07-15,2025-W29,Plant Southeast,Line 2,Model-A,110,105,96.3
2025-07-15,2025-W29,Plant Southeast,Line 2,Model-B,119,114,96.3
2025-07-15,2025-W29,Plant Southeast,Line 2,Model-C,115,110,96.3
2025-07-15,2025-W29,Plant Southeast,Line 3,Model-A,111,108,97.5
2025-07-15,2025-W29,Plant Southeast,Line 3,Model-B,119,116,98.0
2025-07-15,2025-W29,Plant Southeast,Line 3,Model-C,126,121,96.5
2025-07-16,2025-W29,Plant Midwest,Line 1,Model-A,113,108,95.9
2025-07-16,2025-W29,Plant Midwest,Line 1,Model-B,116,112,97.0
2025-07-16,2025-W29,Plant Midwest,Line 1,Model-C,111,106,96.3
2025-07-16,2025-W29,Plant Midwest,Line 2,Model-A,128,122,95.7
2025-07-16,2025-W29,Plant Midwest,Line 2,Model-B,111,106,96.1
2025-07-16,2025-W29,Plant Midwest,Line 2,Model-C,112,108,97.2
2025-07-16,2025-W29,Plant Midwest,Line 3,Model-A,112,108,97.2
2025-07-16,2025-W29,Plant Midwest,Line 3,Model-B,111,105,95.0
2025-07-16,2025-W29,Plant Midwest,Line 3,Model-C,113,108,96.4
2025-07-16,2025-W29,Plant Southeast,Line 1,Model-A,129,123,95.8
2025-07-16,2025-W29,Plant Southeast,Line 1,Model-B,115,111,96.8
2025-07-16,2025-W29,Plant Southeast,Line 1,Model-C,118,114,96.9
2025-07-16,2025-W29,Plant Southeast,Line 2,Model-A,122,116,95.2
2025-07-16,2025-W29,Plant Southeast,Line 2,Model-B,113,107,94.9
2025-07-16,2025-W29,Plant Southeast,Line 2,Model-C,112,107,95.7
2025-07-16,2025-W29,Plant Southeast,Line 3,Model-A,117,113,96.8
2025-07-16,2025-W29,Plant Southeast,Line 3,Model-B,125,119,95.3
2025-07-16,2025-W29,Plant Southeast,Line 3,Model-C,121,115,95.5
2025-07-17,2025-W29,Plant Midwest,Line 1,Model-A,117,112,96.4
2025-07-17,2025-W29,Plant Midwest,Line 1,Model-B,122,117,95.9
2025-07-17,2025-W29,Plant Midwest,Line 1,Model-C,115,109,95.3
2025-07-17,2025-W29,Plant Midwest,Line 2,Model-A,112,108,97.1
2025-07-17,2025-W29,Plant Midwest,Line 2,Model-B,126,119,94.8
2025-07-17,2025-W29,Plant Midwest,Line 2,Model-C,120,114,95.5
2025-07-17,2025-W29,Plant Midwest,Line 3,Model-A,124,120,97.1
2025-07-17,2025-W29,Plant Midwest,Line 3,Model-B,119,116,98.2
2025-07-17,2025-W29,Plant Midwest,Line 3,Model-C,110,104,95.2
2025-07-17,2025-W29,Plant Southeast,Line 1,Model-A,122,115,94.6
2025-07-17,2025-W29,Plant Southeast,Line 1,Model-B,112,105,94.5
2025-07-17,2025-W29,Plant Southeast,Line 1,Model-C,120,115,95.9
2025-07-17,2025-W29,Plant Southeast,Line 2,Model-A,116,111,96.3
2025-07-17,2025-W29,Plant Southeast,Line 2,Model-B,129,122,95.2
2025-07-17,2025-W29,Plant Southeast,Line 2,Model-C,111,106,95.8
2025-07-17,2025-W29,Plant Southeast,Line 3,Model-A,122,117,96.2
2025-07-17,2025-W29,Plant Southeast,Line 3,Model-B,116,111,96.5
2025-07-17,2025-W29,Plant Southeast,Line 3,Model-C,129,123,96.0
2025-07-18,2025-W29,Plant Midwest,Line 1,Model-A,111,106,96.0
2025-07-18,2025-W29,Plant Midwest,Line 1,Model-B,116,110,94.9
2025-07-18,2025-W29,Plant Midwest,Line 1,Model-C,116,111,95.7
2025-07-18,2025-W29,Plant Midwest,Line 2,Model-A,115,110,96.5
2025-07-18,2025-W29,Plant Midwest,Line 2,Model-B,115,111,96.7
2025-07-18,2025-W29,Plant Midwest,Line 2,Model-C,124,119,96.7
2025-07-18,2025-W29,Plant Midwest,Line 3,Model-A,126,121,96.4
2025-07-18,2025-W29,Plant Midwest,Line 3,Model-B,129,125,97.2
2025-07-18,2025-W29,Plant Midwest,Line 3,Model-C,110,107,97.6
2025-07-18,2025-W29,Plant Southeast,Line 1,Model-A,116,109,94.2
2025-07-18,2025-W29,Plant Southeast,Line 1,Model-B,127,121,95.7
2025-07-18,2025-W29,Plant Southeast,Line 1,Model-C,128,123,96.4
2025-07-18,2025-W29,Plant Southeast,Line 2,Model-A,119,114,95.8
2025-07-18,2025-W29,Plant Southeast,Line 2,Model-B,121,114,94.9
2025-07-18,2025-W29,Plant Southeast,Line 2,Model-C,127,121,96.0
2025-07-18,2025-W29,Plant Southeast,Line 3,Model-A,115,110,96.0
2025-07-18,2025-W29,Plant Southeast,Line 3,Model-B,112,110,98.7
2025-07-18,2025-W29,Plant Southeast,Line 3,Model-C,122,115,95.0
2025-07-19,2025-W29,Plant Midwest,Line 1,Model-A,118,113,96.5
2025-07-19,2025-W29,Plant Midwest,Line 1,Model-B,116,111,96.0
2025-07-19,2025-W29,Plant Midwest,Line 1,Model-C,122,118,96.8
2025-07-19,2025-W29,Plant Midwest,Line 2,Model-A,122,118,97.2
2025-07-19,2025-W29,Plant Midwest,Line 2,Model-B,116,111,95.9
2025-07-19,2025-W29,Plant Midwest,Line 2,Model-C,115,110,95.7
2025-07-19,2025-W29,Plant Midwest,Line 3,Model-A,114,109,96.3
2025-07-19,2025-W29,Plant Midwest,Line 3,Model-B,124,119,96.7
2025-07-19,2025-W29,Plant Midwest,Line 3,Model-C,125,120,96.5
2025-07-19,2025-W29,Plant Southeast,Line 1,Model-A,128,122,95.8
2025-07-19,2025-W29,Plant Southeast,Line 1,Model-B,116,111,96.5
2025-07-19,2025-W29,Plant Southeast,Line 1,Model-C,110,105,96.1
2025-07-19,2025-W29,Plant Southeast,Line 2,Model-A,115,111,97.1
2025-07-19,2025-W29,Plant Southeast,Line 2,Model-B,116,112,97.0
2025-07-19,2025-W29,Plant Southeast,Line 2,Model-C,115,111,96.6
2025-07-19,2025-W29,Plant Southeast,Line 3,Model-A,110,106,97.1
2025-07-19,2025-W29,Plant Southeast,Line 3,Model-B,112,106,94.9
2025-07-19,2025-W29,Plant Southeast,Line 3,Model-C,110,106,96.4
2025-07-20,2025-W29,Plant Midwest,Line 1,Model-A,120,114,95.8
2025-07-20,2025-W29,Plant Midwest,Line 1,Model-B,128,123,96.1
2025-07-20,2025-W29,Plant Midwest,Line 1,Model-C,111,107,96.6
2025-07-20,2025-W29,Plant Midwest,Line 2,Model-A,119,115,96.9
2025-07-20,2025-W29,Plant Midwest,Line 2,Model-B,114,109,96.1
2025-07-20,2025-W29,Plant Midwest,Line 2,Model-C,115,111,97.1
2025-07-20,2025-W29,Plant Midwest,Line 3,Model-A,119,113,95.6
2025-07-20,2025-W29,Plant Midwest,Line 3,Model-B,126,119,95.0
2025-07-20,2025-W29,Plant Midwest,Line 3,Model-C,124,119,96.1
2025-07-20,2025-W29,Plant Southeast,Line 1,Model-A,119,114,96.4
2025-07-20,2025-W29,Plant Southeast,Line 1,Model-B,114,110,97.3
2025-07-20,2025-W29,Plant Southeast,Line 1,Model-C,122,116,95.3
2025-07-20,2025-W29,Plant Southeast,Line 2,Model-A,115,110,95.9
2025-07-20,2025-W29,Plant Southeast,Line 2,Model-B,114,109,96.1
2025-07-20,2025-W29,Plant Southeast,Line 2,Model-C,124,118,95.9
2025-07-20,2025-W29,Plant Southeast,Line 3,Model-A,114,109,96.3
2025-07-20,2025-W29,Plant Southeast,Line 3,Model-B,112,106,94.8
2025-07-20,2025-W29,Plant Southeast,Line 3,Model-C,111,104,94.4
2025-07-21,2025-W30,Plant Midwest,Line 1,Model-A,115,113,98.4
2025-07-21,2025-W30,Plant Midwest,Line 1,Model-B,115,110,96.2
2025-07-21,2025-W30,Plant Midwest,Line 1,Model-C,123,118,96.1
2025-07-21,2025-W30,Plant Midwest,Line 2,Model-A,110,106,96.6
2025-07-21,2025-W30,Plant Midwest,Line 2,Model-B,116,111,96.0
2025-07-21,2025-W30,Plant Midwest,Line 2,Model-C,125,121,97.1
2025-07-21,2025-W30,Plant Midwest,Line 3,Model-A,118,113,96.4
2025-07-21,2025-W30,Plant Midwest,Line 3,Model-B,125,119,95.9
2025-07-21,2025-W30,Plant Midwest,Line 3,Model-C,113,108,95.8
2025-07-21,2025-W30,Plant Southeast,Line 1,Model-A,116,111,95.8
2025-07-21,2025-W30,Plant Southeast,Line 1,Model-B,118,113,96.3
2025-07-21,2025-W30,Plant Southeast,Line 1,Model-C,123,117,95.7
2025-07-21,2025-W30,Plant Southeast,Line 2,Model-A,110,104,94.8
2025-07-21,2025-W30,Plant Southeast,Line 2,Model-B,122,117,96.5
2025-07-21,2025-W30,Plant Southeast,Line 2,Model-C,128,123,96.8
2025-07-21,2025-W30,Plant Southeast,Line 3,Model-A,117,112,95.8
2025-07-21,2025-W30,Plant Southeast,Line 3,Model-B,114,109,96.5
2025-07-21,2025-W30,Plant Southeast,Line 3,Model-C,118,114,96.7
2025-07-22,2025-W30,Plant Midwest,Line 1,Model-A,123,119,97.0
2025-07-22,2025-W30,Plant Midwest,Line 1,Model-B,110,105,95.6
2025-07-22,2025-W30,Plant Midwest,Line 1,Model-C,119,112,94.5
2025-07-22,2025-W30,Plant Midwest,Line 2,Model-A,112,107,96.3
2025-07-22,2025-W30,Plant Midwest,Line 2,Model-B,115,112,97.7
2025-07-22,2025-W30,Plant Midwest,Line 2,Model-C,111,107,97.2
2025-07-22,2025-W30,Plant Midwest,Line 3,Model-A,127,122,96.7
2025-07-22,2025-W30,Plant Midwest,Line 3,Model-B,125,120,96.6
2025-07-22,2025-W30,Plant Midwest,Line 3,Model-C,129,122,95.1
2025-07-22,2025-W30,Plant Southeast,Line 1,Model-A,110,106,97.0
2025-07-22,2025-W30,Plant Southeast,Line 1,Model-B,129,124,96.7
2025-07-22,2025-W30,Plant Southeast,Line 1,Model-C,121,117,96.8
2025-07-22,2025-W30,Plant Southeast,Line 2,Model-A,122,117,96.5
2025-07-22,2025-W30,Plant Southeast,Line 2,Model-B,113,108,95.7
2025-07-22,2025-W30,Plant Southeast,Line 2,Model-C,125,120,96.7
2025-07-22,2025-W30,Plant Southeast,Line 3,Model-A,128,122,95.6
2025-07-22,2025-W30,Plant Southeast,Line 3,Model-B,124,119,96.6
2025-07-22,2025-W30,Plant Southeast,Line 3,Model-C,120,114,95.5
2025-07-23,2025-W30,Plant Midwest,Line 1,Model-A,110,105,95.6
2025-07-23,2025-W30,Plant Midwest,Line 1,Model-B,120,116,97.1
2025-07-23,2025-W30,Plant Midwest,Line 1,Model-C,114,109,96.4
2025-07-23,2025-W30,Plant Midwest,Line 2,Model-A,127,122,96.2
2025-07-23,2025-W30,Plant Midwest,Line 2,Model-B,111,105,95.4
2025-07-23,2025-W30,Plant Midwest,Line 2,Model-C,116,110,95.1
2025-07-23,2025-W30,Plant Midwest,Line 3,Model-A,116,111,96.0
2025-07-23,2025-W30,Plant Midwest,Line 3,Model-B,110,106,96.5
2025-07-23,2025-W30,Plant Midwest,Line 3,Model-C,114,108,95.1
2025-07-23,2025-W30,Plant Southeast,Line 1,Model-A,129,124,96.6
2025-07-23,2025-W30,Plant Southeast,Line 1,Model-B,127,121,95.4
2025-07-23,2025-W30,Plant Southeast,Line 1,Model-C,122,117,96.7
2025-07-23,2025-W30,Plant Southeast,Line 2,Model-A,110,105,95.6
2025-07-23,2025-W30,Plant Southeast,Line 2,Model-B,113,108,96.2
2025-07-23,2025-W30,Plant Southeast,Line 2,Model-C,125,121,97.3
2025-07-23,2025-W30,Plant Southeast,Line 3,Model-A,128,122,95.9
2025-07-23,2025-W30,Plant Southeast,Line 3,Model-B,120,116,96.8
2025-07-23,2025-W30,Plant Southeast,Line 3,Model-C,113,109,96.6
2025-07-24,2025-W30,Plant Midwest,Line 1,Model-A,113,108,96.1
2025-07-24,2025-W30,Plant Midwest,Line 1,Model-B,127,121,96.0
2025-07-24,2025-W30,Plant Midwest,Line 1,Model-C,127,121,95.9
2025-07-24,2025-W30,Plant Midwest,Line 2,Model-A,111,105,95.5
2025-07-24,2025-W30,Plant Midwest,Line 2,Model-B,113,109,97.0
2025-07-24,2025-W30,Plant Midwest,Line 2,Model-C,116,112,97.4
2025-07-24,2025-W30,Plant Midwest,Line 3,Model-A,126,121,96.3
2025-07-24,2025-W30,Plant Midwest,Line 3,Model-B,118,114,97.0
2025-07-24,2025-W30,Plant Midwest,Line 3,Model-C,123,117,95.4
2025-07-24,2025-W30,Plant Southeast,Line 1,Model-A,125,119,95.8
2025-07-24,2025-W30,Plant Southeast,Line 1,Model-B,123,120,97.8
2025-07-24,2025-W30,Plant Southeast,Line 1,Model-C,116,111,95.9
2025-07-24,2025-W30,Plant Southeast,Line 2,Model-A,124,118,95.9
2025-07-24,2025-W30,Plant Southeast,Line 2,Model-B,118,114,96.7
2025-07-24,2025-W30,Plant Southeast,Line 2,Model-C,128,123,96.4
2025-07-24,2025-W30,Plant Southeast,Line 3,Model-A,113,108,96.5
2025-07-24,2025-W30,Plant Southeast,Line 3,Model-B,121,114,95.0
2025-07-24,2025-W30,Plant Southeast,Line 3,Model-C,121,116,96.2
2025-07-25,2025-W30,Plant Midwest,Line 1,Model-A,112,106,95.5
2025-07-25,2025-W30,Plant Midwest,Line 1,Model-B,119,114,96.3
2025-07-25,2025-W30,Plant Midwest,Line 1,Model-C,120,115,96.3
2025-07-25,2025-W30,Plant Midwest,Line 2,Model-A,118,113,96.1
2025-07-25,2025-W30,Plant Midwest,Line 2,Model-B,126,121,96.1
2025-07-25,2025-W30,Plant Midwest,Line 2,Model-C,118,113,96.2
2025-07-25,2025-W30,Plant Midwest,Line 3,Model-A,127,121,95.4
2025-07-25,2025-W30,Plant Midwest,Line 3,Model-B,119,115,96.9
2025-07-25,2025-W30,Plant Midwest,Line 3,Model-C,124,120,97.4
2025-07-25,2025-W30,Plant Southeast,Line 1,Model-A,126,119,95.1
2025-07-25,2025-W30,Plant Southeast,Line 1,Model-B,121,117,96.9
2025-07-25,2025-W30,Plant Southeast,Line 1,Model-C,129,124,96.3
2025-07-25,2025-W30,Plant Southeast,Line 2,Model-A,125,121,96.9
2025-07-25,2025-W30,Plant Southeast,Line 2,Model-B,129,122,95.2
2025-07-25,2025-W30,Plant Southeast,Line 2,Model-C,114,109,96.3
2025-07-25,2025-W30,Plant Southeast,Line 3,Model-A,114,109,96.1
2025-07-25,2025-W30,Plant Southeast,Line 3,Model-B,114,109,95.8
2025-07-25,2025-W30,Plant Southeast,Line 3,Model-C,127,121,95.5
2025-07-26,2025-W30,Plant Midwest,Line 1,Model-A,121,115,95.7
2025-07-26,2025-W30,Plant Midwest,Line 1,Model-B,118,114,96.7
2025-07-26,2025-W30,Plant Midwest,Line 1,Model-C,111,106,96.2
2025-07-26,2025-W30,Plant Midwest,Line 2,Model-A,128,123,96.3
2025-07-26,2025-W30,Plant Midwest,Line 2,Model-B,122,117,96.5
2025-07-26,2025-W30,Plant Midwest,Line 2,Model-C,121,115,95.5
2025-07-26,2025-W30,Plant Midwest,Line 3,Model-A,124,119,96.2
2025-07-26,2025-W30,Plant Midwest,Line 3,Model-B,123,119,96.8
2025-07-26,2025-W30,Plant Midwest,Line 3,Model-C,114,111,97.6
2025-07-26,2025-W30,Plant Southeast,Line 1,Model-A,120,114,95.8
2025-07-26,2025-W30,Plant Southeast,Line 1,Model-B,111,106,95.7
2025-07-26,2025-W30,Plant Southeast,Line 1,Model-C,115,110,96.4
2025-07-26,2025-W30,Plant Southeast,Line 2,Model-A,112,107,96.2
2025-07-26,2025-W30,Plant Southeast,Line 2,Model-B,115,110,96.3
2025-07-26,2025-W30,Plant Southeast,Line 2,Model-C,120,116,96.9
2025-07-26,2025-W30,Plant Southeast,Line 3,Model-A,121,116,96.0
2025-07-26,2025-W30,Plant Southeast,Line 3,Model-B,126,120,95.4
2025-07-26,2025-W30,Plant Southeast,Line 3,Model-C,111,107,96.9
2025-07-27,2025-W30,Plant Midwest,Line 1,Model-A,127,121,95.6
2025-07-27,2025-W30,Plant Midwest,Line 1,Model-B,117,111,95.7
2025-07-27,2025-W30,Plant Midwest,Line 1,Model-C,111,108,97.4
2025-07-27,2025-W30,Plant Midwest,Line 2,Model-A,117,112,95.8
2025-07-27,2025-W30,Plant Midwest,Line 2,Model-B,128,121,95.3
2025-07-27,2025-W30,Plant Midwest,Line 2,Model-C,127,124,98.0
2025-07-27,2025-W30,Plant Midwest,Line 3,Model-A,119,115,96.9
2025-07-27,2025-W30,Plant Midwest,Line 3,Model-B,110,106,96.9
2025-07-27,2025-W30,Plant Midwest,Line 3,Model-C,128,122,95.9
2025-07-27,2025-W30,Plant Southeast,Line 1,Model-A,125,120,96.7
2025-07-27,2025-W30,Plant Southeast,Line 1,Model-B,116,110,95.1
2025-07-27,2025-W30,Plant Southeast,Line 1,Model-C,114,110,96.5
2025-07-27,2025-W30,Plant Southeast,Line 2,Model-A,119,115,97.1
2025-07-27,2025-W30,Plant Southeast,Line 2,Model-B,114,110,96.5
2025-07-27,2025-W30,Plant Southeast,Line 2,Model-C,124,119,96.5
2025-07-27,2025-W30,Plant Southeast,Line 3,Model-A,110,106,96.9
2025-07-27,2025-W30,Plant Southeast,Line 3,Model-B,120,115,96.0
2025-07-27,2025-W30,Plant Southeast,Line 3,Model-C,125,120,96.3
2025-07-28,2025-W31,Plant Midwest,Line 1,Model-A,122,117,96.2
2025-07-28,2025-W31,Plant Midwest,Line 1,Model-B,110,105,96.3
2025-07-28,2025-W31,Plant Midwest,Line 1,Model-C,126,122,96.9
2025-07-28,2025-W31,Plant Midwest,Line 2,Model-A,123,118,96.3
2025-07-28,2025-W31,Plant Midwest,Line 2,Model-B,127,123,97.6
2025-07-28,2025-W31,Plant Midwest,Line 2,Model-C,118,113,95.9
2025-07-28,2025-W31,Plant Midwest,Line 3,Model-A,117,111,95.6
2025-07-28,2025-W31,Plant Midwest,Line 3,Model-B,115,110,96.4
2025-07-28,2025-W31,Plant Midwest,Line 3,Model-C,123,118,96.5
2025-07-28,2025-W31,Plant Southeast,Line 1,Model-A,116,111,96.1
2025-07-28,2025-W31,Plant Southeast,Line 1,Model-B,121,117,96.8
2025-07-28,2025-W31,Plant Southeast,Line 1,Model-C,125,122,97.9
2025-07-28,2025-W31,Plant Southeast,Line 2,Model-A,116,110,95.1
2025-07-28,2025-W31,Plant Southeast,Line 2,Model-B,118,113,96.1
2025-07-28,2025-W31,Plant Southeast,Line 2,Model-C,124,120,97.1
2025-07-28,2025-W31,Plant Southeast,Line 3,Model-A,111,106,96.1
2025-07-28,2025-W31,Plant Southeast,Line 3,Model-B,128,122,95.9
2025-07-28,2025-W31,Plant Southeast,Line 3,Model-C,115,110,96.1
2025-07-29,2025-W31,Plant Midwest,Line 1,Model-A,125,121,97.3
2025-07-29,2025-W31,Plant Midwest,Line 1,Model-B,127,123,96.9
2025-07-29,2025-W31,Plant Midwest,Line 1,Model-C,116,112,96.6
2025-07-29,2025-W31,Plant Midwest,Line 2,Model-A,127,122,96.2
2025-07-29,2025-W31,Plant Midwest,Line 2,Model-B,121,116,96.0
2025-07-29,2025-W31,Plant Midwest,Line 2,Model-C,122,116,95.7
2025-07-29,2025-W31,Plant Midwest,Line 3,Model-A,125,121,96.9
2025-07-29,2025-W31,Plant Midwest,Line 3,Model-B,123,119,97.1
2025-07-29,2025-W31,Plant Midwest,Line 3,Model-C,112,107,95.9
2025-07-29,2025-W31,Plant Southeast,Line 1,Model-A,119,114,96.3
2025-07-29,2025-W31,Plant Southeast,Line 1,Model-B,118,113,96.1
2025-07-29,2025-W31,Plant Southeast,Line 1,Model-C,111,106,96.4
2025-07-29,2025-W31,Plant Southeast,Line 2,Model-A,111,107,97.0
2025-07-29,2025-W31,Plant Southeast,Line 2,Model-B,112,108,96.6
2025-07-29,2025-W31,Plant Southeast,Line 2,Model-C,123,118,96.4
2025-07-29,2025-W31,Plant Southeast,Line 3,Model-A,127,121,95.5
2025-07-29,2025-W31,Plant Southeast,Line 3,Model-B,118,112,95.4
2025-07-29,2025-W31,Plant Southeast,Line 3,Model-C,110,106,96.5
2025-07-30,2025-W31,Plant Midwest,Line 1,Model-A,119,114,96.3
2025-07-30,2025-W31,Plant Midwest,Line 1,Model-B,121,115,95.3
2025-07-30,2025-W31,Plant Midwest,Line 1,Model-C,113,108,96.4
2025-07-30,2025-W31,Plant Midwest,Line 2,Model-A,117,112,95.7
2025-07-30,2025-W31,Plant Midwest,Line 2,Model-B,129,124,96.7
2025-07-30,2025-W31,Plant Midwest,Line 2,Model-C,111,106,95.8
2025-07-30,2025-W31,Plant Midwest,Line 3,Model-A,123,118,96.5
2025-07-30,2025-W31,Plant Midwest,Line 3,Model-B,118,113,96.5
2025-07-30,2025-W31,Plant Midwest,Line 3,Model-C,120,115,96.4
2025-07-30,2025-W31,Plant Southeast,Line 1,Model-A,111,105,95.2
2025-07-30,2025-W31,Plant Southeast,Line 1,Model-B,110,105,95.7
2025-07-30,2025-W31,Plant Southeast,Line 1,Model-C,128,121,95.0
2025-07-30,2025-W31,Plant Southeast,Line 2,Model-A,120,116,96.8
2025-07-30,2025-W31,Plant Southeast,Line 2,Model-B,116,111,96.3
2025-07-30,2025-W31,Plant Southeast,Line 2,Model-C,114,107,94.6
2025-07-30,2025-W31,Plant Southeast,Line 3,Model-A,115,112,97.9
2025-07-30,2025-W31,Plant Southeast,Line 3,Model-B,129,124,96.2
2025-07-30,2025-W31,Plant Southeast,Line 3,Model-C,115,112,97.8
2025-07-31,2025-W31,Plant Midwest,Line 1,Model-A,118,113,96.5
2025-07-31,2025-W31,Plant Midwest,Line 1,Model-B,128,122,95.4
2025-07-31,2025-W31,Plant Midwest,Line 1,Model-C,114,109,96.4
2025-07-31,2025-W31,Plant Midwest,Line 2,Model-A,128,124,97.0
2025-07-31,2025-W31,Plant Midwest,Line 2,Model-B,112,107,95.6
2025-07-31,2025-W31,Plant Midwest,Line 2,Model-C,116,111,96.2
2025-07-31,2025-W31,Plant Midwest,Line 3,Model-A,122,117,96.7
2025-07-31,2025-W31,Plant Midwest,Line 3,Model-B,114,109,96.3
2025-07-31,2025-W31,Plant Midwest,Line 3,Model-C,117,112,95.8
2025-07-31,2025-W31,Plant Southeast,Line 1,Model-A,127,122,96.5
2025-07-31,2025-W31,Plant Southeast,Line 1,Model-B,129,123,95.5
2025-07-31,2025-W31,Plant Southeast,Line 1,Model-C,121,116,96.3
2025-07-31,2025-W31,Plant Southeast,Line 2,Model-A,122,117,96.7
2025-07-31,2025-W31,Plant Southeast,Line 2,Model-B,118,113,95.9
2025-07-31,2025-W31,Plant Southeast,Line 2,Model-C,117,112,95.8
2025-07-31,2025-W31,Plant Southeast,Line 3,Model-A,122,117,96.4
2025-07-31,2025-W31,Plant Southeast,Line 3,Model-B,127,121,95.7
2025-07-31,2025-W31,Plant Southeast,Line 3,Model-C,114,109,96.4
2025-08-01,2025-W31,Plant Midwest,Line 1,Model-A,125,120,96.7
2025-08-01,2025-W31,Plant Midwest,Line 1,Model-B,126,121,96.5
2025-08-01,2025-W31,Plant Midwest,Line 1,Model-C,127,122,96.4
2025-08-01,2025-W31,Plant Midwest,Line 2,Model-A,125,121,97.0
2025-08-01,2025-W31,Plant Midwest,Line 2,Model-B,112,108,96.6
2025-08-01,2025-W31,Plant Midwest,Line 2,Model-C,123,117,95.5
2025-08-01,2025-W31,Plant Midwest,Line 3,Model-A,124,120,97.3
2025-08-01,2025-W31,Plant Midwest,Line 3,Model-B,126,121,96.2
2025-08-01,2025-W31,Plant Midwest,Line 3,Model-C,120,115,96.2
2025-08-01,2025-W31,Plant Southeast,Line 1,Model-A,129,124,96.7
2025-08-01,2025-W31,Plant Southeast,Line 1,Model-B,128,122,95.7
2025-08-01,2025-W31,Plant Southeast,Line 1,Model-C,127,123,97.1
2025-08-01,2025-W31,Plant Southeast,Line 2,Model-A,123,118,96.3
2025-08-01,2025-W31,Plant Southeast,Line 2,Model-B,118,112,95.7
2025-08-01,2025-W31,Plant Southeast,Line 2,Model-C,110,105,96.3
2025-08-01,2025-W31,Plant Southeast,Line 3,Model-A,128,123,96.4
2025-08-01,2025-W31,Plant Southeast,Line 3,Model-B,115,110,96.1
2025-08-01,2025-W31,Plant Southeast,Line 3,Model-C,129,125,97.4
2025-08-02,2025-W31,Plant Midwest,Line 1,Model-A,113,108,96.4
2025-08-02,2025-W31,Plant Midwest,Line 1,Model-B,126,120,96.0
2025-08-02,2025-W31,Plant Midwest,Line 1,Model-C,125,120,96.8
2025-08-02,2025-W31,Plant Midwest,Line 2,Model-A,125,120,96.5
2025-08-02,2025-W31,Plant Midwest,Line 2,Model-B,117,112,96.0
2025-08-02,2025-W31,Plant Midwest,Line 2,Model-C,127,121,95.8
2025-08-02,2025-W31,Plant Midwest,Line 3,Model-A,120,114,95.1
2025-08-02,2025-W31,Plant Midwest,Line 3,Model-B,118,112,95.6
2025-08-02,2025-W31,Plant Midwest,Line 3,Model-C,115,112,97.5
2025-08-02,2025-W31,Plant Southeast,Line 1,Model-A,111,106,96.0
2025-08-02,2025-W31,Plant Southeast,Line 1,Model-B,118,114,97.3
2025-08-02,2025-W31,Plant Southeast,Line 1,Model-C,110,105,95.9
2025-08-02,2025-W31,Plant Southeast,Line 2,Model-A,110,104,95.3
2025-08-02,2025-W31,Plant Southeast,Line 2,Model-B,123,120,98.1
2025-08-02,2025-W31,Plant Southeast,Line 2,Model-C,116,112,97.3
2025-08-02,2025-W31,Plant Southeast,Line 3,Model-A,119,113,95.5
2025-08-02,2025-W31,Plant Southeast,Line 3,Model-B,126,119,94.9
2025-08-02,2025-W31,Plant Southeast,Line 3,Model-C,125,120,96.3
2025-08-03,2025-W31,Plant Midwest,Line 1,Model-A,122,118,97.5
2025-08-03,2025-W31,Plant Midwest,Line 1,Model-B,129,124,96.6
2025-08-03,2025-W31,Plant Midwest,Line 1,Model-C,127,119,93.8
2025-08-03,2025-W31,Plant Midwest,Line 2,Model-A,117,112,95.9
2025-08-03,2025-W31,Plant Midwest,Line 2,Model-B,129,124,96.4
2025-08-03,2025-W31,Plant Midwest,Line 2,Model-C,112,109,97.6
2025-08-03,2025-W31,Plant Midwest,Line 3,Model-A,120,115,96.2
2025-08-03,2025-W31,Plant Midwest,Line 3,Model-B,128,124,97.4
2025-08-03,2025-W31,Plant Midwest,Line 3,Model-C,121,118,97.6
2025-08-03,2025-W31,Plant Southeast,Line 1,Model-A,114,110,96.9
2025-08-03,2025-W31,Plant Southeast,Line 1,Model-B,124,119,96.0
2025-08-03,2025-W31,Plant Southeast,Line 1,Model-C,121,116,96.4
2025-08-03,2025-W31,Plant Southeast,Line 2,Model-A,111,108,97.4
2025-08-03,2025-W31,Plant Southeast,Line 2,Model-B,127,123,97.3
2025-08-03,2025-W31,Plant Southeast,Line 2,Model-C,115,111,97.1
2025-08-03,2025-W31,Plant Southeast,Line 3,Model-A,120,115,96.6
2025-08-03,2025-W31,Plant Southeast,Line 3,Model-B,111,106,95.8
2025-08-03,2025-W31,Plant Southeast,Line 3,Model-C,127,122,96.6
2025-08-04,2025-W32,Plant Midwest,Line 1,Model-A,123,120,98.1
2025-08-04,2025-W32,Plant Midwest,Line 1,Model-B,112,107,96.0
2025-08-04,2025-W32,Plant Midwest,Line 1,Model-C,120,116,97.1
2025-08-04,2025-W32,Plant Midwest,Line 2,Model-A,116,113,98.1
2025-08-04,2025-W32,Plant Midwest,Line 2,Model-B,123,120,97.8
2025-08-04,2025-W32,Plant Midwest,Line 2,Model-C,119,114,96.2
2025-08-04,2025-W32,Plant Midwest,Line 3,Model-A,120,116,96.9
2025-08-04,2025-W32,Plant Midwest,Line 3,Model-B,127,122,96.2
2025-08-04,2025-W32,Plant Midwest,Line 3,Model-C,122,115,95.1
2025-08-04,2025-W32,Plant Southeast,Line 1,Model-A,112,107,96.0
2025-08-04,2025-W32,Plant Southeast,Line 1,Model-B,114,108,95.1
2025-08-04,2025-W32,Plant Southeast,Line 1,Model-C,117,113,97.0
2025-08-04,2025-W32,Plant Southeast,Line 2,Model-A,128,122,95.5
2025-08-04,2025-W32,Plant Southeast,Line 2,Model-B,111,105,95.1
2025-08-04,2025-W32,Plant Southeast,Line 2,Model-C,115,113,98.3
2025-08-04,2025-W32,Plant Southeast,Line 3,Model-A,113,109,97.1
2025-08-04,2025-W32,Plant Southeast,Line 3,Model-B,121,115,95.7
2025-08-04,2025-W32,Plant Southeast,Line 3,Model-C,126,120,95.4
2025-08-05,2025-W32,Plant Midwest,Line 1,Model-A,116,111,96.0
2025-08-05,2025-W32,Plant Midwest,Line 1,Model-B,126,120,95.5
2025-08-05,2025-W32,Plant Midwest,Line 1,Model-C,123,117,95.6
2025-08-05,2025-W32,Plant Midwest,Line 2,Model-A,127,121,96.0
2025-08-05,2025-W32,Plant Midwest,Line 2,Model-B,114,109,96.2
2025-08-05,2025-W32,Plant Midwest,Line 2,Model-C,117,112,96.2
2025-08-05,2025-W32,Plant Midwest,Line 3,Model-A,124,119,96.2
2025-08-05,2025-W32,Plant Midwest,Line 3,Model-B,119,115,97.0
2025-08-05,2025-W32,Plant Midwest,Line 3,Model-C,112,105,94.6
2025-08-05,2025-W32,Plant Southeast,Line 1,Model-A,117,112,96.1
2025-08-05,2025-W32,Plant Southeast,Line 1,Model-B,119,114,96.5
2025-08-05,2025-W32,Plant Southeast,Line 1,Model-C,113,109,96.7
2025-08-05,2025-W32,Plant Southeast,Line 2,Model-A,113,109,96.7
2025-08-05,2025-W32,Plant Southeast,Line 2,Model-B,117,113,96.7
2025-08-05,2025-W32,Plant Southeast,Line 2,Model-C,116,111,96.0
2025-08-05,2025-W32,Plant Southeast,Line 3,Model-A,114,109,96.2
2025-08-05,2025-W32,Plant Southeast,Line 3,Model-B,111,105,95.3
2025-08-05,2025-W32,Plant Southeast,Line 3,Model-C,116,109,94.8
2025-08-06,2025-W32,Plant Midwest,Line 1,Model-A,116,111,96.4
2025-08-06,2025-W32,Plant Midwest,Line 1,Model-B,127,121,95.5
2025-08-06,2025-W32,Plant Midwest,Line 1,Model-C,115,111,97.3
2025-08-06,2025-W32,Plant Midwest,Line 2,Model-A,114,107,94.7
2025-08-06,2025-W32,Plant Midwest,Line 2,Model-B,112,105,94.3
2025-08-06,2025-W32,Plant Midwest,Line 2,Model-C,129,124,96.2
2025-08-06,2025-W32,Plant Midwest,Line 3,Model-A,128,124,97.3
2025-08-06,2025-W32,Plant Midwest,Line 3,Model-B,112,108,97.2
2025-08-06,2025-W32,Plant Midwest,Line 3,Model-C,116,110,95.3
2025-08-06,2025-W32,Plant Southeast,Line 1,Model-A,111,107,96.7
2025-08-06,2025-W32,Plant Southeast,Line 1,Model-B,119,114,96.2
2025-08-06,2025-W32,Plant Southeast,Line 1,Model-C,128,124,97.6
2025-08-06,2025-W32,Plant Southeast,Line 2,Model-A,127,121,95.9
2025-08-06,2025-W32,Plant Southeast,Line 2,Model-B,129,123,95.8
2025-08-06,2025-W32,Plant Southeast,Line 2,Model-C,123,118,96.1
2025-08-06,2025-W32,Plant Southeast,Line 3,Model-A,124,118,95.5
2025-08-06,2025-W32,Plant Southeast,Line 3,Model-B,125,119,95.6
2025-08-06,2025-W32,Plant Southeast,Line 3,Model-C,113,108,95.9
2025-08-07,2025-W32,Plant Midwest,Line 1,Model-A,128,123,96.1
2025-08-07,2025-W32,Plant Midwest,Line 1,Model-B,112,108,97.0
2025-08-07,2025-W32,Plant Midwest,Line 1,Model-C,114,110,96.5
2025-08-07,2025-W32,Plant Midwest,Line 2,Model-A,120,115,96.2
2025-08-07,2025-W32,Plant Midwest,Line 2,Model-B,117,113,97.2
2025-08-07,2025-W32,Plant Midwest,Line 2,Model-C,110,106,97.2
2025-08-07,2025-W32,Plant Midwest,Line 3,Model-A,119,116,97.6
2025-08-07,2025-W32,Plant Midwest,Line 3,Model-B,114,110,97.0
2025-08-07,2025-W32,Plant Midwest,Line 3,Model-C,110,105,95.9
2025-08-07,2025-W32,Plant Southeast,Line 1,Model-A,117,112,96.5
2025-08-07,2025-W32,Plant Southeast,Line 1,Model-B,122,118,97.4
2025-08-07,2025-W32,Plant Southeast,Line 1,Model-C,120,115,96.5
2025-08-07,2025-W32,Plant Southeast,Line 2,Model-A,129,124,96.5
2025-08-07,2025-W32,Plant Southeast,Line 2,Model-B,114,108,95.1
2025-08-07,2025-W32,Plant Southeast,Line 2,Model-C,126,121,96.6
2025-08-07,2025-W32,Plant Southeast,Line 3,Model-A,111,106,96.1
2025-08-07,2025-W32,Plant Southeast,Line 3,Model-B,118,113,95.9
2025-08-07,2025-W32,Plant Southeast,Line 3,Model-C,116,110,95.4
2025-08-08,2025-W32,Plant Midwest,Line 1,Model-A,124,120,96.8
2025-08-08,2025-W32,Plant Midwest,Line 1,Model-B,112,107,95.9
2025-08-08,2025-W32,Plant Midwest,Line 1,Model-C,123,117,95.4
2025-08-08,2025-W32,Plant Midwest,Line 2,Model-A,120,116,97.1
2025-08-08,2025-W32,Plant Midwest,Line 2,Model-B,125,119,95.6
2025-08-08,2025-W32,Plant Midwest,Line 2,Model-C,126,118,93.9
2025-08-08,2025-W32,Plant Midwest,Line 3,Model-A,123,117,95.4
2025-08-08,2025-W32,Plant Midwest,Line 3,Model-B,117,110,94.5
2025-08-08,2025-W32,Plant Midwest,Line 3,Model-C,111,108,97.3
2025-08-08,2025-W32,Plant Southeast,Line 1,Model-A,126,121,96.3
2025-08-08,2025-W32,Plant Southeast,Line 1,Model-B,110,107,97.8
2025-08-08,2025-W32,Plant Southeast,Line 1,Model-C,125,120,96.4
2025-08-08,2025-W32,Plant Southeast,Line 2,Model-A,118,112,95.3
2025-08-08,2025-W32,Plant Southeast,Line 2,Model-B,122,116,95.8
2025-08-08,2025-W32,Plant Southeast,Line 2,Model-C,114,109,96.3
2025-08-08,2025-W32,Plant Southeast,Line 3,Model-A,122,117,95.9
2025-08-08,2025-W32,Plant Southeast,Line 3,Model-B,110,105,96.1
2025-08-08,2025-W32,Plant Southeast,Line 3,Model-C,117,111,95.6
2025-08-09,2025-W32,Plant Midwest,Line 1,Model-A,119,113,95.2
2025-08-09,2025-W32,Plant Midwest,Line 1,Model-B,120,116,97.1
2025-08-09,2025-W32,Plant Midwest,Line 1,Model-C,121,116,95.9
2025-08-09,2025-W32,Plant Midwest,Line 2,Model-A,120,115,96.6
2025-08-09,2025-W32,Plant Midwest,Line 2,Model-B,113,107,94.9
2025-08-09,2025-W32,Plant Midwest,Line 2,Model-C,116,111,96.2
2025-08-09,2025-W32,Plant Midwest,Line 3,Model-A,117,113,97.4
2025-08-09,2025-W32,Plant Midwest,Line 3,Model-B,121,115,95.8
2025-08-09,2025-W32,Plant Midwest,Line 3,Model-C,112,108,97.3
2025-08-09,2025-W32,Plant Southeast,Line 1,Model-A,120,116,97.2
2025-08-09,2025-W32,Plant Southeast,Line 1,Model-B,113,108,96.4
2025-08-09,2025-W32,Plant Southeast,Line 1,Model-C,120,115,96.3
2025-08-09,2025-W32,Plant Southeast,Line 2,Model-A,110,106,96.5
2025-08-09,2025-W32,Plant Southeast,Line 2,Model-B,125,119,95.8
2025-08-09,2025-W32,Plant Southeast,Line 2,Model-C,117,111,95.4
2025-08-09,2025-W32,Plant Southeast,Line 3,Model-A,121,115,95.7
2025-08-09,2025-W32,Plant Southeast,Line 3,Model-B,126,123,97.9
2025-08-09,2025-W32,Plant Southeast,Line 3,Model-C,127,122,96.8
2025-08-10,2025-W32,Plant Midwest,Line 1,Model-A,124,119,96.2
2025-08-10,2025-W32,Plant Midwest,Line 1,Model-B,129,122,95.2
2025-08-10,2025-W32,Plant Midwest,Line 1,Model-C,119,113,95.2
2025-08-10,2025-W32,Plant Midwest,Line 2,Model-A,117,113,97.2
2025-08-10,2025-W32,Plant Midwest,Line 2,Model-B,125,120,96.4
2025-08-10,2025-W32,Plant Midwest,Line 2,Model-C,122,119,97.8
2025-08-10,2025-W32,Plant Midwest,Line 3,Model-A,114,110,96.8
2025-08-10,2025-W32,Plant Midwest,Line 3,Model-B,128,125,98.1
2025-08-10,2025-W32,Plant Midwest,Line 3,Model-C,112,108,96.4
2025-08-10,2025-W32,Plant Southeast,Line 1,Model-A,112,108,96.6
2025-08-10,2025-W32,Plant Southeast,Line 1,Model-B,122,118,96.8
2025-08-10,2025-W32,Plant Southeast,Line 1,Model-C,117,112,95.8
2025-08-10,2025-W32,Plant Southeast,Line 2,Model-A,126,122,96.8
2025-08-10,2025-W32,Plant Southeast,Line 2,Model-B,126,122,97.3
2025-08-10,2025-W32,Plant Southeast,Line 2,Model-C,119,116,97.8
2025-08-10,2025-W32,Plant Southeast,Line 3,Model-A,125,118,94.7
2025-08-10,2025-W32,Plant Southeast,Line 3,Model-B,117,113,97.1
2025-08-10,2025-W32,Plant Southeast,Line 3,Model-C,126,121,96.1
2025-08-11,2025-W33,Plant Midwest,Line 1,Model-A,127,121,95.9
2025-08-11,2025-W33,Plant Midwest,Line 1,Model-B,115,111,96.8
2025-08-11,2025-W33,Plant Midwest,Line 1,Model-C,115,111,96.8
2025-08-11,2025-W33,Plant Midwest,Line 2,Model-A,121,116,96.2
2025-08-11,2025-W33,Plant Midwest,Line 2,Model-B,121,116,96.0
2025-08-11,2025-W33,Plant Midwest,Line 2,Model-C,116,111,96.0
2025-08-11,2025-W33,Plant Midwest,Line 3,Model-A,119,114,96.4
2025-08-11,2025-W33,Plant Midwest,Line 3,Model-B,116,111,96.5
2025-08-11,2025-W33,Plant Midwest,Line 3,Model-C,127,121,95.7
2025-08-11,2025-W33,Plant Southeast,Line 1,Model-A,121,117,96.9
2025-08-11,2025-W33,Plant Southeast,Line 1,Model-B,120,115,95.9
2025-08-11,2025-W33,Plant Southeast,Line 1,Model-C,114,108,95.5
2025-08-11,2025-W33,Plant Southeast,Line 2,Model-A,127,123,97.2
2025-08-11,2025-W33,Plant Southeast,Line 2,Model-B,129,123,95.8
2025-08-11,2025-W33,Plant Southeast,Line 2,Model-C,120,115,96.2
2025-08-11,2025-W33,Plant Southeast,Line 3,Model-A,115,109,94.9
2025-08-11,2025-W33,Plant Southeast,Line 3,Model-B,129,123,95.4
2025-08-11,2025-W33,Plant Southeast,Line 3,Model-C,125,120,96.3
2025-08-12,2025-W33,Plant Midwest,Line 1,Model-A,123,117,95.4
2025-08-12,2025-W33,Plant Midwest,Line 1,Model-B,129,124,96.9
2025-08-12,2025-W33,Plant Midwest,Line 1,Model-C,128,122,95.9
2025-08-12,2025-W33,Plant Midwest,Line 2,Model-A,111,106,95.9
2025-08-12,2025-W33,Plant Midwest,Line 2,Model-B,120,114,95.3
2025-08-12,2025-W33,Plant Midwest,Line 2,Model-C,121,118,97.8
2025-08-12,2025-W33,Plant Midwest,Line 3,Model-A,111,106,96.2
2025-08-12,2025-W33,Plant Midwest,Line 3,Model-B,116,111,95.8
2025-08-12,2025-W33,Plant Midwest,Line 3,Model-C,112,108,96.8
2025-08-12,2025-W33,Plant Southeast,Line 1,Model-A,126,120,95.3
2025-08-12,2025-W33,Plant Southeast,Line 1,Model-B,121,117,96.8
2025-08-12,2025-W33,Plant Southeast,Line 1,Model-C,119,114,96.5
2025-08-12,2025-W33,Plant Southeast,Line 2,Model-A,112,107,95.6
2025-08-12,2025-W33,Plant Southeast,Line 2,Model-B,126,121,96.3
2025-08-12,2025-W33,Plant Southeast,Line 2,Model-C,113,107,95.5
2025-08-12,2025-W33,Plant Southeast,Line 3,Model-A,120,116,96.8
2025-08-12,2025-W33,Plant Southeast,Line 3,Model-B,115,110,96.4
2025-08-12,2025-W33,Plant Southeast,Line 3,Model-C,124,120,97.3
2025-08-13,2025-W33,Plant Midwest,Line 1,Model-A,111,107,96.7
2025-08-13,2025-W33,Plant Midwest,Line 1,Model-B,117,113,97.3
2025-08-13,2025-W33,Plant Midwest,Line 1,Model-C,121,116,96.4
2025-08-13,2025-W33,Plant Midwest,Line 2,Model-A,127,121,95.4
2025-08-13,2025-W33,Plant Midwest,Line 2,Model-B,128,123,96.5
2025-08-13,2025-W33,Plant Midwest,Line 2,Model-C,125,120,96.1
2025-08-13,2025-W33,Plant Midwest,Line 3,Model-A,117,112,96.2
2025-08-13,2025-W33,Plant Midwest,Line 3,Model-B,120,113,94.8
2025-08-13,2025-W33,Plant Midwest,Line 3,Model-C,116,111,95.8
2025-08-13,2025-W33,Plant Southeast,Line 1,Model-A,122,116,95.6
2025-08-13,2025-W33,Plant Southeast,Line 1,Model-B,119,113,95.4
2025-08-13,2025-W33,Plant Southeast,Line 1,Model-C,126,122,96.8
2025-08-13,2025-W33,Plant Southeast,Line 2,Model-A,113,109,97.0
2025-08-13,2025-W33,Plant Southeast,Line 2,Model-B,116,111,96.1
2025-08-13,2025-W33,Plant Southeast,Line 2,Model-C,119,113,95.7
2025-08-13,2025-W33,Plant Southeast,Line 3,Model-A,110,106,96.7
2025-08-13,2025-W33,Plant Southeast,Line 3,Model-B,116,111,96.0
2025-08-13,2025-W33,Plant Southeast,Line 3,Model-C,121,116,96.2
2025-08-14,2025-W33,Plant Midwest,Line 1,Model-A,112,108,96.7
2025-08-14,2025-W33,Plant Midwest,Line 1,Model-B,122,118,96.7
2025-08-14,2025-W33,Plant Midwest,Line 1,Model-C,128,122,95.9
2025-08-14,2025-W33,Plant Midwest,Line 2,Model-A,125,120,96.3
2025-08-14,2025-W33,Plant Midwest,Line 2,Model-B,110,106,96.5
2025-08-14,2025-W33,Plant Midwest,Line 2,Model-C,122,117,96.6
2025-08-14,2025-W33,Plant Midwest,Line 3,Model-A,111,106,96.3
2025-08-14,2025-W33,Plant Midwest,Line 3,Model-B,111,105,95.0
2025-08-14,2025-W33,Plant Midwest,Line 3,Model-C,116,111,95.8
2025-08-14,2025-W33,Plant Southeast,Line 1,Model-A,125,122,98.0
2025-08-14,2025-W33,Plant Southeast,Line 1,Model-B,116,112,97.0
2025-08-14,2025-W33,Plant Southeast,Line 1,Model-C,111,106,95.9
2025-08-14,2025-W33,Plant Southeast,Line 2,Model-A,118,114,96.8
2025-08-14,2025-W33,Plant Southeast,Line 2,Model-B,120,114,95.3
2025-08-14,2025-W33,Plant Southeast,Line 2,Model-C,116,112,96.9
2025-08-14,2025-W33,Plant Southeast,Line 3,Model-A,115,111,97.4
2025-08-14,2025-W33,Plant Southeast,Line 3,Model-B,126,119,94.7
2025-08-14,2025-W33,Plant Southeast,Line 3,Model-C,116,112,96.8
2025-08-15,2025-W33,Plant Midwest,Line 1,Model-A,118,113,96.3
2025-08-15,2025-W33,Plant Midwest,Line 1,Model-B,128,122,95.5
2025-08-15,2025-W33,Plant Midwest,Line 1,Model-C,115,110,96.1
2025-08-15,2025-W33,Plant Midwest,Line 2,Model-A,110,104,95.3
2025-08-15,2025-W33,Plant Midwest,Line 2,Model-B,110,108,98.2
2025-08-15,2025-W33,Plant Midwest,Line 2,Model-C,129,124,96.7
2025-08-15,2025-W33,Plant Midwest,Line 3,Model-A,112,108,96.8
2025-08-15,2025-W33,Plant Midwest,Line 3,Model-B,126,122,97.0
2025-08-15,2025-W33,Plant Midwest,Line 3,Model-C,123,117,95.6
2025-08-15,2025-W33,Plant Southeast,Line 1,Model-A,111,105,95.3
2025-08-15,2025-W33,Plant Southeast,Line 1,Model-B,114,110,96.6
2025-08-15,2025-W33,Plant Southeast,Line 1,Model-C,122,116,95.8
2025-08-15,2025-W33,Plant Southeast,Line 2,Model-A,114,110,97.2
2025-08-15,2025-W33,Plant Southeast,Line 2,Model-B,116,110,95.6
2025-08-15,2025-W33,Plant Southeast,Line 2,Model-C,129,122,95.2
2025-08-15,2025-W33,Plant Southeast,Line 3,Model-A,126,121,96.1
2025-08-15,2025-W33,Plant Southeast,Line 3,Model-B,123,118,96.6
2025-08-15,2025-W33,Plant Southeast,Line 3,Model-C,129,124,96.4
2025-08-16,2025-W33,Plant Midwest,Line 1,Model-A,117,113,97.0
2025-08-16,2025-W33,Plant Midwest,Line 1,Model-B,110,105,96.3
2025-08-16,2025-W33,Plant Midwest,Line 1,Model-C,111,106,95.9
2025-08-16,2025-W33,Plant Midwest,Line 2,Model-A,127,122,96.4
2025-08-16,2025-W33,Plant Midwest,Line 2,Model-B,123,119,97.2
2025-08-16,2025-W33,Plant Midwest,Line 2,Model-C,114,108,95.5
2025-08-16,2025-W33,Plant Midwest,Line 3,Model-A,122,117,96.0
2025-08-16,2025-W33,Plant Midwest,Line 3,Model-B,112,109,97.4
2025-08-16,2025-W33,Plant Midwest,Line 3,Model-C,124,118,95.9
2025-08-16,2025-W33,Plant Southeast,Line 1,Model-A,112,109,98.1
2025-08-16,2025-W33,Plant Southeast,Line 1,Model-B,125,120,96.4
2025-08-16,2025-W33,Plant Southeast,Line 1,Model-C,117,112,96.4
2025-08-16,2025-W33,Plant Southeast,Line 2,Model-A,126,121,96.7
2025-08-16,2025-W33,Plant Southeast,Line 2,Model-B,120,115,96.3
2025-08-16,2025-W33,Plant Southeast,Line 2,Model-C,111,107,96.8
2025-08-16,2025-W33,Plant Southeast,Line 3,Model-A,120,115,96.2
2025-08-16,2025-W33,Plant Southeast,Line 3,Model-B,122,117,96.3
2025-08-16,2025-W33,Plant Southeast,Line 3,Model-C,127,121,95.9
2025-08-17,2025-W33,Plant Midwest,Line 1,Model-A,118,113,95.8
2025-08-17,2025-W33,Plant Midwest,Line 1,Model-B,117,111,95.2
2025-08-17,2025-W33,Plant Midwest,Line 1,Model-C,128,123,96.4
2025-08-17,2025-W33,Plant Midwest,Line 2,Model-A,115,108,94.7
2025-08-17,2025-W33,Plant Midwest,Line 2,Model-B,112,108,97.3
2025-08-17,2025-W33,Plant Midwest,Line 2,Model-C,113,108,96.3
2025-08-17,2025-W33,Plant Midwest,Line 3,Model-A,121,116,96.0
2025-08-17,2025-W33,Plant Midwest,Line 3,Model-B,127,121,95.7
2025-08-17,2025-W33,Plant Midwest,Line 3,Model-C,116,112,97.2
2025-08-17,2025-W33,Plant Southeast,Line 1,Model-A,110,105,96.0
2025-08-17,2025-W33,Plant Southeast,Line 1,Model-B,122,119,98.0
2025-08-17,2025-W33,Plant Southeast,Line 1,Model-C,118,113,96.5
2025-08-17,2025-W33,Plant Southeast,Line 2,Model-A,118,115,97.6
2025-08-17,2025-W33,Plant Southeast,Line 2,Model-B,124,118,95.5
2025-08-17,2025-W33,Plant Southeast,Line 2,Model-C,112,109,97.5
2025-08-17,2025-W33,Plant Southeast,Line 3,Model-A,120,116,96.9
2025-08-17,2025-W33,Plant Southeast,Line 3,Model-B,124,120,96.9
2025-08-17,2025-W33,Plant Southeast,Line 3,Model-C,115,109,95.4
2025-08-18,2025-W34,Plant Midwest,Line 1,Model-A,124,119,96.1
2025-08-18,2025-W34,Plant Midwest,Line 1,Model-B,124,120,97.0
2025-08-18,2025-W34,Plant Midwest,Line 1,Model-C,127,120,94.6
2025-08-18,2025-W34,Plant Midwest,Line 2,Model-A,111,105,95.1
2025-08-18,2025-W34,Plant Midwest,Line 2,Model-B,117,113,96.7
2025-08-18,2025-W34,Plant Midwest,Line 2,Model-C,116,113,98.2
2025-08-18,2025-W34,Plant Midwest,Line 3,Model-A,115,110,96.3
2025-08-18,2025-W34,Plant Midwest,Line 3,Model-B,110,105,96.0
2025-08-18,2025-W34,Plant Midwest,Line 3,Model-C,111,107,97.1
2025-08-18,2025-W34,Plant Southeast,Line 1,Model-A,129,123,95.8
2025-08-18,2025-W34,Plant Southeast,Line 1,Model-B,113,109,97.2
2025-08-18,2025-W34,Plant Southeast,Line 1,Model-C,127,121,95.5
2025-08-18,2025-W34,Plant Southeast,Line 2,Model-A,110,105,95.9
2025-08-18,2025-W34,Plant Southeast,Line 2,Model-B,123,117,95.5
2025-08-18,2025-W34,Plant Southeast,Line 2,Model-C,113,107,95.1
2025-08-18,2025-W34,Plant Southeast,Line 3,Model-A,111,107,96.8
2025-08-18,2025-W34,Plant Southeast,Line 3,Model-B,125,120,96.7
2025-08-18,2025-W34,Plant Southeast,Line 3,Model-C,120,115,95.9
2025-08-19,2025-W34,Plant Midwest,Line 1,Model-A,128,123,96.2
2025-08-19,2025-W34,Plant Midwest,Line 1,Model-B,126,120,95.9
2025-08-19,2025-W34,Plant Midwest,Line 1,Model-C,116,112,97.0
2025-08-19,2025-W34,Plant Midwest,Line 2,Model-A,112,106,95.3
2025-08-19,2025-W34,Plant Midwest,Line 2,Model-B,129,124,96.7
2025-08-19,2025-W34,Plant Midwest,Line 2,Model-C,121,116,96.7
2025-08-19,2025-W34,Plant Midwest,Line 3,Model-A,124,118,95.4
2025-08-19,2025-W34,Plant Midwest,Line 3,Model-B,119,113,95.4
2025-08-19,2025-W34,Plant Midwest,Line 3,Model-C,128,124,97.2
2025-08-19,2025-W34,Plant Southeast,Line 1,Model-A,119,112,94.9
2025-08-19,2025-W34,Plant Southeast,Line 1,Model-B,111,107,97.1
2025-08-19,2025-W34,Plant Southeast,Line 1,Model-C,110,105,96.0
2025-08-19,2025-W34,Plant Southeast,Line 2,Model-A,118,112,95.5
2025-08-19,2025-W34,Plant Southeast,Line 2,Model-B,117,111,95.5
2025-08-19,2025-W34,Plant Southeast,Line 2,Model-C,122,117,96.0
2025-08-19,2025-W34,Plant Southeast,Line 3,Model-A,127,121,95.9
2025-08-19,2025-W34,Plant Southeast,Line 3,Model-B,121,116,96.6
2025-08-19,2025-W34,Plant Southeast,Line 3,Model-C,124,118,95.6
2025-08-20,2025-W34,Plant Midwest,Line 1,Model-A,116,113,98.1
2025-08-20,2025-W34,Plant Midwest,Line 1,Model-B,128,122,95.5
2025-08-20,2025-W34,Plant Midwest,Line 1,Model-C,114,109,96.4
2025-08-20,2025-W34,Plant Midwest,Line 2,Model-A,126,121,96.6
2025-08-20,2025-W34,Plant Midwest,Line 2,Model-B,117,112,96.1
2025-08-20,2025-W34,Plant Midwest,Line 2,Model-C,127,123,97.3
2025-08-20,2025-W34,Plant Midwest,Line 3,Model-A,120,115,96.0
2025-08-20,2025-W34,Plant Midwest,Line 3,Model-B,113,109,96.6
2025-08-20,2025-W34,Plant Midwest,Line 3,Model-C,114,110,96.7
2025-08-20,2025-W34,Plant Southeast,Line 1,Model-A,127,122,96.3
2025-08-20,2025-W34,Plant Southeast,Line 1,Model-B,111,107,96.5
2025-08-20,2025-W34,Plant Southeast,Line 1,Model-C,118,112,95.8
2025-08-20,2025-W34,Plant Southeast,Line 2,Model-A,112,107,96.1
2025-08-20,2025-W34,Plant Southeast,Line 2,Model-B,110,106,97.1
2025-08-20,2025-W34,Plant Southeast,Line 2,Model-C,119,113,95.8
2025-08-20,2025-W34,Plant Southeast,Line 3,Model-A,124,119,96.4
2025-08-20,2025-W34,Plant Southeast,Line 3,Model-B,112,106,94.9
2025-08-20,2025-W34,Plant Southeast,Line 3,Model-C,118,112,95.6
2025-08-21,2025-W34,Plant Midwest,Line 1,Model-A,116,111,95.9
2025-08-21,2025-W34,Plant Midwest,Line 1,Model-B,111,106,95.9
2025-08-21,2025-W34,Plant Midwest,Line 1,Model-C,118,112,95.4
2025-08-21,2025-W34,Plant Midwest,Line 2,Model-A,128,122,95.4
2025-08-21,2025-W34,Plant Midwest,Line 2,Model-B,115,112,98.0
2025-08-21,2025-W34,Plant Midwest,Line 2,Model-C,113,110,97.5
2025-08-21,2025-W34,Plant Midwest,Line 3,Model-A,113,107,95.0
2025-08-21,2025-W34,Plant Midwest,Line 3,Model-B,113,109,96.7
2025-08-21,2025-W34,Plant Midwest,Line 3,Model-C,125,121,97.3
2025-08-21,2025-W34,Plant Southeast,Line 1,Model-A,125,120,96.2
2025-08-21,2025-W34,Plant Southeast,Line 1,Model-B,121,114,94.8
2025-08-21,2025-W34,Plant Southeast,Line 1,Model-C,119,113,95.8
2025-08-21,2025-W34,Plant Southeast,Line 2,Model-A,114,109,96.4
2025-08-21,2025-W34,Plant Southeast,Line 2,Model-B,119,114,96.2
2025-08-21,2025-W34,Plant Southeast,Line 2,Model-C,116,111,96.0
2025-08-21,2025-W34,Plant Southeast,Line 3,Model-A,110,103,94.4
2025-08-21,2025-W34,Plant Southeast,Line 3,Model-B,124,120,97.1
2025-08-21,2025-W34,Plant Southeast,Line 3,Model-C,119,113,95.5
2025-08-22,2025-W34,Plant Midwest,Line 1,Model-A,118,111,94.6
2025-08-22,2025-W34,Plant Midwest,Line 1,Model-B,119,115,97.3
2025-08-22,2025-W34,Plant Midwest,Line 1,Model-C,129,122,94.9
2025-08-22,2025-W34,Plant Midwest,Line 2,Model-A,125,119,95.5
2025-08-22,2025-W34,Plant Midwest,Line 2,Model-B,124,118,95.7
2025-08-22,2025-W34,Plant Midwest,Line 2,Model-C,126,120,96.0
2025-08-22,2025-W34,Plant Midwest,Line 3,Model-A,111,106,96.0
2025-08-22,2025-W34,Plant Midwest,Line 3,Model-B,126,119,95.0
2025-08-22,2025-W34,Plant Midwest,Line 3,Model-C,124,118,95.2
2025-08-22,2025-W34,Plant Southeast,Line 1,Model-A,115,110,96.4
2025-08-22,2025-W34,Plant Southeast,Line 1,Model-B,126,122,97.0
2025-08-22,2025-W34,Plant Southeast,Line 1,Model-C,111,107,96.7
2025-08-22,2025-W34,Plant Southeast,Line 2,Model-A,114,109,96.2
2025-08-22,2025-W34,Plant Southeast,Line 2,Model-B,112,107,95.7
2025-08-22,2025-W34,Plant Southeast,Line 2,Model-C,118,114,96.6
2025-08-22,2025-W34,Plant Southeast,Line 3,Model-A,111,107,96.6
2025-08-22,2025-W34,Plant Southeast,Line 3,Model-B,120,116,96.8
2025-08-22,2025-W34,Plant Southeast,Line 3,Model-C,127,123,96.9
2025-08-23,2025-W34,Plant Midwest,Line 1,Model-A,111,106,96.2
2025-08-23,2025-W34,Plant Midwest,Line 1,Model-B,125,119,95.6
2025-08-23,2025-W34,Plant Midwest,Line 1,Model-C,121,116,95.9
2025-08-23,2025-W34,Plant Midwest,Line 2,Model-A,121,117,97.0
2025-08-23,2025-W34,Plant Midwest,Line 2,Model-B,117,112,96.1
2025-08-23,2025-W34,Plant Midwest,Line 2,Model-C,128,123,96.7
2025-08-23,2025-W34,Plant Midwest,Line 3,Model-A,124,119,96.4
2025-08-23,2025-W34,Plant Midwest,Line 3,Model-B,120,114,95.6
2025-08-23,2025-W34,Plant Midwest,Line 3,Model-C,129,125,97.6
2025-08-23,2025-W34,Plant Southeast,Line 1,Model-A,127,123,97.5
2025-08-23,2025-W34,Plant Southeast,Line 1,Model-B,119,114,96.3
2025-08-23,2025-W34,Plant Southeast,Line 1,Model-C,123,119,97.5
2025-08-23,2025-W34,Plant Southeast,Line 2,Model-A,128,122,95.8
2025-08-23,2025-W34,Plant Southeast,Line 2,Model-B,115,111,96.9
2025-08-23,2025-W34,Plant Southeast,Line 2,Model-C,123,118,96.0
2025-08-23,2025-W34,Plant Southeast,Line 3,Model-A,116,112,97.1
2025-08-23,2025-W34,Plant Southeast,Line 3,Model-B,126,122,96.9
2025-08-23,2025-W34,Plant Southeast,Line 3,Model-C,115,112,97.5
2025-08-24,2025-W34,Plant Midwest,Line 1,Model-A,120,114,95.1
2025-08-24,2025-W34,Plant Midwest,Line 1,Model-B,128,124,97.3
2025-08-24,2025-W34,Plant Midwest,Line 1,Model-C,119,112,94.7
2025-08-24,2025-W34,Plant Midwest,Line 2,Model-A,122,117,96.4
2025-08-24,2025-W34,Plant Midwest,Line 2,Model-B,111,106,95.5
2025-08-24,2025-W34,Plant Midwest,Line 2,Model-C,122,116,95.8
2025-08-24,2025-W34,Plant Midwest,Line 3,Model-A,112,109,97.5
2025-08-24,2025-W34,Plant Midwest,Line 3,Model-B,111,106,95.8
2025-08-24,2025-W34,Plant Midwest,Line 3,Model-C,117,112,96.1
2025-08-24,2025-W34,Plant Southeast,Line 1,Model-A,115,108,94.7
2025-08-24,2025-W34,Plant Southeast,Line 1,Model-B,117,113,97.1
2025-08-24,2025-W34,Plant Southeast,Line 1,Model-C,124,119,96.3
2025-08-24,2025-W34,Plant Southeast,Line 2,Model-A,120,115,96.2
2025-08-24,2025-W34,Plant Southeast,Line 2,Model-B,120,116,97.2
2025-08-24,2025-W34,Plant Southeast,Line 2,Model-C,118,113,96.1
2025-08-24,2025-W34,Plant Southeast,Line 3,Model-A,117,110,94.3
2025-08-24,2025-W34,Plant Southeast,Line 3,Model-B,119,114,96.3
2025-08-24,2025-W34,Plant Southeast,Line 3,Model-C,128,124,97.3
2025-08-25,2025-W35,Plant Midwest,Line 1,Model-A,117,112,96.3
2025-08-25,2025-W35,Plant Midwest,Line 1,Model-B,112,107,95.9
2025-08-25,2025-W35,Plant Midwest,Line 1,Model-C,121,116,96.5
2025-08-25,2025-W35,Plant Midwest,Line 2,Model-A,121,116,96.5
2025-08-25,2025-W35,Plant Midwest,Line 2,Model-B,114,108,95.2
2025-08-25,2025-W35,Plant Midwest,Line 2,Model-C,129,125,97.4
2025-08-25,2025-W35,Plant Midwest,Line 3,Model-A,117,112,96.5
2025-08-25,2025-W35,Plant Midwest,Line 3,Model-B,115,112,97.8
2025-08-25,2025-W35,Plant Midwest,Line 3,Model-C,124,119,96.4
2025-08-25,2025-W35,Plant Southeast,Line 1,Model-A,129,124,96.4
2025-08-25,2025-W35,Plant Southeast,Line 1,Model-B,129,124,96.3
2025-08-25,2025-W35,Plant Southeast,Line 1,Model-C,118,114,97.0
2025-08-25,2025-W35,Plant Southeast,Line 2,Model-A,113,109,97.3
2025-08-25,2025-W35,Plant Southeast,Line 2,Model-B,115,111,97.0
2025-08-25,2025-W35,Plant Southeast,Line 2,Model-C,119,114,96.1
2025-08-25,2025-W35,Plant Southeast,Line 3,Model-A,128,122,95.5
2025-08-25,2025-W35,Plant Southeast,Line 3,Model-B,128,122,95.7
2025-08-25,2025-W35,Plant Southeast,Line 3,Model-C,111,106,96.1
2025-08-26,2025-W35,Plant Midwest,Line 1,Model-A,119,113,95.6
2025-08-26,2025-W35,Plant Midwest,Line 1,Model-B,118,114,97.0
2025-08-26,2025-W35,Plant Midwest,Line 1,Model-C,110,105,96.1
2025-08-26,2025-W35,Plant Midwest,Line 2,Model-A,124,119,96.2
2025-08-26,2025-W35,Plant Midwest,Line 2,Model-B,110,105,95.8
2025-08-26,2025-W35,Plant Midwest,Line 2,Model-C,122,117,96.5
2025-08-26,2025-W35,Plant Midwest,Line 3,Model-A,124,116,94.1
2025-08-26,2025-W35,Plant Midwest,Line 3,Model-B,112,106,95.2
2025-08-26,2025-W35,Plant Midwest,Line 3,Model-C,121,116,96.4
2025-08-26,2025-W35,Plant Southeast,Line 1,Model-A,126,122,96.9
2025-08-26,2025-W35,Plant Southeast,Line 1,Model-B,120,113,94.6
2025-08-26,2025-W35,Plant Southeast,Line 1,Model-C,121,116,96.3
2025-08-26,2025-W35,Plant Southeast,Line 2,Model-A,124,119,96.0
2025-08-26,2025-W35,Plant Southeast,Line 2,Model-B,123,119,97.0
2025-08-26,2025-W35,Plant Southeast,Line 2,Model-C,110,105,96.0
2025-08-26,2025-W35,Plant Southeast,Line 3,Model-A,124,120,97.1
2025-08-26,2025-W35,Plant Southeast,Line 3,Model-B,129,124,96.3
2025-08-26,2025-W35,Plant Southeast,Line 3,Model-C,123,117,95.6
2025-08-27,2025-W35,Plant Midwest,Line 1,Model-A,121,117,97.5
2025-08-27,2025-W35,Plant Midwest,Line 1,Model-B,129,123,95.9
2025-08-27,2025-W35,Plant Midwest,Line 1,Model-C,128,123,96.3
2025-08-27,2025-W35,Plant Midwest,Line 2,Model-A,117,111,95.1
2025-08-27,2025-W35,Plant Midwest,Line 2,Model-B,123,118,95.9
2025-08-27,2025-W35,Plant Midwest,Line 2,Model-C,114,107,94.6
2025-08-27,2025-W35,Plant Midwest,Line 3,Model-A,117,112,96.0
2025-08-27,2025-W35,Plant Midwest,Line 3,Model-B,123,118,96.1
2025-08-27,2025-W35,Plant Midwest,Line 3,Model-C,113,110,97.6
2025-08-27,2025-W35,Plant Southeast,Line 1,Model-A,112,108,96.9
2025-08-27,2025-W35,Plant Southeast,Line 1,Model-B,119,115,97.2
2025-08-27,2025-W35,Plant Southeast,Line 1,Model-C,120,113,95.0
2025-08-27,2025-W35,Plant Southeast,Line 2,Model-A,126,122,97.4
2025-08-27,2025-W35,Plant Southeast,Line 2,Model-B,124,118,95.4
2025-08-27,2025-W35,Plant Southeast,Line 2,Model-C,112,106,95.3
2025-08-27,2025-W35,Plant Southeast,Line 3,Model-A,118,114,96.8
2025-08-27,2025-W35,Plant Southeast,Line 3,Model-B,118,112,95.5
2025-08-27,2025-W35,Plant Southeast,Line 3,Model-C,125,119,95.7
2025-08-28,2025-W35,Plant Midwest,Line 1,Model-A,118,113,96.0
2025-08-28,2025-W35,Plant Midwest,Line 1,Model-B,113,109,96.5
2025-08-28,2025-W35,Plant Midwest,Line 1,Model-C,110,106,96.8
2025-08-28,2025-W35,Plant Midwest,Line 2,Model-A,122,116,95.9
2025-08-28,2025-W35,Plant Midwest,Line 2,Model-B,117,111,95.6
2025-08-28,2025-W35,Plant Midwest,Line 2,Model-C,121,116,96.1
2025-08-28,2025-W35,Plant Midwest,Line 3,Model-A,123,119,96.8
2025-08-28,2025-W35,Plant Midwest,Line 3,Model-B,122,116,95.1
2025-08-28,2025-W35,Plant Midwest,Line 3,Model-C,121,116,95.9
2025-08-28,2025-W35,Plant Southeast,Line 1,Model-A,120,116,96.7
2025-08-28,2025-W35,Plant Southeast,Line 1,Model-B,118,114,97.4
2025-08-28,2025-W35,Plant Southeast,Line 1,Model-C,126,120,95.6
2025-08-28,2025-W35,Plant Southeast,Line 2,Model-A,123,118,96.1
2025-08-28,2025-W35,Plant Southeast,Line 2,Model-B,117,111,95.0
2025-08-28,2025-W35,Plant Southeast,Line 2,Model-C,114,110,96.8
2025-08-28,2025-W35,Plant Southeast,Line 3,Model-A,118,113,96.2
2025-08-28,2025-W35,Plant Southeast,Line 3,Model-B,127,122,96.1
2025-08-28,2025-W35,Plant Southeast,Line 3,Model-C,123,119,97.0
2025-08-29,2025-W35,Plant Midwest,Line 1,Model-A,110,104,95.4
2025-08-29,2025-W35,Plant Midwest,Line 1,Model-B,124,116,94.3
2025-08-29,2025-W35,Plant Midwest,Line 1,Model-C,124,120,97.1
2025-08-29,2025-W35,Plant Midwest,Line 2,Model-A,124,119,96.8
2025-08-29,2025-W35,Plant Midwest,Line 2,Model-B,124,119,96.2
2025-08-29,2025-W35,Plant Midwest,Line 2,Model-C,119,113,95.8
2025-08-29,2025-W35,Plant Midwest,Line 3,Model-A,112,107,95.9
2025-08-29,2025-W35,Plant Midwest,Line 3,Model-B,113,108,96.2
2025-08-29,2025-W35,Plant Midwest,Line 3,Model-C,123,118,96.2
2025-08-29,2025-W35,Plant Southeast,Line 1,Model-A,110,105,95.6
2025-08-29,2025-W35,Plant Southeast,Line 1,Model-B,113,110,97.7
2025-08-29,2025-W35,Plant Southeast,Line 1,Model-C,126,122,97.0
2025-08-29,2025-W35,Plant Southeast,Line 2,Model-A,126,120,95.4
2025-08-29,2025-W35,Plant Southeast,Line 2,Model-B,111,104,94.3
2025-08-29,2025-W35,Plant Southeast,Line 2,Model-C,128,121,95.0
2025-08-29,2025-W35,Plant Southeast,Line 3,Model-A,118,114,97.0
2025-08-29,2025-W35,Plant Southeast,Line 3,Model-B,118,113,96.4
2025-08-29,2025-W35,Plant Southeast,Line 3,Model-C,126,121,96.6
2025-08-30,2025-W35,Plant Midwest,Line 1,Model-A,121,115,95.3
2025-08-30,2025-W35,Plant Midwest,Line 1,Model-B,127,120,95.3
2025-08-30,2025-W35,Plant Midwest,Line 1,Model-C,124,119,96.5
2025-08-30,2025-W35,Plant Midwest,Line 2,Model-A,117,112,96.0
2025-08-30,2025-W35,Plant Midwest,Line 2,Model-B,121,115,95.0
2025-08-30,2025-W35,Plant Midwest,Line 2,Model-C,116,112,96.7
2025-08-30,2025-W35,Plant Midwest,Line 3,Model-A,118,113,96.6
2025-08-30,2025-W35,Plant Midwest,Line 3,Model-B,116,111,95.9
2025-08-30,2025-W35,Plant Midwest,Line 3,Model-C,114,109,96.1
2025-08-30,2025-W35,Plant Southeast,Line 1,Model-A,124,120,96.8
2025-08-30,2025-W35,Plant Southeast,Line 1,Model-B,129,123,95.7
2025-08-30,2025-W35,Plant Southeast,Line 1,Model-C,124,120,97.0
2025-08-30,2025-W35,Plant Southeast,Line 2,Model-A,118,113,96.4
2025-08-30,2025-W35,Plant Southeast,Line 2,Model-B,117,112,95.9
2025-08-30,2025-W35,Plant Southeast,Line 2,Model-C,121,116,96.5
2025-08-30,2025-W35,Plant Southeast,Line 3,Model-A,110,107,97.3
2025-08-30,2025-W35,Plant Southeast,Line 3,Model-B,125,120,96.2
2025-08-30,2025-W35,Plant Southeast,Line 3,Model-C,127,121,95.6
2025-08-31,2025-W35,Plant Midwest,Line 1,Model-A,120,115,96.5
2025-08-31,2025-W35,Plant Midwest,Line 1,Model-B,117,112,96.4
2025-08-31,2025-W35,Plant Midwest,Line 1,Model-C,115,112,97.5
2025-08-31,2025-W35,Plant Midwest,Line 2,Model-A,119,114,96.3
2025-08-31,2025-W35,Plant Midwest,Line 2,Model-B,120,115,96.5
2025-08-31,2025-W35,Plant Midwest,Line 2,Model-C,116,112,97.0
2025-08-31,2025-W35,Plant Midwest,Line 3,Model-A,118,113,96.5
2025-08-31,2025-W35,Plant Midwest,Line 3,Model-B,129,123,95.8
2025-08-31,2025-W35,Plant Midwest,Line 3,Model-C,111,106,96.3
2025-08-31,2025-W35,Plant Southeast,Line 1,Model-A,115,110,96.4
2025-08-31,2025-W35,Plant Southeast,Line 1,Model-B,122,117,96.0
2025-08-31,2025-W35,Plant Southeast,Line 1,Model-C,128,122,95.8
2025-08-31,2025-W35,Plant Southeast,Line 2,Model-A,110,105,95.6
2025-08-31,2025-W35,Plant Southeast,Line 2,Model-B,111,105,95.4
2025-08-31,2025-W35,Plant Southeast,Line 2,Model-C,124,119,96.3
2025-08-31,2025-W35,Plant Southeast,Line 3,Model-A,124,120,97.3
2025-08-31,2025-W35,Plant Southeast,Line 3,Model-B,115,111,96.8
2025-08-31,2025-W35,Plant Southeast,Line 3,Model-C,111,105,94.8
2025-09-01,2025-W36,Plant Midwest,Line 1,Model-A,115,112,97.6
2025-09-01,2025-W36,Plant Midwest,Line 1,Model-B,128,121,95.2
2025-09-01,2025-W36,Plant Midwest,Line 1,Model-C,118,114,97.5
2025-09-01,2025-W36,Plant Midwest,Line 2,Model-A,115,111,97.3
2025-09-01,2025-W36,Plant Midwest,Line 2,Model-B,123,117,95.5
2025-09-01,2025-W36,Plant Midwest,Line 2,Model-C,122,116,95.6
2025-09-01,2025-W36,Plant Midwest,Line 3,Model-A,120,115,96.0
2025-09-01,2025-W36,Plant Midwest,Line 3,Model-B,128,124,96.9
2025-09-01,2025-W36,Plant Midwest,Line 3,Model-C,122,117,96.2
2025-09-01,2025-W36,Plant Southeast,Line 1,Model-A,126,119,95.0
2025-09-01,2025-W36,Plant Southeast,Line 1,Model-B,113,109,97.3
2025-09-01,2025-W36,Plant Southeast,Line 1,Model-C,113,108,95.8
2025-09-01,2025-W36,Plant Southeast,Line 2,Model-A,119,112,94.1
2025-09-01,2025-W36,Plant Southeast,Line 2,Model-B,111,105,94.6
2025-09-01,2025-W36,Plant Southeast,Line 2,Model-C,126,121,96.5
2025-09-01,2025-W36,Plant Southeast,Line 3,Model-A,127,121,96.0
2025-09-01,2025-W36,Plant Southeast,Line 3,Model-B,110,106,96.6
2025-09-01,2025-W36,Plant Southeast,Line 3,Model-C,113,108,95.8
2025-09-02,2025-W36,Plant Midwest,Line 1,Model-A,118,113,96.0
2025-09-02,2025-W36,Plant Midwest,Line 1,Model-B,115,109,95.0
2025-09-02,2025-W36,Plant Midwest,Line 1,Model-C,127,122,96.8
2025-09-02,2025-W36,Plant Midwest,Line 2,Model-A,116,112,97.3
2025-09-02,2025-W36,Plant Midwest,Line 2,Model-B,119,114,96.1
2025-09-02,2025-W36,Plant Midwest,Line 2,Model-C,116,109,94.7
2025-09-02,2025-W36,Plant Midwest,Line 3,Model-A,128,124,97.2
2025-09-02,2025-W36,Plant Midwest,Line 3,Model-B,111,106,95.8
2025-09-02,2025-W36,Plant Midwest,Line 3,Model-C,125,119,96.0
2025-09-02,2025-W36,Plant Southeast,Line 1,Model-A,114,109,96.4
2025-09-02,2025-W36,Plant Southeast,Line 1,Model-B,126,120,95.9
2025-09-02,2025-W36,Plant Southeast,Line 1,Model-C,118,112,95.6
2025-09-02,2025-W36,Plant Southeast,Line 2,Model-A,119,114,96.1
2025-09-02,2025-W36,Plant Southeast,Line 2,Model-B,116,111,96.2
2025-09-02,2025-W36,Plant Southeast,Line 2,Model-C,119,112,94.6
2025-09-02,2025-W36,Plant Southeast,Line 3,Model-A,112,108,96.6
2025-09-02,2025-W36,Plant Southeast,Line 3,Model-B,123,117,95.6
2025-09-02,2025-W36,Plant Southeast,Line 3,Model-C,123,120,97.7
2025-09-03,2025-W36,Plant Midwest,Line 1,Model-A,125,120,96.3
2025-09-03,2025-W36,Plant Midwest,Line 1,Model-B,114,108,95.4
2025-09-03,2025-W36,Plant Midwest,Line 1,Model-C,115,110,96.2
2025-09-03,2025-W36,Plant Midwest,Line 2,Model-A,124,118,95.7
2025-09-03,2025-W36,Plant Midwest,Line 2,Model-B,110,106,96.5
2025-09-03,2025-W36,Plant Midwest,Line 2,Model-C,110,106,96.5
2025-09-03,2025-W36,Plant Midwest,Line 3,Model-A,120,115,96.6
2025-09-03,2025-W36,Plant Midwest,Line 3,Model-B,119,114,96.0
2025-09-03,2025-W36,Plant Midwest,Line 3,Model-C,126,120,95.9
2025-09-03,2025-W36,Plant Southeast,Line 1,Model-A,120,117,97.6
2025-09-03,2025-W36,Plant Southeast,Line 1,Model-B,120,115,96.7
2025-09-03,2025-W36,Plant Southeast,Line 1,Model-C,122,116,95.4
2025-09-03,2025-W36,Plant Southeast,Line 2,Model-A,114,109,95.8
2025-09-03,2025-W36,Plant Southeast,Line 2,Model-B,123,117,95.2
2025-09-03,2025-W36,Plant Southeast,Line 2,Model-C,124,118,95.6
2025-09-03,2025-W36,Plant Southeast,Line 3,Model-A,122,119,97.7
2025-09-03,2025-W36,Plant Southeast,Line 3,Model-B,110,105,96.3
2025-09-03,2025-W36,Plant Southeast,Line 3,Model-C,118,114,97.0
2025-09-04,2025-W36,Plant Midwest,Line 1,Model-A,126,119,94.6
2025-09-04,2025-W36,Plant Midwest,Line 1,Model-B,115,111,96.7
2025-09-04,2025-W36,Plant Midwest,Line 1,Model-C,110,104,95.2
2025-09-04,2025-W36,Plant Midwest,Line 2,Model-A,119,114,96.2
2025-09-04,2025-W36,Plant Midwest,Line 2,Model-B,112,107,96.2
2025-09-04,2025-W36,Plant Midwest,Line 2,Model-C,127,120,95.2
2025-09-04,2025-W36,Plant Midwest,Line 3,Model-A,111,107,96.6
2025-09-04,2025-W36,Plant Midwest,Line 3,Model-B,123,119,97.2
2025-09-04,2025-W36,Plant Midwest,Line 3,Model-C,113,110,97.4
2025-09-04,2025-W36,Plant Southeast,Line 1,Model-A,129,122,95.3
2025-09-04,2025-W36,Plant Southeast,Line 1,Model-B,127,121,95.8
2025-09-04,2025-W36,Plant Southeast,Line 1,Model-C,113,109,96.9
2025-09-04,2025-W36,Plant Southeast,Line 2,Model-A,126,119,94.7
2025-09-04,2025-W36,Plant Southeast,Line 2,Model-B,129,124,96.4
2025-09-04,2025-W36,Plant Southeast,Line 2,Model-C,115,109,95.5
2025-09-04,2025-W36,Plant Southeast,Line 3,Model-A,118,113,96.4
2025-09-04,2025-W36,Plant Southeast,Line 3,Model-B,121,114,95.0
2025-09-04,2025-W36,Plant Southeast,Line 3,Model-C,124,122,98.5
2025-09-05,2025-W36,Plant Midwest,Line 1,Model-A,128,122,95.7
2025-09-05,2025-W36,Plant Midwest,Line 1,Model-B,121,115,95.7
2025-09-05,2025-W36,Plant Midwest,Line 1,Model-C,123,119,97.4
2025-09-05,2025-W36,Plant Midwest,Line 2,Model-A,122,119,97.9
2025-09-05,2025-W36,Plant Midwest,Line 2,Model-B,112,105,94.5
2025-09-05,2025-W36,Plant Midwest,Line 2,Model-C,119,114,96.4
2025-09-05,2025-W36,Plant Midwest,Line 3,Model-A,125,120,96.6
2025-09-05,2025-W36,Plant Midwest,Line 3,Model-B,125,122,97.9
2025-09-05,2025-W36,Plant Midwest,Line 3,Model-C,129,125,97.5
2025-09-05,2025-W36,Plant Southeast,Line 1,Model-A,126,120,95.5
2025-09-05,2025-W36,Plant Southeast,Line 1,Model-B,122,118,97.4
2025-09-05,2025-W36,Plant Southeast,Line 1,Model-C,125,121,97.0
2025-09-05,2025-W36,Plant Southeast,Line 2,Model-A,128,125,97.8
2025-09-05,2025-W36,Plant Southeast,Line 2,Model-B,112,108,96.8
2025-09-05,2025-W36,Plant Southeast,Line 2,Model-C,113,108,96.4
2025-09-05,2025-W36,Plant Southeast,Line 3,Model-A,126,120,95.8
2025-09-05,2025-W36,Plant Southeast,Line 3,Model-B,122,118,97.0
2025-09-05,2025-W36,Plant Southeast,Line 3,Model-C,110,106,97.0
2025-09-06,2025-W36,Plant Midwest,Line 1,Model-A,121,117,97.1
2025-09-06,2025-W36,Plant Midwest,Line 1,Model-B,126,121,96.3
2025-09-06,2025-W36,Plant Midwest,Line 1,Model-C,117,112,96.1
2025-09-06,2025-W36,Plant Midwest,Line 2,Model-A,122,115,94.3
2025-09-06,2025-W36,Plant Midwest,Line 2,Model-B,120,116,97.1
2025-09-06,2025-W36,Plant Midwest,Line 2,Model-C,120,116,97.4
2025-09-06,2025-W36,Plant Midwest,Line 3,Model-A,119,113,95.4
2025-09-06,2025-W36,Plant Midwest,Line 3,Model-B,112,106,95.5
2025-09-06,2025-W36,Plant Midwest,Line 3,Model-C,129,124,96.9
2025-09-06,2025-W36,Plant Southeast,Line 1,Model-A,128,121,95.3
2025-09-06,2025-W36,Plant Southeast,Line 1,Model-B,122,118,97.4
2025-09-06,2025-W36,Plant Southeast,Line 1,Model-C,111,106,96.2
2025-09-06,2025-W36,Plant Southeast,Line 2,Model-A,127,120,95.0
2025-09-06,2025-W36,Plant Southeast,Line 2,Model-B,123,119,96.8
2025-09-06,2025-W36,Plant Southeast,Line 2,Model-C,125,120,96.2
2025-09-06,2025-W36,Plant Southeast,Line 3,Model-A,116,111,96.1
2025-09-06,2025-W36,Plant Southeast,Line 3,Model-B,125,120,96.3
2025-09-06,2025-W36,Plant Southeast,Line 3,Model-C,120,116,97.3
2025-09-07,2025-W36,Plant Midwest,Line 1,Model-A,125,119,95.3
2025-09-07,2025-W36,Plant Midwest,Line 1,Model-B,127,123,96.9
2025-09-07,2025-W36,Plant Midwest,Line 1,Model-C,126,121,96.7
2025-09-07,2025-W36,Plant Midwest,Line 2,Model-A,114,111,97.6
2025-09-07,2025-W36,Plant Midwest,Line 2,Model-B,120,116,96.7
2025-09-07,2025-W36,Plant Midwest,Line 2,Model-C,126,120,95.3
2025-09-07,2025-W36,Plant Midwest,Line 3,Model-A,116,110,95.0
2025-09-07,2025-W36,Plant Midwest,Line 3,Model-B,121,114,94.5
2025-09-07,2025-W36,Plant Midwest,Line 3,Model-C,110,105,96.2
2025-09-07,2025-W36,Plant Southeast,Line 1,Model-A,127,123,97.2
2025-09-07,2025-W36,Plant Southeast,Line 1,Model-B,120,114,95.5
2025-09-07,2025-W36,Plant Southeast,Line 1,Model-C,121,115,95.7
2025-09-07,2025-W36,Plant Southeast,Line 2,Model-A,119,113,95.4
2025-09-07,2025-W36,Plant Southeast,Line 2,Model-B,113,110,97.9
2025-09-07,2025-W36,Plant Southeast,Line 2,Model-C,129,121,94.4
2025-09-07,2025-W36,Plant Southeast,Line 3,Model-A,126,120,95.8
2025-09-07,2025-W36,Plant Southeast,Line 3,Model-B,121,117,97.1
2025-09-07,2025-W36,Plant Southeast,Line 3,Model-C,127,120,95.2
2025-09-08,2025-W37,Plant Midwest,Line 1,Model-A,110,104,95.1
2025-09-08,2025-W37,Plant Midwest,Line 1,Model-B,121,116,96.1
2025-09-08,2025-W37,Plant Midwest,Line 1,Model-C,110,105,96.1
2025-09-08,2025-W37,Plant Midwest,Line 2,Model-A,110,106,96.4
2025-09-08,2025-W37,Plant Midwest,Line 2,Model-B,113,109,96.5
2025-09-08,2025-W37,Plant Midwest,Line 2,Model-C,113,107,95.5
2025-09-08,2025-W37,Plant Midwest,Line 3,Model-A,126,121,96.5
2025-09-08,2025-W37,Plant Midwest,Line 3,Model-B,125,119,95.5
2025-09-08,2025-W37,Plant Midwest,Line 3,Model-C,112,108,96.6
2025-09-08,2025-W37,Plant Southeast,Line 1,Model-A,113,109,96.7
2025-09-08,2025-W37,Plant Southeast,Line 1,Model-B,114,109,96.3
2025-09-08,2025-W37,Plant Southeast,Line 1,Model-C,118,112,95.4
2025-09-08,2025-W37,Plant Southeast,Line 2,Model-A,112,107,96.2
2025-09-08,2025-W37,Plant Southeast,Line 2,Model-B,124,121,97.8
2025-09-08,2025-W37,Plant Southeast,Line 2,Model-C,112,106,95.1
2025-09-08,2025-W37,Plant Southeast,Line 3,Model-A,128,122,95.8
2025-09-08,2025-W37,Plant Southeast,Line 3,Model-B,123,116,94.4
2025-09-08,2025-W37,Plant Southeast,Line 3,Model-C,123,117,95.9
2025-09-09,2025-W37,Plant Midwest,Line 1,Model-A,121,115,95.1
2025-09-09,2025-W37,Plant Midwest,Line 1,Model-B,126,119,95.0
2025-09-09,2025-W37,Plant Midwest,Line 1,Model-C,121,117,97.2
2025-09-09,2025-W37,Plant Midwest,Line 2,Model-A,110,107,97.5
2025-09-09,2025-W37,Plant Midwest,Line 2,Model-B,110,105,96.2
2025-09-09,2025-W37,Plant Midwest,Line 2,Model-C,123,119,97.1
2025-09-09,2025-W37,Plant Midwest,Line 3,Model-A,110,107,97.9
2025-09-09,2025-W37,Plant Midwest,Line 3,Model-B,119,114,96.2
2025-09-09,2025-W37,Plant Midwest,Line 3,Model-C,118,113,96.1
2025-09-09,2025-W37,Plant Southeast,Line 1,Model-A,127,123,97.0
2025-09-09,2025-W37,Plant Southeast,Line 1,Model-B,129,123,96.1
2025-09-09,2025-W37,Plant Southeast,Line 1,Model-C,122,116,95.3
2025-09-09,2025-W37,Plant Southeast,Line 2,Model-A,122,116,95.6
2025-09-09,2025-W37,Plant Southeast,Line 2,Model-B,114,111,97.6
2025-09-09,2025-W37,Plant Southeast,Line 2,Model-C,112,108,96.5
2025-09-09,2025-W37,Plant Southeast,Line 3,Model-A,127,122,96.8
2025-09-09,2025-W37,Plant Southeast,Line 3,Model-B,116,112,97.1
2025-09-09,2025-W37,Plant Southeast,Line 3,Model-C,117,112,96.2
2025-09-10,2025-W37,Plant Midwest,Line 1,Model-A,124,120,97.2
2025-09-10,2025-W37,Plant Midwest,Line 1,Model-B,110,105,96.3
2025-09-10,2025-W37,Plant Midwest,Line 1,Model-C,114,109,95.7
2025-09-10,2025-W37,Plant Midwest,Line 2,Model-A,110,106,96.7
2025-09-10,2025-W37,Plant Midwest,Line 2,Model-B,113,109,96.6
2025-09-10,2025-W37,Plant Midwest,Line 2,Model-C,110,105,95.9
2025-09-10,2025-W37,Plant Midwest,Line 3,Model-A,110,105,95.8
2025-09-10,2025-W37,Plant Midwest,Line 3,Model-B,122,116,95.7
2025-09-10,2025-W37,Plant Midwest,Line 3,Model-C,127,121,95.7
2025-09-10,2025-W37,Plant Southeast,Line 1,Model-A,121,117,96.9
2025-09-10,2025-W37,Plant Southeast,Line 1,Model-B,110,105,96.3
2025-09-10,2025-W37,Plant Southeast,Line 1,Model-C,128,120,94.3
2025-09-10,2025-W37,Plant Southeast,Line 2,Model-A,125,119,95.5
2025-09-10,2025-W37,Plant Southeast,Line 2,Model-B,112,108,97.3
2025-09-10,2025-W37,Plant Southeast,Line 2,Model-C,111,107,97.2
2025-09-10,2025-W37,Plant Southeast,Line 3,Model-A,122,119,98.0
2025-09-10,2025-W37,Plant Southeast,Line 3,Model-B,111,106,95.9
2025-09-10,2025-W37,Plant Southeast,Line 3,Model-C,128,122,96.0
2025-09-11,2025-W37,Plant Midwest,Line 1,Model-A,124,119,96.1
2025-09-11,2025-W37,Plant Midwest,Line 1,Model-B,116,110,95.3
2025-09-11,2025-W37,Plant Midwest,Line 1,Model-C,129,124,96.5
2025-09-11,2025-W37,Plant Midwest,Line 2,Model-A,110,106,96.5
2025-09-11,2025-W37,Plant Midwest,Line 2,Model-B,111,106,95.9
2025-09-11,2025-W37,Plant Midwest,Line 2,Model-C,118,114,97.4
2025-09-11,2025-W37,Plant Midwest,Line 3,Model-A,119,114,96.2
2025-09-11,2025-W37,Plant Midwest,Line 3,Model-B,115,111,96.6
2025-09-11,2025-W37,Plant Midwest,Line 3,Model-C,113,109,96.6
2025-09-11,2025-W37,Plant Southeast,Line 1,Model-A,128,124,96.9
2025-09-11,2025-W37,Plant Southeast,Line 1,Model-B,127,123,97.6
2025-09-11,2025-W37,Plant Southeast,Line 1,Model-C,117,111,95.4
2025-09-11,2025-W37,Plant Southeast,Line 2,Model-A,126,120,95.5
2025-09-11,2025-W37,Plant Southeast,Line 2,Model-B,110,107,97.9
2025-09-11,2025-W37,Plant Southeast,Line 2,Model-C,122,117,96.5
2025-09-11,2025-W37,Plant Southeast,Line 3,Model-A,123,116,95.0
2025-09-11,2025-W37,Plant Southeast,Line 3,Model-B,112,106,95.0
2025-09-11,2025-W37,Plant Southeast,Line 3,Model-C,121,117,97.2
2025-09-12,2025-W37,Plant Midwest,Line 1,Model-A,120,116,96.7
2025-09-12,2025-W37,Plant Midwest,Line 1,Model-B,123,116,94.5
2025-09-12,2025-W37,Plant Midwest,Line 1,Model-C,110,106,96.4
2025-09-12,2025-W37,Plant Midwest,Line 2,Model-A,120,114,95.2
2025-09-12,2025-W37,Plant Midwest,Line 2,Model-B,125,121,97.3
2025-09-12,2025-W37,Plant Midwest,Line 2,Model-C,128,123,96.8
2025-09-12,2025-W37,Plant Midwest,Line 3,Model-A,118,114,97.2
2025-09-12,2025-W37,Plant Midwest,Line 3,Model-B,121,117,97.0
2025-09-12,2025-W37,Plant Midwest,Line 3,Model-C,122,118,97.5
2025-09-12,2025-W37,Plant Southeast,Line 1,Model-A,110,105,95.7
2025-09-12,2025-W37,Plant Southeast,Line 1,Model-B,110,106,96.7
2025-09-12,2025-W37,Plant Southeast,Line 1,Model-C,114,109,96.1
2025-09-12,2025-W37,Plant Southeast,Line 2,Model-A,125,121,97.0
2025-09-12,2025-W37,Plant Southeast,Line 2,Model-B,127,120,95.2
2025-09-12,2025-W37,Plant Southeast,Line 2,Model-C,127,123,96.9
2025-09-12,2025-W37,Plant Southeast,Line 3,Model-A,127,122,96.3
2025-09-12,2025-W37,Plant Southeast,Line 3,Model-B,116,112,96.6
2025-09-12,2025-W37,Plant Southeast,Line 3,Model-C,115,109,95.3
2025-09-13,2025-W37,Plant Midwest,Line 1,Model-A,118,112,95.7
2025-09-13,2025-W37,Plant Midwest,Line 1,Model-B,125,119,95.4
2025-09-13,2025-W37,Plant Midwest,Line 1,Model-C,115,110,95.7
2025-09-13,2025-W37,Plant Midwest,Line 2,Model-A,125,120,96.2
2025-09-13,2025-W37,Plant Midwest,Line 2,Model-B,121,117,97.1
2025-09-13,2025-W37,Plant Midwest,Line 2,Model-C,114,109,96.0
2025-09-13,2025-W37,Plant Midwest,Line 3,Model-A,121,116,96.6
2025-09-13,2025-W37,Plant Midwest,Line 3,Model-B,127,121,95.5
2025-09-13,2025-W37,Plant Midwest,Line 3,Model-C,121,116,96.0
2025-09-13,2025-W37,Plant Southeast,Line 1,Model-A,116,110,95.3
2025-09-13,2025-W37,Plant Southeast,Line 1,Model-B,113,108,96.2
2025-09-13,2025-W37,Plant Southeast,Line 1,Model-C,123,117,95.7
2025-09-13,2025-W37,Plant Southeast,Line 2,Model-A,112,107,96.3
2025-09-13,2025-W37,Plant Southeast,Line 2,Model-B,119,113,95.4
2025-09-13,2025-W37,Plant Southeast,Line 2,Model-C,122,116,95.6
2025-09-13,2025-W37,Plant Southeast,Line 3,Model-A,114,107,94.7
2025-09-13,2025-W37,Plant Southeast,Line 3,Model-B,126,119,95.1
2025-09-13,2025-W37,Plant Southeast,Line 3,Model-C,118,113,96.3
2025-09-14,2025-W37,Plant Midwest,Line 1,Model-A,129,123,95.6
2025-09-14,2025-W37,Plant Midwest,Line 1,Model-B,120,115,96.3
2025-09-14,2025-W37,Plant Midwest,Line 1,Model-C,122,117,96.6
2025-09-14,2025-W37,Plant Midwest,Line 2,Model-A,121,116,96.6
2025-09-14,2025-W37,Plant Midwest,Line 2,Model-B,113,109,96.5
2025-09-14,2025-W37,Plant Midwest,Line 2,Model-C,118,112,95.7
2025-09-14,2025-W37,Plant Midwest,Line 3,Model-A,116,112,96.8
2025-09-14,2025-W37,Plant Midwest,Line 3,Model-B,114,110,96.6
2025-09-14,2025-W37,Plant Midwest,Line 3,Model-C,126,122,97.1
2025-09-14,2025-W37,Plant Southeast,Line 1,Model-A,128,121,95.2
2025-09-14,2025-W37,Plant Southeast,Line 1,Model-B,125,121,96.8
2025-09-14,2025-W37,Plant Southeast,Line 1,Model-C,114,110,96.6
2025-09-14,2025-W37,Plant Southeast,Line 2,Model-A,124,118,95.7
2025-09-14,2025-W37,Plant Southeast,Line 2,Model-B,124,119,96.6
2025-09-14,2025-W37,Plant Southeast,Line 2,Model-C,123,119,96.8
2025-09-14,2025-W37,Plant Southeast,Line 3,Model-A,110,105,96.2
2025-09-14,2025-W37,Plant Southeast,Line 3,Model-B,114,109,96.2
2025-09-14,2025-W37,Plant Southeast,Line 3,Model-C,112,108,96.8
2025-09-15,2025-W38,Plant Midwest,Line 1,Model-A,124,118,95.5
2025-09-15,2025-W38,Plant Midwest,Line 1,Model-B,116,111,96.2
2025-09-15,2025-W38,Plant Midwest,Line 1,Model-C,127,121,95.5
2025-09-15,2025-W38,Plant Midwest,Line 2,Model-A,115,111,97.1
2025-09-15,2025-W38,Plant Midwest,Line 2,Model-B,117,112,95.9
2025-09-15,2025-W38,Plant Midwest,Line 2,Model-C,113,109,96.6
2025-09-15,2025-W38,Plant Midwest,Line 3,Model-A,120,115,96.3
2025-09-15,2025-W38,Plant Midwest,Line 3,Model-B,128,123,96.6
2025-09-15,2025-W38,Plant Midwest,Line 3,Model-C,122,116,95.3
2025-09-15,2025-W38,Plant Southeast,Line 1,Model-A,129,125,97.2
2025-09-15,2025-W38,Plant Southeast,Line 1,Model-B,122,116,95.1
2025-09-15,2025-W38,Plant Southeast,Line 1,Model-C,113,109,97.3
2025-09-15,2025-W38,Plant Southeast,Line 2,Model-A,116,111,96.2
2025-09-15,2025-W38,Plant Southeast,Line 2,Model-B,113,108,95.8
2025-09-15,2025-W38,Plant Southeast,Line 2,Model-C,128,122,95.7
2025-09-15,2025-W38,Plant Southeast,Line 3,Model-A,123,116,94.7
2025-09-15,2025-W38,Plant Southeast,Line 3,Model-B,119,114,96.4
2025-09-15,2025-W38,Plant Southeast,Line 3,Model-C,127,122,96.2
2025-09-16,2025-W38,Plant Midwest,Line 1,Model-A,128,123,96.8
2025-09-16,2025-W38,Plant Midwest,Line 1,Model-B,115,110,96.3
2025-09-16,2025-W38,Plant Midwest,Line 1,Model-C,125,121,97.5
2025-09-16,2025-W38,Plant Midwest,Line 2,Model-A,128,122,95.7
2025-09-16,2025-W38,Plant Midwest,Line 2,Model-B,120,114,95.8
2025-09-16,2025-W38,Plant Midwest,Line 2,Model-C,120,115,96.6
2025-09-16,2025-W38,Plant Midwest,Line 3,Model-A,117,111,94.9
2025-09-16,2025-W38,Plant Midwest,Line 3,Model-B,115,109,95.3
2025-09-16,2025-W38,Plant Midwest,Line 3,Model-C,128,122,95.7
2025-09-16,2025-W38,Plant Southeast,Line 1,Model-A,125,120,96.4
2025-09-16,2025-W38,Plant Southeast,Line 1,Model-B,121,116,96.6
2025-09-16,2025-W38,Plant Southeast,Line 1,Model-C,128,122,95.6
2025-09-16,2025-W38,Plant Southeast,Line 2,Model-A,127,120,95.3
2025-09-16,2025-W38,Plant Southeast,Line 2,Model-B,121,116,96.5
2025-09-16,2025-W38,Plant Southeast,Line 2,Model-C,111,107,97.3
2025-09-16,2025-W38,Plant Southeast,Line 3,Model-A,115,110,96.0
2025-09-16,2025-W38,Plant Southeast,Line 3,Model-B,110,107,97.7
2025-09-16,2025-W38,Plant Southeast,Line 3,Model-C,127,122,96.8
2025-09-17,2025-W38,Plant Midwest,Line 1,Model-A,115,110,96.0
2025-09-17,2025-W38,Plant Midwest,Line 1,Model-B,125,120,96.2
2025-09-17,2025-W38,Plant Midwest,Line 1,Model-C,117,113,96.7
2025-09-17,2025-W38,Plant Midwest,Line 2,Model-A,116,111,96.3
2025-09-17,2025-W38,Plant Midwest,Line 2,Model-B,126,122,97.4
2025-09-17,2025-W38,Plant Midwest,Line 2,Model-C,128,123,96.3
2025-09-17,2025-W38,Plant Midwest,Line 3,Model-A,122,117,96.2
2025-09-17,2025-W38,Plant Midwest,Line 3,Model-B,110,107,97.7
2025-09-17,2025-W38,Plant Midwest,Line 3,Model-C,125,120,96.8
2025-09-17,2025-W38,Plant Southeast,Line 1,Model-A,123,119,97.3
2025-09-17,2025-W38,Plant Southeast,Line 1,Model-B,112,108,96.8
2025-09-17,2025-W38,Plant Southeast,Line 1,Model-C,115,110,96.1
2025-09-17,2025-W38,Plant Southeast,Line 2,Model-A,117,113,96.9
2025-09-17,2025-W38,Plant Southeast,Line 2,Model-B,124,117,95.1
2025-09-17,2025-W38,Plant Southeast,Line 2,Model-C,117,111,95.6
2025-09-17,2025-W38,Plant Southeast,Line 3,Model-A,123,116,94.9
2025-09-17,2025-W38,Plant Southeast,Line 3,Model-B,122,117,96.3
2025-09-17,2025-W38,Plant Southeast,Line 3,Model-C,128,122,95.9
2025-09-18,2025-W38,Plant Midwest,Line 1,Model-A,110,107,97.7
2025-09-18,2025-W38,Plant Midwest,Line 1,Model-B,129,123,95.5
2025-09-18,2025-W38,Plant Midwest,Line 1,Model-C,118,113,95.8
2025-09-18,2025-W38,Plant Midwest,Line 2,Model-A,110,105,95.7
2025-09-18,2025-W38,Plant Midwest,Line 2,Model-B,125,120,96.0
2025-09-18,2025-W38,Plant Midwest,Line 2,Model-C,119,115,97.3
2025-09-18,2025-W38,Plant Midwest,Line 3,Model-A,122,116,95.4
2025-09-18,2025-W38,Plant Midwest,Line 3,Model-B,127,120,95.0
2025-09-18,2025-W38,Plant Midwest,Line 3,Model-C,121,115,95.8
2025-09-18,2025-W38,Plant Southeast,Line 1,Model-A,116,112,96.7
2025-09-18,2025-W38,Plant Southeast,Line 1,Model-B,126,120,95.9
2025-09-18,2025-W38,Plant Southeast,Line 1,Model-C,114,111,98.1
2025-09-18,2025-W38,Plant Southeast,Line 2,Model-A,111,105,94.6
2025-09-18,2025-W38,Plant Southeast,Line 2,Model-B,126,122,96.9
2025-09-18,2025-W38,Plant Southeast,Line 2,Model-C,111,108,97.5
2025-09-18,2025-W38,Plant Southeast,Line 3,Model-A,112,107,95.7
2025-09-18,2025-W38,Plant Southeast,Line 3,Model-B,121,116,96.1
2025-09-18,2025-W38,Plant Southeast,Line 3,Model-C,113,109,96.6
2025-09-19,2025-W38,Plant Midwest,Line 1,Model-A,125,119,95.9
2025-09-19,2025-W38,Plant Midwest,Line 1,Model-B,113,107,95.1
2025-09-19,2025-W38,Plant Midwest,Line 1,Model-C,115,112,97.9
2025-09-19,2025-W38,Plant Midwest,Line 2,Model-A,112,108,96.5
2025-09-19,2025-W38,Plant Midwest,Line 2,Model-B,114,107,94.2
2025-09-19,2025-W38,Plant Midwest,Line 2,Model-C,112,107,95.6
2025-09-19,2025-W38,Plant Midwest,Line 3,Model-A,122,117,96.2
2025-09-19,2025-W38,Plant Midwest,Line 3,Model-B,124,118,95.6
2025-09-19,2025-W38,Plant Midwest,Line 3,Model-C,122,118,97.1
2025-09-19,2025-W38,Plant Southeast,Line 1,Model-A,125,120,96.5
2025-09-19,2025-W38,Plant Southeast,Line 1,Model-B,127,123,97.1
2025-09-19,2025-W38,Plant Southeast,Line 1,Model-C,124,118,95.3
2025-09-19,2025-W38,Plant Southeast,Line 2,Model-A,117,111,95.3
2025-09-19,2025-W38,Plant Southeast,Line 2,Model-B,119,114,96.2
2025-09-19,2025-W38,Plant Southeast,Line 2,Model-C,125,121,97.6
2025-09-19,2025-W38,Plant Southeast,Line 3,Model-A,120,114,95.4
2025-09-19,2025-W38,Plant Southeast,Line 3,Model-B,120,113,94.9
2025-09-19,2025-W38,Plant Southeast,Line 3,Model-C,119,113,95.6
2025-09-20,2025-W38,Plant Midwest,Line 1,Model-A,121,114,94.8
2025-09-20,2025-W38,Plant Midwest,Line 1,Model-B,121,115,95.1
2025-09-20,2025-W38,Plant Midwest,Line 1,Model-C,119,114,96.4
2025-09-20,2025-W38,Plant Midwest,Line 2,Model-A,118,113,96.2
2025-09-20,2025-W38,Plant Midwest,Line 2,Model-B,116,112,97.3
2025-09-20,2025-W38,Plant Midwest,Line 2,Model-C,116,112,96.6
2025-09-20,2025-W38,Plant Midwest,Line 3,Model-A,118,114,97.0
2025-09-20,2025-W38,Plant Midwest,Line 3,Model-B,124,117,94.9
2025-09-20,2025-W38,Plant Midwest,Line 3,Model-C,123,118,96.2
2025-09-20,2025-W38,Plant Southeast,Line 1,Model-A,113,108,96.0
2025-09-20,2025-W38,Plant Southeast,Line 1,Model-B,129,125,97.4
2025-09-20,2025-W38,Plant Southeast,Line 1,Model-C,126,120,95.8
2025-09-20,2025-W38,Plant Southeast,Line 2,Model-A,112,107,95.8
2025-09-20,2025-W38,Plant Southeast,Line 2,Model-B,124,117,95.2
2025-09-20,2025-W38,Plant Southeast,Line 2,Model-C,114,108,95.3
2025-09-20,2025-W38,Plant Southeast,Line 3,Model-A,118,113,96.0
2025-09-20,2025-W38,Plant Southeast,Line 3,Model-B,112,107,95.8
2025-09-20,2025-W38,Plant Southeast,Line 3,Model-C,116,108,93.9
2025-09-21,2025-W38,Plant Midwest,Line 1,Model-A,115,109,94.8
2025-09-21,2025-W38,Plant Midwest,Line 1,Model-B,129,124,96.1
2025-09-21,2025-W38,Plant Midwest,Line 1,Model-C,112,106,95.1
2025-09-21,2025-W38,Plant Midwest,Line 2,Model-A,122,117,96.5
2025-09-21,2025-W38,Plant Midwest,Line 2,Model-B,121,116,96.1
2025-09-21,2025-W38,Plant Midwest,Line 2,Model-C,125,120,96.0
2025-09-21,2025-W38,Plant Midwest,Line 3,Model-A,124,119,96.7
2025-09-21,2025-W38,Plant Midwest,Line 3,Model-B,120,116,97.0
2025-09-21,2025-W38,Plant Midwest,Line 3,Model-C,112,109,97.7
2025-09-21,2025-W38,Plant Southeast,Line 1,Model-A,126,120,95.6
2025-09-21,2025-W38,Plant Southeast,Line 1,Model-B,118,112,95.6
2025-09-21,2025-W38,Plant Southeast,Line 1,Model-C,120,115,96.5
2025-09-21,2025-W38,Plant Southeast,Line 2,Model-A,129,123,96.1
2025-09-21,2025-W38,Plant Southeast,Line 2,Model-B,129,123,95.4
2025-09-21,2025-W38,Plant Southeast,Line 2,Model-C,128,124,97.0
2025-09-21,2025-W38,Plant Southeast,Line 3,Model-A,127,120,95.1
2025-09-21,2025-W38,Plant Southeast,Line 3,Model-B,124,118,95.5
2025-09-21,2025-W38,Plant Southeast,Line 3,Model-C,124,120,97.1
2025-09-22,2025-W39,Plant Midwest,Line 1,Model-A,115,109,95.4
2025-09-22,2025-W39,Plant Midwest,Line 1,Model-B,122,117,96.1
2025-09-22,2025-W39,Plant Midwest,Line 1,Model-C,115,112,97.8
2025-09-22,2025-W39,Plant Midwest,Line 2,Model-A,118,114,96.9
2025-09-22,2025-W39,Plant Midwest,Line 2,Model-B,126,121,96.7
2025-09-22,2025-W39,Plant Midwest,Line 2,Model-C,111,107,97.1
2025-09-22,2025-W39,Plant Midwest,Line 3,Model-A,113,109,97.0
2025-09-22,2025-W39,Plant Midwest,Line 3,Model-B,115,111,96.7
2025-09-22,2025-W39,Plant Midwest,Line 3,Model-C,125,121,97.0
2025-09-22,2025-W39,Plant Southeast,Line 1,Model-A,120,115,96.6
2025-09-22,2025-W39,Plant Southeast,Line 1,Model-B,116,110,95.0
2025-09-22,2025-W39,Plant Southeast,Line 1,Model-C,116,112,96.6
2025-09-22,2025-W39,Plant Southeast,Line 2,Model-A,113,109,96.7
2025-09-22,2025-W39,Plant Southeast,Line 2,Model-B,114,109,96.3
2025-09-22,2025-W39,Plant Southeast,Line 2,Model-C,128,122,95.3
2025-09-22,2025-W39,Plant Southeast,Line 3,Model-A,118,111,94.8
2025-09-22,2025-W39,Plant Southeast,Line 3,Model-B,119,115,96.9
2025-09-22,2025-W39,Plant Southeast,Line 3,Model-C,114,109,95.7
2025-09-23,2025-W39,Plant Midwest,Line 1,Model-A,112,106,95.4
2025-09-23,2025-W39,Plant Midwest,Line 1,Model-B,129,124,96.8
2025-09-23,2025-W39,Plant Midwest,Line 1,Model-C,119,115,96.9
2025-09-23,2025-W39,Plant Midwest,Line 2,Model-A,117,112,95.8
2025-09-23,2025-W39,Plant Midwest,Line 2,Model-B,118,114,96.7
2025-09-23,2025-W39,Plant Midwest,Line 2,Model-C,120,115,96.4
2025-09-23,2025-W39,Plant Midwest,Line 3,Model-A,111,107,96.6
2025-09-23,2025-W39,Plant Midwest,Line 3,Model-B,112,107,96.3
2025-09-23,2025-W39,Plant Midwest,Line 3,Model-C,125,119,95.5
2025-09-23,2025-W39,Plant Southeast,Line 1,Model-A,127,121,95.4
2025-09-23,2025-W39,Plant Southeast,Line 1,Model-B,129,123,95.5
2025-09-23,2025-W39,Plant Southeast,Line 1,Model-C,120,116,97.1
2025-09-23,2025-W39,Plant Southeast,Line 2,Model-A,126,121,96.3
2025-09-23,2025-W39,Plant Southeast,Line 2,Model-B,129,124,96.8
2025-09-23,2025-W39,Plant Southeast,Line 2,Model-C,125,119,95.9
2025-09-23,2025-W39,Plant Southeast,Line 3,Model-A,123,118,96.3
2025-09-23,2025-W39,Plant Southeast,Line 3,Model-B,113,108,95.9
2025-09-23,2025-W39,Plant Southeast,Line 3,Model-C,121,117,97.1
2025-09-24,2025-W39,Plant Midwest,Line 1,Model-A,117,114,98.1
2025-09-24,2025-W39,Plant Midwest,Line 1,Model-B,119,113,95.8
2025-09-24,2025-W39,Plant Midwest,Line 1,Model-C,121,116,96.2
2025-09-24,2025-W39,Plant Midwest,Line 2,Model-A,112,108,97.0
2025-09-24,2025-W39,Plant Midwest,Line 2,Model-B,129,122,95.3
2025-09-24,2025-W39,Plant Midwest,Line 2,Model-C,128,125,98.0
2025-09-24,2025-W39,Plant Midwest,Line 3,Model-A,123,118,96.7
2025-09-24,2025-W39,Plant Midwest,Line 3,Model-B,120,115,96.6
2025-09-24,2025-W39,Plant Midwest,Line 3,Model-C,121,115,95.2
2025-09-24,2025-W39,Plant Southeast,Line 1,Model-A,123,119,96.8
2025-09-24,2025-W39,Plant Southeast,Line 1,Model-B,112,108,96.8
2025-09-24,2025-W39,Plant Southeast,Line 1,Model-C,119,114,95.8
2025-09-24,2025-W39,Plant Southeast,Line 2,Model-A,121,116,96.1
2025-09-24,2025-W39,Plant Southeast,Line 2,Model-B,127,121,95.7
2025-09-24,2025-W39,Plant Southeast,Line 2,Model-C,124,119,96.4
2025-09-24,2025-W39,Plant Southeast,Line 3,Model-A,114,109,95.8
2025-09-24,2025-W39,Plant Southeast,Line 3,Model-B,124,119,96.0
2025-09-24,2025-W39,Plant Southeast,Line 3,Model-C,121,114,94.8
2025-09-25,2025-W39,Plant Midwest,Line 1,Model-A,128,124,97.0
2025-09-25,2025-W39,Plant Midwest,Line 1,Model-B,110,106,96.7
2025-09-25,2025-W39,Plant Midwest,Line 1,Model-C,128,121,95.3
2025-09-25,2025-W39,Plant Midwest,Line 2,Model-A,116,110,95.6
2025-09-25,2025-W39,Plant Midwest,Line 2,Model-B,113,108,96.2
2025-09-25,2025-W39,Plant Midwest,Line 2,Model-C,126,120,95.9
2025-09-25,2025-W39,Plant Midwest,Line 3,Model-A,125,122,97.9
2025-09-25,2025-W39,Plant Midwest,Line 3,Model-B,111,105,95.0
2025-09-25,2025-W39,Plant Midwest,Line 3,Model-C,120,116,97.5
2025-09-25,2025-W39,Plant Southeast,Line 1,Model-A,118,112,95.7
2025-09-25,2025-W39,Plant Southeast,Line 1,Model-B,111,107,96.4
2025-09-25,2025-W39,Plant Southeast,Line 1,Model-C,119,116,97.6
2025-09-25,2025-W39,Plant Southeast,Line 2,Model-A,126,121,96.8
2025-09-25,2025-W39,Plant Southeast,Line 2,Model-B,118,114,96.9
2025-09-25,2025-W39,Plant Southeast,Line 2,Model-C,125,121,97.4
2025-09-25,2025-W39,Plant Southeast,Line 3,Model-A,115,108,94.2
2025-09-25,2025-W39,Plant Southeast,Line 3,Model-B,119,113,95.6
2025-09-25,2025-W39,Plant Southeast,Line 3,Model-C,122,116,95.6
2025-09-26,2025-W39,Plant Midwest,Line 1,Model-A,125,120,96.5
2025-09-26,2025-W39,Plant Midwest,Line 1,Model-B,120,113,95.0
2025-09-26,2025-W39,Plant Midwest,Line 1,Model-C,112,109,97.8
2025-09-26,2025-W39,Plant Midwest,Line 2,Model-A,120,114,95.0
2025-09-26,2025-W39,Plant Midwest,Line 2,Model-B,121,115,95.8
2025-09-26,2025-W39,Plant Midwest,Line 2,Model-C,113,108,96.1
2025-09-26,2025-W39,Plant Midwest,Line 3,Model-A,116,111,96.1
2025-09-26,2025-W39,Plant Midwest,Line 3,Model-B,113,109,96.6
2025-09-26,2025-W39,Plant Midwest,Line 3,Model-C,111,108,97.4
2025-09-26,2025-W39,Plant Southeast,Line 1,Model-A,125,121,97.0
2025-09-26,2025-W39,Plant Southeast,Line 1,Model-B,120,115,96.2
2025-09-26,2025-W39,Plant Southeast,Line 1,Model-C,113,108,95.9
2025-09-26,2025-W39,Plant Southeast,Line 2,Model-A,128,122,95.5
2025-09-26,2025-W39,Plant Southeast,Line 2,Model-B,128,124,97.1
2025-09-26,2025-W39,Plant Southeast,Line 2,Model-C,125,121,97.3
2025-09-26,2025-W39,Plant Southeast,Line 3,Model-A,120,115,96.5
2025-09-26,2025-W39,Plant Southeast,Line 3,Model-B,116,110,95.2
2025-09-26,2025-W39,Plant Southeast,Line 3,Model-C,122,118,96.9
2025-09-27,2025-W39,Plant Midwest,Line 1,Model-A,113,109,96.8
2025-09-27,2025-W39,Plant Midwest,Line 1,Model-B,111,106,95.6
2025-09-27,2025-W39,Plant Midwest,Line 1,Model-C,115,110,96.1
2025-09-27,2025-W39,Plant Midwest,Line 2,Model-A,114,109,96.4
2025-09-27,2025-W39,Plant Midwest,Line 2,Model-B,113,110,97.4
2025-09-27,2025-W39,Plant Midwest,Line 2,Model-C,119,115,96.9
2025-09-27,2025-W39,Plant Midwest,Line 3,Model-A,125,120,96.5
2025-09-27,2025-W39,Plant Midwest,Line 3,Model-B,128,122,95.7
2025-09-27,2025-W39,Plant Midwest,Line 3,Model-C,119,114,96.6
2025-09-27,2025-W39,Plant Southeast,Line 1,Model-A,115,110,96.1
2025-09-27,2025-W39,Plant Southeast,Line 1,Model-B,124,119,96.4
2025-09-27,2025-W39,Plant Southeast,Line 1,Model-C,113,107,94.9
2025-09-27,2025-W39,Plant Southeast,Line 2,Model-A,117,112,96.2
2025-09-27,2025-W39,Plant Southeast,Line 2,Model-B,111,108,97.7
2025-09-27,2025-W39,Plant Southeast,Line 2,Model-C,113,109,96.5
2025-09-27,2025-W39,Plant Southeast,Line 3,Model-A,128,122,95.6
2025-09-27,2025-W39,Plant Southeast,Line 3,Model-B,111,108,97.6
2025-09-27,2025-W39,Plant Southeast,Line 3,Model-C,126,121,96.1
2025-09-28,2025-W39,Plant Midwest,Line 1,Model-A,124,119,96.1
2025-09-28,2025-W39,Plant Midwest,Line 1,Model-B,110,105,96.3
2025-09-28,2025-W39,Plant Midwest,Line 1,Model-C,113,107,95.3
2025-09-28,2025-W39,Plant Midwest,Line 2,Model-A,128,123,96.7
2025-09-28,2025-W39,Plant Midwest,Line 2,Model-B,115,110,95.9
2025-09-28,2025-W39,Plant Midwest,Line 2,Model-C,120,116,96.8
2025-09-28,2025-W39,Plant Midwest,Line 3,Model-A,128,122,95.7
2025-09-28,2025-W39,Plant Midwest,Line 3,Model-B,121,115,95.3
2025-09-28,2025-W39,Plant Midwest,Line 3,Model-C,110,104,95.0
2025-09-28,2025-W39,Plant Southeast,Line 1,Model-A,119,114,96.3
2025-09-28,2025-W39,Plant Southeast,Line 1,Model-B,115,109,94.9
2025-09-28,2025-W39,Plant Southeast,Line 1,Model-C,126,120,95.4
2025-09-28,2025-W39,Plant Southeast,Line 2,Model-A,125,120,96.6
2025-09-28,2025-W39,Plant Southeast,Line 2,Model-B,125,121,97.4
2025-09-28,2025-W39,Plant Southeast,Line 2,Model-C,120,116,97.3
2025-09-28,2025-W39,Plant Southeast,Line 3,Model-A,126,120,95.8
2025-09-28,2025-W39,Plant Southeast,Line 3,Model-B,110,105,96.1
2025-09-28,2025-W39,Plant Southeast,Line 3,Model-C,119,114,95.9
2025-09-29,2025-W40,Plant Midwest,Line 1,Model-A,129,124,96.4
2025-09-29,2025-W40,Plant Midwest,Line 1,Model-B,125,120,96.6
2025-09-29,2025-W40,Plant Midwest,Line 1,Model-C,129,124,96.5
2025-09-29,2025-W40,Plant Midwest,Line 2,Model-A,124,118,95.7
2025-09-29,2025-W40,Plant Midwest,Line 2,Model-B,121,116,96.4
2025-09-29,2025-W40,Plant Midwest,Line 2,Model-C,111,106,96.3
2025-09-29,2025-W40,Plant Midwest,Line 3,Model-A,116,110,95.6
2025-09-29,2025-W40,Plant Midwest,Line 3,Model-B,112,106,95.2
2025-09-29,2025-W40,Plant Midwest,Line 3,Model-C,119,114,96.4
2025-09-29,2025-W40,Plant Southeast,Line 1,Model-A,114,107,94.6
2025-09-29,2025-W40,Plant Southeast,Line 1,Model-B,113,109,97.1
2025-09-29,2025-W40,Plant Southeast,Line 1,Model-C,111,105,95.2
2025-09-29,2025-W40,Plant Southeast,Line 2,Model-A,122,119,97.7
2025-09-29,2025-W40,Plant Southeast,Line 2,Model-B,112,107,95.8
2025-09-29,2025-W40,Plant Southeast,Line 2,Model-C,114,109,96.0
2025-09-29,2025-W40,Plant Southeast,Line 3,Model-A,112,107,96.3
2025-09-29,2025-W40,Plant Southeast,Line 3,Model-B,129,124,96.7
2025-09-29,2025-W40,Plant Southeast,Line 3,Model-C,127,122,96.7
2025-09-30,2025-W40,Plant Midwest,Line 1,Model-A,129,123,95.9
2025-09-30,2025-W40,Plant Midwest,Line 1,Model-B,121,115,95.5
2025-09-30,2025-W40,Plant Midwest,Line 1,Model-C,125,120,96.2
2025-09-30,2025-W40,Plant Midwest,Line 2,Model-A,119,114,96.1
2025-09-30,2025-W40,Plant Midwest,Line 2,Model-B,116,111,95.8
2025-09-30,2025-W40,Plant Midwest,Line 2,Model-C,118,115,98.2
2025-09-30,2025-W40,Plant Midwest,Line 3,Model-A,116,110,95.3
2025-09-30,2025-W40,Plant Midwest,Line 3,Model-B,118,113,96.2
2025-09-30,2025-W40,Plant Midwest,Line 3,Model-C,113,108,96.3
2025-09-30,2025-W40,Plant Southeast,Line 1,Model-A,126,122,97.6
2025-09-30,2025-W40,Plant Southeast,Line 1,Model-B,118,112,95.3
2025-09-30,2025-W40,Plant Southeast,Line 1,Model-C,118,113,96.5
2025-09-30,2025-W40,Plant Southeast,Line 2,Model-A,116,111,95.9
2025-09-30,2025-W40,Plant Southeast,Line 2,Model-B,127,122,96.8
2025-09-30,2025-W40,Plant Southeast,Line 2,Model-C,128,122,96.0
2025-09-30,2025-W40,Plant Southeast,Line 3,Model-A,119,115,97.1
2025-09-30,2025-W40,Plant Southeast,Line 3,Model-B,122,117,96.1
2025-09-30,2025-W40,Plant Southeast,Line 3,Model-C,129,125,96.9
2025-10-01,2025-W40,Plant Midwest,Line 1,Model-A,127,122,96.1
2025-10-01,2025-W40,Plant Midwest,Line 1,Model-B,114,109,96.3
2025-10-01,2025-W40,Plant Midwest,Line 1,Model-C,121,115,95.4
2025-10-01,2025-W40,Plant Midwest,Line 2,Model-A,122,118,96.7
2025-10-01,2025-W40,Plant Midwest,Line 2,Model-B,116,113,97.7
2025-10-01,2025-W40,Plant Midwest,Line 2,Model-C,124,116,93.9
2025-10-01,2025-W40,Plant Midwest,Line 3,Model-A,114,109,95.8
2025-10-01,2025-W40,Plant Midwest,Line 3,Model-B,128,122,95.4
2025-10-01,2025-W40,Plant Midwest,Line 3,Model-C,112,107,96.2
2025-10-01,2025-W40,Plant Southeast,Line 1,Model-A,122,117,96.2
2025-10-01,2025-W40,Plant Southeast,Line 1,Model-B,127,121,95.6
2025-10-01,2025-W40,Plant Southeast,Line 1,Model-C,121,116,96.0
2025-10-01,2025-W40,Plant Southeast,Line 2,Model-A,129,124,96.5
2025-10-01,2025-W40,Plant Southeast,Line 2,Model-B,117,111,95.6
2025-10-01,2025-W40,Plant Southeast,Line 2,Model-C,118,112,95.6
2025-10-01,2025-W40,Plant Southeast,Line 3,Model-A,128,123,96.1
2025-10-01,2025-W40,Plant Southeast,Line 3,Model-B,125,120,96.6
2025-10-01,2025-W40,Plant Southeast,Line 3,Model-C,117,114,97.6
2025-10-02,2025-W40,Plant Midwest,Line 1,Model-A,116,110,95.4
2025-10-02,2025-W40,Plant Midwest,Line 1,Model-B,119,114,96.0
2025-10-02,2025-W40,Plant Midwest,Line 1,Model-C,127,120,95.0
2025-10-02,2025-W40,Plant Midwest,Line 2,Model-A,120,114,95.6
2025-10-02,2025-W40,Plant Midwest,Line 2,Model-B,126,122,97.4
2025-10-02,2025-W40,Plant Midwest,Line 2,Model-C,120,115,96.0
2025-10-02,2025-W40,Plant Midwest,Line 3,Model-A,125,118,95.2
2025-10-02,2025-W40,Plant Midwest,Line 3,Model-B,110,106,96.4
2025-10-02,2025-W40,Plant Midwest,Line 3,Model-C,125,122,97.9
2025-10-02,2025-W40,Plant Southeast,Line 1,Model-A,123,117,95.8
2025-10-02,2025-W40,Plant Southeast,Line 1,Model-B,125,118,95.1
2025-10-02,2025-W40,Plant Southeast,Line 1,Model-C,115,110,96.4
2025-10-02,2025-W40,Plant Southeast,Line 2,Model-A,128,123,96.4
2025-10-02,2025-W40,Plant Southeast,Line 2,Model-B,115,108,94.8
2025-10-02,2025-W40,Plant Southeast,Line 2,Model-C,125,119,96.0
2025-10-02,2025-W40,Plant Southeast,Line 3,Model-A,113,107,95.0
2025-10-02,2025-W40,Plant Southeast,Line 3,Model-B,111,107,96.4
2025-10-02,2025-W40,Plant Southeast,Line 3,Model-C,126,121,96.3
2025-10-03,2025-W40,Plant Midwest,Line 1,Model-A,123,117,95.6
2025-10-03,2025-W40,Plant Midwest,Line 1,Model-B,129,124,96.1
2025-10-03,2025-W40,Plant Midwest,Line 1,Model-C,124,117,94.7
2025-10-03,2025-W40,Plant Midwest,Line 2,Model-A,111,108,98.1
2025-10-03,2025-W40,Plant Midwest,Line 2,Model-B,119,114,96.2
2025-10-03,2025-W40,Plant Midwest,Line 2,Model-C,116,109,94.8
2025-10-03,2025-W40,Plant Midwest,Line 3,Model-A,117,111,95.2
2025-10-03,2025-W40,Plant Midwest,Line 3,Model-B,128,121,95.3
2025-10-03,2025-W40,Plant Midwest,Line 3,Model-C,121,116,96.4
2025-10-03,2025-W40,Plant Southeast,Line 1,Model-A,121,117,97.2
2025-10-03,2025-W40,Plant Southeast,Line 1,Model-B,122,116,95.6
2025-10-03,2025-W40,Plant Southeast,Line 1,Model-C,116,111,96.4
2025-10-03,2025-W40,Plant Southeast,Line 2,Model-A,122,118,96.9
2025-10-03,2025-W40,Plant Southeast,Line 2,Model-B,113,109,96.7
2025-10-03,2025-W40,Plant Southeast,Line 2,Model-C,115,109,95.1
2025-10-03,2025-W40,Plant Southeast,Line 3,Model-A,125,119,95.5
2025-10-03,2025-W40,Plant Southeast,Line 3,Model-B,114,110,96.8
2025-10-03,2025-W40,Plant Southeast,Line 3,Model-C,122,117,96.2
2025-10-04,2025-W40,Plant Midwest,Line 1,Model-A,123,116,95.0
2025-10-04,2025-W40,Plant Midwest,Line 1,Model-B,116,111,96.0
2025-10-04,2025-W40,Plant Midwest,Line 1,Model-C,114,109,96.2
2025-10-04,2025-W40,Plant Midwest,Line 2,Model-A,115,109,94.9
2025-10-04,2025-W40,Plant Midwest,Line 2,Model-B,110,106,96.8
2025-10-04,2025-W40,Plant Midwest,Line 2,Model-C,129,124,96.8
2025-10-04,2025-W40,Plant Midwest,Line 3,Model-A,117,113,97.4
2025-10-04,2025-W40,Plant Midwest,Line 3,Model-B,112,108,96.5
2025-10-04,2025-W40,Plant Midwest,Line 3,Model-C,114,111,98.0
2025-10-04,2025-W40,Plant Southeast,Line 1,Model-A,124,118,95.8
2025-10-04,2025-W40,Plant Southeast,Line 1,Model-B,115,110,95.9
2025-10-04,2025-W40,Plant Southeast,Line 1,Model-C,128,122,95.6
2025-10-04,2025-W40,Plant Southeast,Line 2,Model-A,114,107,94.0
2025-10-04,2025-W40,Plant Southeast,Line 2,Model-B,122,117,96.1
2025-10-04,2025-W40,Plant Southeast,Line 2,Model-C,112,108,97.2
2025-10-04,2025-W40,Plant Southeast,Line 3,Model-A,129,123,95.5
2025-10-04,2025-W40,Plant Southeast,Line 3,Model-B,124,119,96.3
2025-10-04,2025-W40,Plant Southeast,Line 3,Model-C,122,117,96.1
2025-10-05,2025-W40,Plant Midwest,Line 1,Model-A,118,111,94.9
2025-10-05,2025-W40,Plant Midwest,Line 1,Model-B,121,116,96.4
2025-10-05,2025-W40,Plant Midwest,Line 1,Model-C,123,117,95.3
2025-10-05,2025-W40,Plant Midwest,Line 2,Model-A,127,121,95.6
2025-10-05,2025-W40,Plant Midwest,Line 2,Model-B,116,111,96.4
2025-10-05,2025-W40,Plant Midwest,Line 2,Model-C,128,123,96.8
2025-10-05,2025-W40,Plant Midwest,Line 3,Model-A,122,116,95.2
2025-10-05,2025-W40,Plant Midwest,Line 3,Model-B,110,107,97.4
2025-10-05,2025-W40,Plant Midwest,Line 3,Model-C,125,120,96.4
2025-10-05,2025-W40,Plant Southeast,Line 1,Model-A,117,112,96.1
2025-10-05,2025-W40,Plant Southeast,Line 1,Model-B,126,123,97.9
2025-10-05,2025-W40,Plant Southeast,Line 1,Model-C,116,112,96.6
2025-10-05,2025-W40,Plant Southeast,Line 2,Model-A,124,118,95.6
2025-10-05,2025-W40,Plant Southeast,Line 2,Model-B,121,115,95.5
2025-10-05,2025-W40,Plant Southeast,Line 2,Model-C,129,124,96.3
2025-10-05,2025-W40,Plant Southeast,Line 3,Model-A,110,105,96.1
2025-10-05,2025-W40,Plant Southeast,Line 3,Model-B,116,111,96.3
2025-10-05,2025-W40,Plant Southeast,Line 3,Model-C,124,119,96.1
2025-10-06,2025-W41,Plant Midwest,Line 1,Model-A,113,109,96.9
2025-10-06,2025-W41,Plant Midwest,Line 1,Model-B,116,112,96.8
2025-10-06,2025-W41,Plant Midwest,Line 1,Model-C,117,111,94.9
2025-10-06,2025-W41,Plant Midwest,Line 2,Model-A,121,116,96.3
2025-10-06,2025-W41,Plant Midwest,Line 2,Model-B,113,108,95.9
2025-10-06,2025-W41,Plant Midwest,Line 2,Model-C,117,112,96.4
2025-10-06,2025-W41,Plant Midwest,Line 3,Model-A,110,104,95.2
2025-10-06,2025-W41,Plant Midwest,Line 3,Model-B,118,113,96.4
2025-10-06,2025-W41,Plant Midwest,Line 3,Model-C,112,106,94.8
2025-10-06,2025-W41,Plant Southeast,Line 1,Model-A,125,119,95.6
2025-10-06,2025-W41,Plant Southeast,Line 1,Model-B,119,115,97.2
2025-10-06,2025-W41,Plant Southeast,Line 1,Model-C,115,111,97.1
2025-10-06,2025-W41,Plant Southeast,Line 2,Model-A,126,121,96.8
2025-10-06,2025-W41,Plant Southeast,Line 2,Model-B,126,121,96.3
2025-10-06,2025-W41,Plant Southeast,Line 2,Model-C,128,124,97.2
2025-10-06,2025-W41,Plant Southeast,Line 3,Model-A,119,115,96.9
2025-10-06,2025-W41,Plant Southeast,Line 3,Model-B,116,110,95.3
2025-10-06,2025-W41,Plant Southeast,Line 3,Model-C,127,121,95.5
2025-10-07,2025-W41,Plant Midwest,Line 1,Model-A,112,108,97.2
2025-10-07,2025-W41,Plant Midwest,Line 1,Model-B,128,122,96.1
2025-10-07,2025-W41,Plant Midwest,Line 1,Model-C,121,115,95.3
2025-10-07,2025-W41,Plant Midwest,Line 2,Model-A,115,110,96.0
2025-10-07,2025-W41,Plant Midwest,Line 2,Model-B,116,111,95.9
2025-10-07,2025-W41,Plant Midwest,Line 2,Model-C,118,113,96.2
2025-10-07,2025-W41,Plant Midwest,Line 3,Model-A,113,110,97.5
2025-10-07,2025-W41,Plant Midwest,Line 3,Model-B,116,110,95.1
2025-10-07,2025-W41,Plant Midwest,Line 3,Model-C,124,119,96.2
2025-10-07,2025-W41,Plant Southeast,Line 1,Model-A,118,113,95.9
2025-10-07,2025-W41,Plant Southeast,Line 1,Model-B,114,107,94.6
2025-10-07,2025-W41,Plant Southeast,Line 1,Model-C,123,118,96.6
2025-10-07,2025-W41,Plant Southeast,Line 2,Model-A,113,109,97.0
2025-10-07,2025-W41,Plant Southeast,Line 2,Model-B,115,111,96.6
2025-10-07,2025-W41,Plant Southeast,Line 2,Model-C,120,113,94.8
2025-10-07,2025-W41,Plant Southeast,Line 3,Model-A,125,121,97.0
2025-10-07,2025-W41,Plant Southeast,Line 3,Model-B,129,124,96.6
2025-10-07,2025-W41,Plant Southeast,Line 3,Model-C,121,116,96.5
2025-10-08,2025-W41,Plant Midwest,Line 1,Model-A,125,119,95.4
2025-10-08,2025-W41,Plant Midwest,Line 1,Model-B,123,120,97.6
2025-10-08,2025-W41,Plant Midwest,Line 1,Model-C,119,114,95.8
2025-10-08,2025-W41,Plant Midwest,Line 2,Model-A,113,108,96.4
2025-10-08,2025-W41,Plant Midwest,Line 2,Model-B,118,114,96.8
2025-10-08,2025-W41,Plant Midwest,Line 2,Model-C,120,115,96.5
2025-10-08,2025-W41,Plant Midwest,Line 3,Model-A,120,116,96.9
2025-10-08,2025-W41,Plant Midwest,Line 3,Model-B,114,109,96.3
2025-10-08,2025-W41,Plant Midwest,Line 3,Model-C,114,108,94.8
2025-10-08,2025-W41,Plant Southeast,Line 1,Model-A,125,119,95.9
2025-10-08,2025-W41,Plant Southeast,Line 1,Model-B,118,112,95.0
2025-10-08,2025-W41,Plant Southeast,Line 1,Model-C,111,106,95.6
2025-10-08,2025-W41,Plant Southeast,Line 2,Model-A,123,117,95.4
2025-10-08,2025-W41,Plant Southeast,Line 2,Model-B,114,110,96.6
2025-10-08,2025-W41,Plant Southeast,Line 2,Model-C,118,113,96.1
2025-10-08,2025-W41,Plant Southeast,Line 3,Model-A,128,122,96.1
2025-10-08,2025-W41,Plant Southeast,Line 3,Model-B,112,107,96.0
2025-10-08,2025-W41,Plant Southeast,Line 3,Model-C,126,121,96.5
2025-10-09,2025-W41,Plant Midwest,Line 1,Model-A,126,122,97.1
2025-10-09,2025-W41,Plant Midwest,Line 1,Model-B,118,113,96.1
2025-10-09,2025-W41,Plant Midwest,Line 1,Model-C,118,115,97.9
2025-10-09,2025-W41,Plant Midwest,Line 2,Model-A,128,123,96.3
2025-10-09,2025-W41,Plant Midwest,Line 2,Model-B,112,108,96.7
2025-10-09,2025-W41,Plant Midwest,Line 2,Model-C,122,118,97.4
2025-10-09,2025-W41,Plant Midwest,Line 3,Model-A,122,119,97.6
2025-10-09,2025-W41,Plant Midwest,Line 3,Model-B,118,115,98.2
2025-10-09,2025-W41,Plant Midwest,Line 3,Model-C,126,123,97.9
2025-10-09,2025-W41,Plant Southeast,Line 1,Model-A,119,114,96.4
2025-10-09,2025-W41,Plant Southeast,Line 1,Model-B,117,110,94.4
2025-10-09,2025-W41,Plant Southeast,Line 1,Model-C,124,118,95.3
2025-10-09,2025-W41,Plant Southeast,Line 2,Model-A,118,112,95.2
2025-10-09,2025-W41,Plant Southeast,Line 2,Model-B,118,113,96.2
2025-10-09,2025-W41,Plant Southeast,Line 2,Model-C,124,118,95.6
2025-10-09,2025-W41,Plant Southeast,Line 3,Model-A,111,105,94.8
2025-10-09,2025-W41,Plant Southeast,Line 3,Model-B,128,124,97.2
2025-10-09,2025-W41,Plant Southeast,Line 3,Model-C,129,124,96.2
2025-10-10,2025-W41,Plant Midwest,Line 1,Model-A,111,106,95.7
2025-10-10,2025-W41,Plant Midwest,Line 1,Model-B,116,112,97.1
2025-10-10,2025-W41,Plant Midwest,Line 1,Model-C,117,113,97.1
2025-10-10,2025-W41,Plant Midwest,Line 2,Model-A,110,106,97.2
2025-10-10,2025-W41,Plant Midwest,Line 2,Model-B,115,109,94.9
2025-10-10,2025-W41,Plant Midwest,Line 2,Model-C,120,114,95.6
2025-10-10,2025-W41,Plant Midwest,Line 3,Model-A,112,107,96.2
2025-10-10,2025-W41,Plant Midwest,Line 3,Model-B,120,116,96.7
2025-10-10,2025-W41,Plant Midwest,Line 3,Model-C,124,118,95.2
2025-10-10,2025-W41,Plant Southeast,Line 1,Model-A,114,108,95.0
2025-10-10,2025-W41,Plant Southeast,Line 1,Model-B,113,108,96.4
2025-10-10,2025-W41,Plant Southeast,Line 1,Model-C,111,105,94.8
2025-10-10,2025-W41,Plant Southeast,Line 2,Model-A,114,109,96.3
2025-10-10,2025-W41,Plant Southeast,Line 2,Model-B,121,117,96.8
2025-10-10,2025-W41,Plant Southeast,Line 2,Model-C,120,114,95.4
2025-10-10,2025-W41,Plant Southeast,Line 3,Model-A,113,108,96.2
2025-10-10,2025-W41,Plant Southeast,Line 3,Model-B,129,123,95.8
2025-10-10,2025-W41,Plant Southeast,Line 3,Model-C,122,116,95.9
2025-10-11,2025-W41,Plant Midwest,Line 1,Model-A,111,105,94.6
2025-10-11,2025-W41,Plant Midwest,Line 1,Model-B,129,122,95.0
2025-10-11,2025-W41,Plant Midwest,Line 1,Model-C,128,125,97.8
2025-10-11,2025-W41,Plant Midwest,Line 2,Model-A,115,112,97.7
2025-10-11,2025-W41,Plant Midwest,Line 2,Model-B,124,119,96.1
2025-10-11,2025-W41,Plant Midwest,Line 2,Model-C,128,123,96.2
2025-10-11,2025-W41,Plant Midwest,Line 3,Model-A,119,117,98.6
2025-10-11,2025-W41,Plant Midwest,Line 3,Model-B,112,108,96.8
2025-10-11,2025-W41,Plant Midwest,Line 3,Model-C,116,111,96.2
2025-10-11,2025-W41,Plant Southeast,Line 1,Model-A,128,121,95.2
2025-10-11,2025-W41,Plant Southeast,Line 1,Model-B,126,120,95.3
2025-10-11,2025-W41,Plant Southeast,Line 1,Model-C,129,124,96.3
2025-10-11,2025-W41,Plant Southeast,Line 2,Model-A,122,116,95.8
2025-10-11,2025-W41,Plant Southeast,Line 2,Model-B,124,119,96.6
2025-10-11,2025-W41,Plant Southeast,Line 2,Model-C,126,122,96.9
2025-10-11,2025-W41,Plant Southeast,Line 3,Model-A,113,107,94.8
2025-10-11,2025-W41,Plant Southeast,Line 3,Model-B,114,110,96.6
2025-10-11,2025-W41,Plant Southeast,Line 3,Model-C,119,116,98.1
2025-10-12,2025-W41,Plant Midwest,Line 1,Model-A,117,111,95.7
2025-10-12,2025-W41,Plant Midwest,Line 1,Model-B,117,112,96.1
2025-10-12,2025-W41,Plant Midwest,Line 1,Model-C,129,122,95.3
2025-10-12,2025-W41,Plant Midwest,Line 2,Model-A,118,111,94.3
2025-10-12,2025-W41,Plant Midwest,Line 2,Model-B,119,115,97.2
2025-10-12,2025-W41,Plant Midwest,Line 2,Model-C,110,106,96.6
2025-10-12,2025-W41,Plant Midwest,Line 3,Model-A,121,118,97.6
2025-10-12,2025-W41,Plant Midwest,Line 3,Model-B,124,119,96.2
2025-10-12,2025-W41,Plant Midwest,Line 3,Model-C,120,116,96.9
2025-10-12,2025-W41,Plant Southeast,Line 1,Model-A,111,107,96.7
2025-10-12,2025-W41,Plant Southeast,Line 1,Model-B,125,121,97.0
2025-10-12,2025-W41,Plant Southeast,Line 1,Model-C,117,112,96.1
2025-10-12,2025-W41,Plant Southeast,Line 2,Model-A,116,113,97.7
2025-10-12,2025-W41,Plant Southeast,Line 2,Model-B,114,109,96.4
2025-10-12,2025-W41,Plant Southeast,Line 2,Model-C,125,118,94.6
2025-10-12,2025-W41,Plant Southeast,Line 3,Model-A,111,106,96.2
2025-10-12,2025-W41,Plant Southeast,Line 3,Model-B,121,117,97.0
2025-10-12,2025-W41,Plant Southeast,Line 3,Model-C,121,116,96.0
2025-10-13,2025-W42,Plant Midwest,Line 1,Model-A,128,121,95.1
2025-10-13,2025-W42,Plant Midwest,Line 1,Model-B,120,115,95.8
2025-10-13,2025-W42,Plant Midwest,Line 1,Model-C,122,117,96.5
2025-10-13,2025-W42,Plant Midwest,Line 2,Model-A,117,112,95.9
2025-10-13,2025-W42,Plant Midwest,Line 2,Model-B,129,124,96.3
2025-10-13,2025-W42,Plant Midwest,Line 2,Model-C,111,106,96.2
2025-10-13,2025-W42,Plant Midwest,Line 3,Model-A,120,115,96.3
2025-10-13,2025-W42,Plant Midwest,Line 3,Model-B,112,107,95.5
2025-10-13,2025-W42,Plant Midwest,Line 3,Model-C,123,117,95.7
2025-10-13,2025-W42,Plant Southeast,Line 1,Model-A,128,123,96.1
2025-10-13,2025-W42,Plant Southeast,Line 1,Model-B,121,115,95.2
2025-10-13,2025-W42,Plant Southeast,Line 1,Model-C,112,107,96.2
2025-10-13,2025-W42,Plant Southeast,Line 2,Model-A,114,108,95.2
2025-10-13,2025-W42,Plant Southeast,Line 2,Model-B,126,121,96.6
2025-10-13,2025-W42,Plant Southeast,Line 2,Model-C,123,117,95.8
2025-10-13,2025-W42,Plant Southeast,Line 3,Model-A,112,108,97.0
2025-10-13,2025-W42,Plant Southeast,Line 3,Model-B,113,110,97.3
2025-10-13,2025-W42,Plant Southeast,Line 3,Model-C,125,119,95.6
2025-10-14,2025-W42,Plant Midwest,Line 1,Model-A,116,112,97.0
2025-10-14,2025-W42,Plant Midwest,Line 1,Model-B,120,115,96.2
2025-10-14,2025-W42,Plant Midwest,Line 1,Model-C,110,106,96.9
2025-10-14,2025-W42,Plant Midwest,Line 2,Model-A,116,111,96.3
2025-10-14,2025-W42,Plant Midwest,Line 2,Model-B,121,118,97.7
2025-10-14,2025-W42,Plant Midwest,Line 2,Model-C,125,120,96.5
2025-10-14,2025-W42,Plant Midwest,Line 3,Model-A,114,110,96.8
2025-10-14,2025-W42,Plant Midwest,Line 3,Model-B,121,115,95.6
2025-10-14,2025-W42,Plant Midwest,Line 3,Model-C,119,113,95.7
2025-10-14,2025-W42,Plant Southeast,Line 1,Model-A,122,118,97.0
2025-10-14,2025-W42,Plant Southeast,Line 1,Model-B,128,122,95.9
2025-10-14,2025-W42,Plant Southeast,Line 1,Model-C,119,114,96.2
2025-10-14,2025-W42,Plant Southeast,Line 2,Model-A,112,107,96.1
2025-10-14,2025-W42,Plant Southeast,Line 2,Model-B,114,109,96.1
2025-10-14,2025-W42,Plant Southeast,Line 2,Model-C,125,119,95.8
2025-10-14,2025-W42,Plant Southeast,Line 3,Model-A,125,121,97.6
2025-10-14,2025-W42,Plant Southeast,Line 3,Model-B,111,103,93.2
2025-10-14,2025-W42,Plant Southeast,Line 3,Model-C,128,123,96.3
2025-10-15,2025-W42,Plant Midwest,Line 1,Model-A,121,116,96.1
2025-10-15,2025-W42,Plant Midwest,Line 1,Model-B,127,120,94.8
2025-10-15,2025-W42,Plant Midwest,Line 1,Model-C,123,117,95.5
2025-10-15,2025-W42,Plant Midwest,Line 2,Model-A,123,119,97.0
2025-10-15,2025-W42,Plant Midwest,Line 2,Model-B,114,108,95.2
2025-10-15,2025-W42,Plant Midwest,Line 2,Model-C,125,120,96.3
2025-10-15,2025-W42,Plant Midwest,Line 3,Model-A,122,116,95.6
2025-10-15,2025-W42,Plant Midwest,Line 3,Model-B,123,118,96.4
2025-10-15,2025-W42,Plant Midwest,Line 3,Model-C,123,116,95.0
2025-10-15,2025-W42,Plant Southeast,Line 1,Model-A,129,124,96.9
2025-10-15,2025-W42,Plant Southeast,Line 1,Model-B,124,120,97.0
2025-10-15,2025-W42,Plant Southeast,Line 1,Model-C,112,106,94.7
2025-10-15,2025-W42,Plant Southeast,Line 2,Model-A,116,111,95.9
2025-10-15,2025-W42,Plant Southeast,Line 2,Model-B,120,116,96.8
2025-10-15,2025-W42,Plant Southeast,Line 2,Model-C,122,118,97.2
2025-10-15,2025-W42,Plant Southeast,Line 3,Model-A,128,123,96.3
2025-10-15,2025-W42,Plant Southeast,Line 3,Model-B,121,117,96.7
2025-10-15,2025-W42,Plant Southeast,Line 3,Model-C,122,118,97.1
2025-10-16,2025-W42,Plant Midwest,Line 1,Model-A,117,113,97.1
2025-10-16,2025-W42,Plant Midwest,Line 1,Model-B,111,106,96.4
2025-10-16,2025-W42,Plant Midwest,Line 1,Model-C,113,108,96.4
2025-10-16,2025-W42,Plant Midwest,Line 2,Model-A,127,122,96.3
2025-10-16,2025-W42,Plant Midwest,Line 2,Model-B,119,114,96.2
2025-10-16,2025-W42,Plant Midwest,Line 2,Model-C,126,122,96.9
2025-10-16,2025-W42,Plant Midwest,Line 3,Model-A,118,113,96.1
2025-10-16,2025-W42,Plant Midwest,Line 3,Model-B,117,113,96.8
2025-10-16,2025-W42,Plant Midwest,Line 3,Model-C,114,109,96.3
2025-10-16,2025-W42,Plant Southeast,Line 1,Model-A,118,112,95.6
2025-10-16,2025-W42,Plant Southeast,Line 1,Model-B,116,112,96.7
2025-10-16,2025-W42,Plant Southeast,Line 1,Model-C,123,117,95.8
2025-10-16,2025-W42,Plant Southeast,Line 2,Model-A,123,119,96.8
2025-10-16,2025-W42,Plant Southeast,Line 2,Model-B,117,113,96.6
2025-10-16,2025-W42,Plant Southeast,Line 2,Model-C,112,109,97.7
2025-10-16,2025-W42,Plant Southeast,Line 3,Model-A,127,121,95.8
2025-10-16,2025-W42,Plant Southeast,Line 3,Model-B,112,106,95.4
2025-10-16,2025-W42,Plant Southeast,Line 3,Model-C,127,122,96.8
2025-10-17,2025-W42,Plant Midwest,Line 1,Model-A,114,109,96.3
2025-10-17,2025-W42,Plant Midwest,Line 1,Model-B,120,116,96.9
2025-10-17,2025-W42,Plant Midwest,Line 1,Model-C,124,118,95.3
2025-10-17,2025-W42,Plant Midwest,Line 2,Model-A,122,115,95.0
2025-10-17,2025-W42,Plant Midwest,Line 2,Model-B,123,116,95.1
2025-10-17,2025-W42,Plant Midwest,Line 2,Model-C,110,107,97.9
2025-10-17,2025-W42,Plant Midwest,Line 3,Model-A,110,106,97.0
2025-10-17,2025-W42,Plant Midwest,Line 3,Model-B,115,110,95.7
2025-10-17,2025-W42,Plant Midwest,Line 3,Model-C,115,109,95.3
2025-10-17,2025-W42,Plant Southeast,Line 1,Model-A,113,109,97.1
2025-10-17,2025-W42,Plant Southeast,Line 1,Model-B,111,107,96.5
2025-10-17,2025-W42,Plant Southeast,Line 1,Model-C,121,116,96.0
2025-10-17,2025-W42,Plant Southeast,Line 2,Model-A,116,111,96.3
2025-10-17,2025-W42,Plant Southeast,Line 2,Model-B,117,114,98.2
2025-10-17,2025-W42,Plant Southeast,Line 2,Model-C,123,118,96.2
2025-10-17,2025-W42,Plant Southeast,Line 3,Model-A,121,117,96.8
2025-10-17,2025-W42,Plant Southeast,Line 3,Model-B,111,106,96.2
2025-10-17,2025-W42,Plant Southeast,Line 3,Model-C,129,124,96.3
2025-10-18,2025-W42,Plant Midwest,Line 1,Model-A,127,123,97.5
2025-10-18,2025-W42,Plant Midwest,Line 1,Model-B,117,113,97.3
2025-10-18,2025-W42,Plant Midwest,Line 1,Model-C,121,116,96.4
2025-10-18,2025-W42,Plant Midwest,Line 2,Model-A,111,106,96.2
2025-10-18,2025-W42,Plant Midwest,Line 2,Model-B,117,113,97.4
2025-10-18,2025-W42,Plant Midwest,Line 2,Model-C,121,117,96.7
2025-10-18,2025-W42,Plant Midwest,Line 3,Model-A,125,120,96.3
2025-10-18,2025-W42,Plant Midwest,Line 3,Model-B,125,120,96.3
2025-10-18,2025-W42,Plant Midwest,Line 3,Model-C,115,111,97.1
2025-10-18,2025-W42,Plant Southeast,Line 1,Model-A,120,115,96.4
2025-10-18,2025-W42,Plant Southeast,Line 1,Model-B,121,117,97.5
2025-10-18,2025-W42,Plant Southeast,Line 1,Model-C,115,110,95.7
2025-10-18,2025-W42,Plant Southeast,Line 2,Model-A,115,112,97.5
2025-10-18,2025-W42,Plant Southeast,Line 2,Model-B,117,113,97.2
2025-10-18,2025-W42,Plant Southeast,Line 2,Model-C,117,112,96.0
2025-10-18,2025-W42,Plant Southeast,Line 3,Model-A,111,107,96.9
2025-10-18,2025-W42,Plant Southeast,Line 3,Model-B,121,114,94.4
2025-10-18,2025-W42,Plant Southeast,Line 3,Model-C,112,107,95.6
2025-10-19,2025-W42,Plant Midwest,Line 1,Model-A,123,118,96.0
2025-10-19,2025-W42,Plant Midwest,Line 1,Model-B,128,123,96.5
2025-10-19,2025-W42,Plant Midwest,Line 1,Model-C,114,108,94.9
2025-10-19,2025-W42,Plant Midwest,Line 2,Model-A,111,107,96.6
2025-10-19,2025-W42,Plant Midwest,Line 2,Model-B,116,112,96.6
2025-10-19,2025-W42,Plant Midwest,Line 2,Model-C,111,107,96.5
2025-10-19,2025-W42,Plant Midwest,Line 3,Model-A,119,113,95.1
2025-10-19,2025-W42,Plant Midwest,Line 3,Model-B,119,114,96.4
2025-10-19,2025-W42,Plant Midwest,Line 3,Model-C,124,116,94.0
2025-10-19,2025-W42,Plant Southeast,Line 1,Model-A,126,122,97.1
2025-10-19,2025-W42,Plant Southeast,Line 1,Model-B,118,113,96.6
2025-10-19,2025-W42,Plant Southeast,Line 1,Model-C,120,116,97.5
2025-10-19,2025-W42,Plant Southeast,Line 2,Model-A,126,122,97.0
2025-10-19,2025-W42,Plant Southeast,Line 2,Model-B,129,125,97.5
2025-10-19,2025-W42,Plant Southeast,Line 2,Model-C,110,104,94.7
2025-10-19,2025-W42,Plant Southeast,Line 3,Model-A,122,117,96.7
2025-10-19,2025-W42,Plant Southeast,Line 3,Model-B,116,110,95.1
2025-10-19,2025-W42,Plant Southeast,Line 3,Model-C,118,112,95.6
2025-10-20,2025-W43,Plant Midwest,Line 1,Model-A,125,122,98.0
2025-10-20,2025-W43,Plant Midwest,Line 1,Model-B,121,115,95.5
2025-10-20,2025-W43,Plant Midwest,Line 1,Model-C,123,118,96.6
2025-10-20,2025-W43,Plant Midwest,Line 2,Model-A,126,122,96.9
2025-10-20,2025-W43,Plant Midwest,Line 2,Model-B,112,107,95.6
2025-10-20,2025-W43,Plant Midwest,Line 2,Model-C,113,108,95.7
2025-10-20,2025-W43,Plant Midwest,Line 3,Model-A,125,119,95.8
2025-10-20,2025-W43,Plant Midwest,Line 3,Model-B,129,125,97.2
2025-10-20,2025-W43,Plant Midwest,Line 3,Model-C,114,110,96.9
2025-10-20,2025-W43,Plant Southeast,Line 1,Model-A,115,111,96.6
2025-10-20,2025-W43,Plant Southeast,Line 1,Model-B,126,118,94.3
2025-10-20,2025-W43,Plant Southeast,Line 1,Model-C,118,114,96.8
2025-10-20,2025-W43,Plant Southeast,Line 2,Model-A,114,108,94.9
2025-10-20,2025-W43,Plant Southeast,Line 2,Model-B,123,118,96.7
2025-10-20,2025-W43,Plant Southeast,Line 2,Model-C,126,120,96.0
2025-10-20,2025-W43,Plant Southeast,Line 3,Model-A,115,110,96.1
2025-10-20,2025-W43,Plant Southeast,Line 3,Model-B,110,104,94.9
2025-10-20,2025-W43,Plant Southeast,Line 3,Model-C,119,115,96.8
2025-10-21,2025-W43,Plant Midwest,Line 1,Model-A,128,122,96.0
2025-10-21,2025-W43,Plant Midwest,Line 1,Model-B,113,108,96.4
2025-10-21,2025-W43,Plant Midwest,Line 1,Model-C,129,125,97.3
2025-10-21,2025-W43,Plant Midwest,Line 2,Model-A,116,111,96.2
2025-10-21,2025-W43,Plant Midwest,Line 2,Model-B,125,118,94.7
2025-10-21,2025-W43,Plant Midwest,Line 2,Model-C,128,122,95.5
2025-10-21,2025-W43,Plant Midwest,Line 3,Model-A,118,113,96.2
2025-10-21,2025-W43,Plant Midwest,Line 3,Model-B,127,121,95.9
2025-10-21,2025-W43,Plant Midwest,Line 3,Model-C,125,121,97.6
2025-10-21,2025-W43,Plant Southeast,Line 1,Model-A,121,117,96.7
2025-10-21,2025-W43,Plant Southeast,Line 1,Model-B,119,112,94.7
2025-10-21,2025-W43,Plant Southeast,Line 1,Model-C,125,118,94.8
2025-10-21,2025-W43,Plant Southeast,Line 2,Model-A,121,116,96.1
2025-10-21,2025-W43,Plant Southeast,Line 2,Model-B,113,110,97.9
2025-10-21,2025-W43,Plant Southeast,Line 2,Model-C,111,106,96.0
2025-10-21,2025-W43,Plant Southeast,Line 3,Model-A,120,115,96.6
2025-10-21,2025-W43,Plant Southeast,Line 3,Model-B,127,121,95.4
2025-10-21,2025-W43,Plant Southeast,Line 3,Model-C,115,109,95.1
2025-10-22,2025-W43,Plant Midwest,Line 1,Model-A,123,118,96.5
2025-10-22,2025-W43,Plant Midwest,Line 1,Model-B,125,120,96.6
2025-10-22,2025-W43,Plant Midwest,Line 1,Model-C,125,120,96.5
2025-10-22,2025-W43,Plant Midwest,Line 2,Model-A,122,116,95.9
2025-10-22,2025-W43,Plant Midwest,Line 2,Model-B,121,116,96.4
2025-10-22,2025-W43,Plant Midwest,Line 2,Model-C,114,110,96.6
2025-10-22,2025-W43,Plant Midwest,Line 3,Model-A,120,113,94.4
2025-10-22,2025-W43,Plant Midwest,Line 3,Model-B,116,111,96.4
2025-10-22,2025-W43,Plant Midwest,Line 3,Model-C,111,107,96.7
2025-10-22,2025-W43,Plant Southeast,Line 1,Model-A,110,106,96.8
2025-10-22,2025-W43,Plant Southeast,Line 1,Model-B,122,116,95.9
2025-10-22,2025-W43,Plant Southeast,Line 1,Model-C,127,120,94.5
2025-10-22,2025-W43,Plant Southeast,Line 2,Model-A,112,107,95.6
2025-10-22,2025-W43,Plant Southeast,Line 2,Model-B,114,110,97.1
2025-10-22,2025-W43,Plant Southeast,Line 2,Model-C,122,117,96.5
2025-10-22,2025-W43,Plant Southeast,Line 3,Model-A,128,123,96.5
2025-10-22,2025-W43,Plant Southeast,Line 3,Model-B,127,122,96.4
2025-10-22,2025-W43,Plant Southeast,Line 3,Model-C,117,111,95.5
2025-10-23,2025-W43,Plant Midwest,Line 1,Model-A,124,119,96.1
2025-10-23,2025-W43,Plant Midwest,Line 1,Model-B,113,107,95.4
2025-10-23,2025-W43,Plant Midwest,Line 1,Model-C,111,108,97.3
2025-10-23,2025-W43,Plant Midwest,Line 2,Model-A,112,108,96.5
2025-10-23,2025-W43,Plant Midwest,Line 2,Model-B,116,110,95.6
2025-10-23,2025-W43,Plant Midwest,Line 2,Model-C,111,107,96.5
2025-10-23,2025-W43,Plant Midwest,Line 3,Model-A,126,120,96.0
2025-10-23,2025-W43,Plant Midwest,Line 3,Model-B,122,118,97.3
2025-10-23,2025-W43,Plant Midwest,Line 3,Model-C,127,124,98.2
2025-10-23,2025-W43,Plant Southeast,Line 1,Model-A,112,109,97.6
2025-10-23,2025-W43,Plant Southeast,Line 1,Model-B,125,119,96.0
2025-10-23,2025-W43,Plant Southeast,Line 1,Model-C,121,114,94.6
2025-10-23,2025-W43,Plant Southeast,Line 2,Model-A,128,123,96.8
2025-10-23,2025-W43,Plant Southeast,Line 2,Model-B,124,121,97.8
2025-10-23,2025-W43,Plant Southeast,Line 2,Model-C,111,105,95.1
2025-10-23,2025-W43,Plant Southeast,Line 3,Model-A,116,109,94.7
2025-10-23,2025-W43,Plant Southeast,Line 3,Model-B,122,117,96.7
2025-10-23,2025-W43,Plant Southeast,Line 3,Model-C,129,125,97.5
2025-10-24,2025-W43,Plant Midwest,Line 1,Model-A,126,122,96.9
2025-10-24,2025-W43,Plant Midwest,Line 1,Model-B,123,117,95.5
2025-10-24,2025-W43,Plant Midwest,Line 1,Model-C,129,124,96.6
2025-10-24,2025-W43,Plant Midwest,Line 2,Model-A,120,113,95.0
2025-10-24,2025-W43,Plant Midwest,Line 2,Model-B,127,121,95.7
2025-10-24,2025-W43,Plant Midwest,Line 2,Model-C,117,113,97.1
2025-10-24,2025-W43,Plant Midwest,Line 3,Model-A,119,116,97.6
2025-10-24,2025-W43,Plant Midwest,Line 3,Model-B,112,107,96.3
2025-10-24,2025-W43,Plant Midwest,Line 3,Model-C,117,111,95.3
2025-10-24,2025-W43,Plant Southeast,Line 1,Model-A,111,105,94.8
2025-10-24,2025-W43,Plant Southeast,Line 1,Model-B,111,106,95.7
2025-10-24,2025-W43,Plant Southeast,Line 1,Model-C,111,107,96.6
2025-10-24,2025-W43,Plant Southeast,Line 2,Model-A,119,114,96.6
2025-10-24,2025-W43,Plant Southeast,Line 2,Model-B,121,117,97.1
2025-10-24,2025-W43,Plant Southeast,Line 2,Model-C,120,114,95.3
2025-10-24,2025-W43,Plant Southeast,Line 3,Model-A,126,121,96.7
2025-10-24,2025-W43,Plant Southeast,Line 3,Model-B,114,108,95.4
2025-10-24,2025-W43,Plant Southeast,Line 3,Model-C,123,118,96.3
2025-10-25,2025-W43,Plant Midwest,Line 1,Model-A,128,121,95.3
2025-10-25,2025-W43,Plant Midwest,Line 1,Model-B,112,107,95.7
2025-10-25,2025-W43,Plant Midwest,Line 1,Model-C,119,114,96.0
2025-10-25,2025-W43,Plant Midwest,Line 2,Model-A,110,106,96.4
2025-10-25,2025-W43,Plant Midwest,Line 2,Model-B,122,116,95.4
2025-10-25,2025-W43,Plant Midwest,Line 2,Model-C,114,108,95.5
2025-10-25,2025-W43,Plant Midwest,Line 3,Model-A,120,116,97.3
2025-10-25,2025-W43,Plant Midwest,Line 3,Model-B,114,111,97.5
2025-10-25,2025-W43,Plant Midwest,Line 3,Model-C,124,119,96.4
2025-10-25,2025-W43,Plant Southeast,Line 1,Model-A,125,121,97.3
2025-10-25,2025-W43,Plant Southeast,Line 1,Model-B,112,106,94.7
2025-10-25,2025-W43,Plant Southeast,Line 1,Model-C,126,119,95.0
2025-10-25,2025-W43,Plant Southeast,Line 2,Model-A,111,106,96.4
2025-10-25,2025-W43,Plant Southeast,Line 2,Model-B,122,117,96.2
2025-10-25,2025-W43,Plant Southeast,Line 2,Model-C,114,109,96.1
2025-10-25,2025-W43,Plant Southeast,Line 3,Model-A,129,125,97.2
2025-10-25,2025-W43,Plant Southeast,Line 3,Model-B,119,114,96.5
2025-10-25,2025-W43,Plant Southeast,Line 3,Model-C,121,116,96.5
2025-10-26,2025-W43,Plant Midwest,Line 1,Model-A,129,124,96.2
2025-10-26,2025-W43,Plant Midwest,Line 1,Model-B,119,113,95.2
2025-10-26,2025-W43,Plant Midwest,Line 1,Model-C,124,121,97.9
2025-10-26,2025-W43,Plant Midwest,Line 2,Model-A,125,119,95.2
2025-10-26,2025-W43,Plant Midwest,Line 2,Model-B,123,120,97.8
2025-10-26,2025-W43,Plant Midwest,Line 2,Model-C,128,123,96.2
2025-10-26,2025-W43,Plant Midwest,Line 3,Model-A,112,108,96.9
2025-10-26,2025-W43,Plant Midwest,Line 3,Model-B,118,113,96.3
2025-10-26,2025-W43,Plant Midwest,Line 3,Model-C,110,105,96.1
2025-10-26,2025-W43,Plant Southeast,Line 1,Model-A,120,114,95.7
2025-10-26,2025-W43,Plant Southeast,Line 1,Model-B,125,119,95.8
2025-10-26,2025-W43,Plant Southeast,Line 1,Model-C,115,108,94.7
2025-10-26,2025-W43,Plant Southeast,Line 2,Model-A,117,113,96.7
2025-10-26,2025-W43,Plant Southeast,Line 2,Model-B,119,115,97.2
2025-10-26,2025-W43,Plant Southeast,Line 2,Model-C,112,106,95.0
2025-10-26,2025-W43,Plant Southeast,Line 3,Model-A,113,107,95.6
2025-10-26,2025-W43,Plant Southeast,Line 3,Model-B,120,115,96.1
2025-10-26,2025-W43,Plant Southeast,Line 3,Model-C,115,111,96.8
2025-10-27,2025-W44,Plant Midwest,Line 1,Model-A,121,115,95.8
2025-10-27,2025-W44,Plant Midwest,Line 1,Model-B,112,107,95.9
2025-10-27,2025-W44,Plant Midwest,Line 1,Model-C,112,107,95.6
2025-10-27,2025-W44,Plant Midwest,Line 2,Model-A,112,108,96.8
2025-10-27,2025-W44,Plant Midwest,Line 2,Model-B,119,114,95.8
2025-10-27,2025-W44,Plant Midwest,Line 2,Model-C,129,124,96.5
2025-10-27,2025-W44,Plant Midwest,Line 3,Model-A,120,114,95.5
2025-10-27,2025-W44,Plant Midwest,Line 3,Model-B,121,116,95.9
2025-10-27,2025-W44,Plant Midwest,Line 3,Model-C,125,119,95.3
2025-10-27,2025-W44,Plant Southeast,Line 1,Model-A,123,118,96.2
2025-10-27,2025-W44,Plant Southeast,Line 1,Model-B,127,120,95.1
2025-10-27,2025-W44,Plant Southeast,Line 1,Model-C,114,109,96.0
2025-10-27,2025-W44,Plant Southeast,Line 2,Model-A,123,118,96.1
2025-10-27,2025-W44,Plant Southeast,Line 2,Model-B,124,119,96.1
2025-10-27,2025-W44,Plant Southeast,Line 2,Model-C,124,119,96.7
2025-10-27,2025-W44,Plant Southeast,Line 3,Model-A,115,111,96.8
2025-10-27,2025-W44,Plant Southeast,Line 3,Model-B,128,123,96.9
2025-10-27,2025-W44,Plant Southeast,Line 3,Model-C,112,107,95.6
2025-10-28,2025-W44,Plant Midwest,Line 1,Model-A,119,115,97.1
2025-10-28,2025-W44,Plant Midwest,Line 1,Model-B,128,123,96.6
2025-10-28,2025-W44,Plant Midwest,Line 1,Model-C,120,115,96.6
2025-10-28,2025-W44,Plant Midwest,Line 2,Model-A,123,118,96.3
2025-10-28,2025-W44,Plant Midwest,Line 2,Model-B,127,122,96.4
2025-10-28,2025-W44,Plant Midwest,Line 2,Model-C,125,118,94.6
2025-10-28,2025-W44,Plant Midwest,Line 3,Model-A,123,117,95.5
2025-10-28,2025-W44,Plant Midwest,Line 3,Model-B,113,109,97.2
2025-10-28,2025-W44,Plant Midwest,Line 3,Model-C,125,119,95.9
2025-10-28,2025-W44,Plant Southeast,Line 1,Model-A,115,110,96.2
2025-10-28,2025-W44,Plant Southeast,Line 1,Model-B,125,120,96.7
2025-10-28,2025-W44,Plant Southeast,Line 1,Model-C,125,120,96.1
2025-10-28,2025-W44,Plant Southeast,Line 2,Model-A,125,120,96.6
2025-10-28,2025-W44,Plant Southeast,Line 2,Model-B,123,119,96.8
2025-10-28,2025-W44,Plant Southeast,Line 2,Model-C,113,108,95.9
2025-10-28,2025-W44,Plant Southeast,Line 3,Model-A,113,109,97.2
2025-10-28,2025-W44,Plant Southeast,Line 3,Model-B,127,125,98.6
2025-10-28,2025-W44,Plant Southeast,Line 3,Model-C,127,122,96.8
2025-10-29,2025-W44,Plant Midwest,Line 1,Model-A,110,106,96.7
2025-10-29,2025-W44,Plant Midwest,Line 1,Model-B,114,109,96.3
2025-10-29,2025-W44,Plant Midwest,Line 1,Model-C,115,110,96.0
2025-10-29,2025-W44,Plant Midwest,Line 2,Model-A,117,112,95.8
2025-10-29,2025-W44,Plant Midwest,Line 2,Model-B,114,110,96.6
2025-10-29,2025-W44,Plant Midwest,Line 2,Model-C,111,106,95.7
2025-10-29,2025-W44,Plant Midwest,Line 3,Model-A,121,116,96.0
2025-10-29,2025-W44,Plant Midwest,Line 3,Model-B,113,109,97.0
2025-10-29,2025-W44,Plant Midwest,Line 3,Model-C,114,110,97.3
2025-10-29,2025-W44,Plant Southeast,Line 1,Model-A,119,113,95.4
2025-10-29,2025-W44,Plant Southeast,Line 1,Model-B,129,123,96.1
2025-10-29,2025-W44,Plant Southeast,Line 1,Model-C,126,123,98.2
2025-10-29,2025-W44,Plant Southeast,Line 2,Model-A,117,113,97.2
2025-10-29,2025-W44,Plant Southeast,Line 2,Model-B,127,123,96.9
2025-10-29,2025-W44,Plant Southeast,Line 2,Model-C,125,119,95.2
2025-10-29,2025-W44,Plant Southeast,Line 3,Model-A,126,123,97.8
2025-10-29,2025-W44,Plant Southeast,Line 3,Model-B,125,119,95.6
2025-10-29,2025-W44,Plant Southeast,Line 3,Model-C,123,118,96.7
2025-10-30,2025-W44,Plant Midwest,Line 1,Model-A,115,111,96.7
2025-10-30,2025-W44,Plant Midwest,Line 1,Model-B,125,121,97.0
2025-10-30,2025-W44,Plant Midwest,Line 1,Model-C,110,107,97.6
2025-10-30,2025-W44,Plant Midwest,Line 2,Model-A,114,109,95.8
2025-10-30,2025-W44,Plant Midwest,Line 2,Model-B,114,108,95.6
2025-10-30,2025-W44,Plant Midwest,Line 2,Model-C,115,111,96.6
2025-10-30,2025-W44,Plant Midwest,Line 3,Model-A,111,105,95.4
2025-10-30,2025-W44,Plant Midwest,Line 3,Model-B,118,114,97.2
2025-10-30,2025-W44,Plant Midwest,Line 3,Model-C,112,108,96.7
2025-10-30,2025-W44,Plant Southeast,Line 1,Model-A,125,120,96.5
2025-10-30,2025-W44,Plant Southeast,Line 1,Model-B,128,122,95.9
2025-10-30,2025-W44,Plant Southeast,Line 1,Model-C,110,105,95.6
2025-10-30,2025-W44,Plant Southeast,Line 2,Model-A,118,113,95.9
2025-10-30,2025-W44,Plant Southeast,Line 2,Model-B,117,112,96.5
2025-10-30,2025-W44,Plant Southeast,Line 2,Model-C,126,121,96.1
2025-10-30,2025-W44,Plant Southeast,Line 3,Model-A,115,110,96.1
2025-10-30,2025-W44,Plant Southeast,Line 3,Model-B,128,123,96.6
2025-10-30,2025-W44,Plant Southeast,Line 3,Model-C,119,114,96.6
2025-10-31,2025-W44,Plant Midwest,Line 1,Model-A,125,121,97.0
2025-10-31,2025-W44,Plant Midwest,Line 1,Model-B,117,112,96.5
2025-10-31,2025-W44,Plant Midwest,Line 1,Model-C,122,117,96.2
2025-10-31,2025-W44,Plant Midwest,Line 2,Model-A,121,117,97.4
2025-10-31,2025-W44,Plant Midwest,Line 2,Model-B,120,116,96.7
2025-10-31,2025-W44,Plant Midwest,Line 2,Model-C,122,117,96.4
2025-10-31,2025-W44,Plant Midwest,Line 3,Model-A,113,108,95.8
2025-10-31,2025-W44,Plant Midwest,Line 3,Model-B,116,111,96.3
2025-10-31,2025-W44,Plant Midwest,Line 3,Model-C,117,113,96.6
2025-10-31,2025-W44,Plant Southeast,Line 1,Model-A,127,123,97.0
2025-10-31,2025-W44,Plant Southeast,Line 1,Model-B,116,111,96.3
2025-10-31,2025-W44,Plant Southeast,Line 1,Model-C,116,110,95.6
2025-10-31,2025-W44,Plant Southeast,Line 2,Model-A,126,121,96.3
2025-10-31,2025-W44,Plant Southeast,Line 2,Model-B,128,122,95.3
2025-10-31,2025-W44,Plant Southeast,Line 2,Model-C,119,114,96.5
2025-10-31,2025-W44,Plant Southeast,Line 3,Model-A,126,120,95.9
2025-10-31,2025-W44,Plant Southeast,Line 3,Model-B,119,114,96.0
2025-10-31,2025-W44,Plant Southeast,Line 3,Model-C,115,110,96.1
2025-11-01,2025-W44,Plant Midwest,Line 1,Model-A,121,116,96.6
2025-11-01,2025-W44,Plant Midwest,Line 1,Model-B,126,120,95.5
2025-11-01,2025-W44,Plant Midwest,Line 1,Model-C,126,121,96.1
2025-11-01,2025-W44,Plant Midwest,Line 2,Model-A,122,116,95.4
2025-11-01,2025-W44,Plant Midwest,Line 2,Model-B,112,107,95.8
2025-11-01,2025-W44,Plant Midwest,Line 2,Model-C,115,110,96.5
2025-11-01,2025-W44,Plant Midwest,Line 3,Model-A,122,115,95.0
2025-11-01,2025-W44,Plant Midwest,Line 3,Model-B,122,118,97.3
2025-11-01,2025-W44,Plant Midwest,Line 3,Model-C,125,121,97.2
2025-11-01,2025-W44,Plant Southeast,Line 1,Model-A,127,121,96.0
2025-11-01,2025-W44,Plant Southeast,Line 1,Model-B,116,112,97.3
2025-11-01,2025-W44,Plant Southeast,Line 1,Model-C,126,119,95.2
2025-11-01,2025-W44,Plant Southeast,Line 2,Model-A,125,121,97.0
2025-11-01,2025-W44,Plant Southeast,Line 2,Model-B,125,119,95.4
2025-11-01,2025-W44,Plant Southeast,Line 2,Model-C,125,118,94.4
2025-11-01,2025-W44,Plant Southeast,Line 3,Model-A,123,117,95.5
2025-11-01,2025-W44,Plant Southeast,Line 3,Model-B,125,119,95.8
2025-11-01,2025-W44,Plant Southeast,Line 3,Model-C,124,116,94.3
2025-11-02,2025-W44,Plant Midwest,Line 1,Model-A,121,115,95.3
2025-11-02,2025-W44,Plant Midwest,Line 1,Model-B,113,107,95.3
2025-11-02,2025-W44,Plant Midwest,Line 1,Model-C,117,111,95.4
2025-11-02,2025-W44,Plant Midwest,Line 2,Model-A,119,114,96.5
2025-11-02,2025-W44,Plant Midwest,Line 2,Model-B,126,120,95.7
2025-11-02,2025-W44,Plant Midwest,Line 2,Model-C,113,110,97.8
2025-11-02,2025-W44,Plant Midwest,Line 3,Model-A,113,107,94.9
2025-11-02,2025-W44,Plant Midwest,Line 3,Model-B,128,122,96.0
2025-11-02,2025-W44,Plant Midwest,Line 3,Model-C,122,117,96.2
2025-11-02,2025-W44,Plant Southeast,Line 1,Model-A,125,121,96.9
2025-11-02,2025-W44,Plant Southeast,Line 1,Model-B,114,110,96.8
2025-11-02,2025-W44,Plant Southeast,Line 1,Model-C,115,110,96.5
2025-11-02,2025-W44,Plant Southeast,Line 2,Model-A,120,115,95.9
2025-11-02,2025-W44,Plant Southeast,Line 2,Model-B,122,117,96.7
2025-11-02,2025-W44,Plant Southeast,Line 2,Model-C,124,118,95.5
2025-11-02,2025-W44,Plant Southeast,Line 3,Model-A,118,113,96.6
2025-11-02,2025-W44,Plant Southeast,Line 3,Model-B,122,116,95.9
2025-11-02,2025-W44,Plant Southeast,Line 3,Model-C,124,119,96.4
2025-11-03,2025-W45,Plant Midwest,Line 1,Model-A,126,123,98.0
2025-11-03,2025-W45,Plant Midwest,Line 1,Model-B,129,124,96.2
2025-11-03,2025-W45,Plant Midwest,Line 1,Model-C,124,118,95.4
2025-11-03,2025-W45,Plant Midwest,Line 2,Model-A,114,109,95.8
2025-11-03,2025-W45,Plant Midwest,Line 2,Model-B,126,118,94.0
2025-11-03,2025-W45,Plant Midwest,Line 2,Model-C,116,111,96.1
2025-11-03,2025-W45,Plant Midwest,Line 3,Model-A,117,114,97.6
2025-11-03,2025-W45,Plant Midwest,Line 3,Model-B,125,120,96.3
2025-11-03,2025-W45,Plant Midwest,Line 3,Model-C,123,118,96.1
2025-11-03,2025-W45,Plant Southeast,Line 1,Model-A,115,111,96.7
2025-11-03,2025-W45,Plant Southeast,Line 1,Model-B,124,119,96.4
2025-11-03,2025-W45,Plant Southeast,Line 1,Model-C,115,109,95.6
2025-11-03,2025-W45,Plant Southeast,Line 2,Model-A,112,107,96.3
2025-11-03,2025-W45,Plant Southeast,Line 2,Model-B,122,116,95.2
2025-11-03,2025-W45,Plant Southeast,Line 2,Model-C,125,120,96.4
2025-11-03,2025-W45,Plant Southeast,Line 3,Model-A,126,120,95.8
2025-11-03,2025-W45,Plant Southeast,Line 3,Model-B,120,116,96.8
2025-11-03,2025-W45,Plant Southeast,Line 3,Model-C,111,105,95.2
2025-11-04,2025-W45,Plant Midwest,Line 1,Model-A,126,120,95.6
2025-11-04,2025-W45,Plant Midwest,Line 1,Model-B,122,116,95.6
2025-11-04,2025-W45,Plant Midwest,Line 1,Model-C,121,115,95.5
2025-11-04,2025-W45,Plant Midwest,Line 2,Model-A,122,116,95.1
2025-11-04,2025-W45,Plant Midwest,Line 2,Model-B,121,117,97.3
2025-11-04,2025-W45,Plant Midwest,Line 2,Model-C,129,123,95.5
2025-11-04,2025-W45,Plant Midwest,Line 3,Model-A,122,116,95.6
2025-11-04,2025-W45,Plant Midwest,Line 3,Model-B,110,105,95.6
2025-11-04,2025-W45,Plant Midwest,Line 3,Model-C,128,124,97.5
2025-11-04,2025-W45,Plant Southeast,Line 1,Model-A,118,114,97.0
2025-11-04,2025-W45,Plant Southeast,Line 1,Model-B,116,110,95.7
2025-11-04,2025-W45,Plant Southeast,Line 1,Model-C,121,115,95.4
2025-11-04,2025-W45,Plant Southeast,Line 2,Model-A,127,122,96.1
2025-11-04,2025-W45,Plant Southeast,Line 2,Model-B,119,114,95.8
2025-11-04,2025-W45,Plant Southeast,Line 2,Model-C,121,117,97.3
2025-11-04,2025-W45,Plant Southeast,Line 3,Model-A,110,106,97.3
2025-11-04,2025-W45,Plant Southeast,Line 3,Model-B,119,114,96.2
2025-11-04,2025-W45,Plant Southeast,Line 3,Model-C,127,120,94.8
2025-11-05,2025-W45,Plant Midwest,Line 1,Model-A,124,119,96.4
2025-11-05,2025-W45,Plant Midwest,Line 1,Model-B,121,117,97.1
2025-11-05,2025-W45,Plant Midwest,Line 1,Model-C,121,116,96.2
2025-11-05,2025-W45,Plant Midwest,Line 2,Model-A,113,108,96.0
2025-11-05,2025-W45,Plant Midwest,Line 2,Model-B,117,110,94.6
2025-11-05,2025-W45,Plant Midwest,Line 2,Model-C,110,105,96.1
2025-11-05,2025-W45,Plant Midwest,Line 3,Model-A,120,115,95.9
2025-11-05,2025-W45,Plant Midwest,Line 3,Model-B,121,115,95.8
2025-11-05,2025-W45,Plant Midwest,Line 3,Model-C,125,121,97.3
2025-11-05,2025-W45,Plant Southeast,Line 1,Model-A,124,118,95.5
2025-11-05,2025-W45,Plant Southeast,Line 1,Model-B,126,120,95.7
2025-11-05,2025-W45,Plant Southeast,Line 1,Model-C,125,119,95.8
2025-11-05,2025-W45,Plant Southeast,Line 2,Model-A,115,110,96.0
2025-11-05,2025-W45,Plant Southeast,Line 2,Model-B,113,107,95.3
2025-11-05,2025-W45,Plant Southeast,Line 2,Model-C,117,111,95.7
2025-11-05,2025-W45,Plant Southeast,Line 3,Model-A,115,112,97.8
2025-11-05,2025-W45,Plant Southeast,Line 3,Model-B,125,121,97.0
2025-11-05,2025-W45,Plant Southeast,Line 3,Model-C,123,119,97.0
2025-11-06,2025-W45,Plant Midwest,Line 1,Model-A,119,113,95.8
2025-11-06,2025-W45,Plant Midwest,Line 1,Model-B,118,112,95.1
2025-11-06,2025-W45,Plant Midwest,Line 1,Model-C,113,108,95.7
2025-11-06,2025-W45,Plant Midwest,Line 2,Model-A,111,107,96.6
2025-11-06,2025-W45,Plant Midwest,Line 2,Model-B,116,112,97.2
2025-11-06,2025-W45,Plant Midwest,Line 2,Model-C,127,122,96.7
2025-11-06,2025-W45,Plant Midwest,Line 3,Model-A,113,107,95.0
2025-11-06,2025-W45,Plant Midwest,Line 3,Model-B,117,112,96.2
2025-11-06,2025-W45,Plant Midwest,Line 3,Model-C,126,118,94.3
2025-11-06,2025-W45,Plant Southeast,Line 1,Model-A,120,114,95.6
2025-11-06,2025-W45,Plant Southeast,Line 1,Model-B,110,106,96.6
2025-11-06,2025-W45,Plant Southeast,Line 1,Model-C,115,111,96.8
2025-11-06,2025-W45,Plant Southeast,Line 2,Model-A,116,110,94.9
2025-11-06,2025-W45,Plant Southeast,Line 2,Model-B,128,122,95.7
2025-11-06,2025-W45,Plant Southeast,Line 2,Model-C,125,120,96.0
2025-11-06,2025-W45,Plant Southeast,Line 3,Model-A,112,108,96.8
2025-11-06,2025-W45,Plant Southeast,Line 3,Model-B,128,124,97.0
2025-11-06,2025-W45,Plant Southeast,Line 3,Model-C,113,108,96.4
2025-11-07,2025-W45,Plant Midwest,Line 1,Model-A,122,116,95.3
2025-11-07,2025-W45,Plant Midwest,Line 1,Model-B,122,118,97.0
2025-11-07,2025-W45,Plant Midwest,Line 1,Model-C,119,114,96.2
2025-11-07,2025-W45,Plant Midwest,Line 2,Model-A,127,121,95.9
2025-11-07,2025-W45,Plant Midwest,Line 2,Model-B,112,107,96.4
2025-11-07,2025-W45,Plant Midwest,Line 2,Model-C,119,110,93.2
2025-11-07,2025-W45,Plant Midwest,Line 3,Model-A,111,106,95.9
2025-11-07,2025-W45,Plant Midwest,Line 3,Model-B,112,106,95.4
2025-11-07,2025-W45,Plant Midwest,Line 3,Model-C,126,122,97.1
2025-11-07,2025-W45,Plant Southeast,Line 1,Model-A,121,119,98.7
2025-11-07,2025-W45,Plant Southeast,Line 1,Model-B,123,120,97.7
2025-11-07,2025-W45,Plant Southeast,Line 1,Model-C,124,119,96.0
2025-11-07,2025-W45,Plant Southeast,Line 2,Model-A,119,114,96.1
2025-11-07,2025-W45,Plant Southeast,Line 2,Model-B,118,113,96.4
2025-11-07,2025-W45,Plant Southeast,Line 2,Model-C,119,114,95.9
2025-11-07,2025-W45,Plant Southeast,Line 3,Model-A,126,122,96.9
2025-11-07,2025-W45,Plant Southeast,Line 3,Model-B,123,118,96.1
2025-11-07,2025-W45,Plant Southeast,Line 3,Model-C,110,105,95.7
2025-11-08,2025-W45,Plant Midwest,Line 1,Model-A,128,125,97.7
2025-11-08,2025-W45,Plant Midwest,Line 1,Model-B,122,116,95.9
2025-11-08,2025-W45,Plant Midwest,Line 1,Model-C,113,109,96.7
2025-11-08,2025-W45,Plant Midwest,Line 2,Model-A,116,111,96.3
2025-11-08,2025-W45,Plant Midwest,Line 2,Model-B,129,124,96.3
2025-11-08,2025-W45,Plant Midwest,Line 2,Model-C,126,119,94.5
2025-11-08,2025-W45,Plant Midwest,Line 3,Model-A,113,109,97.0
2025-11-08,2025-W45,Plant Midwest,Line 3,Model-B,122,116,95.8
2025-11-08,2025-W45,Plant Midwest,Line 3,Model-C,112,106,94.8
2025-11-08,2025-W45,Plant Southeast,Line 1,Model-A,123,117,95.9
2025-11-08,2025-W45,Plant Southeast,Line 1,Model-B,124,120,97.1
2025-11-08,2025-W45,Plant Southeast,Line 1,Model-C,126,120,95.9
2025-11-08,2025-W45,Plant Southeast,Line 2,Model-A,112,105,94.6
2025-11-08,2025-W45,Plant Southeast,Line 2,Model-B,127,120,95.3
2025-11-08,2025-W45,Plant Southeast,Line 2,Model-C,123,119,97.4
2025-11-08,2025-W45,Plant Southeast,Line 3,Model-A,117,110,94.5
2025-11-08,2025-W45,Plant Southeast,Line 3,Model-B,113,108,96.4
2025-11-08,2025-W45,Plant Southeast,Line 3,Model-C,117,114,97.5
2025-11-09,2025-W45,Plant Midwest,Line 1,Model-A,124,118,95.7
2025-11-09,2025-W45,Plant Midwest,Line 1,Model-B,129,124,96.7
2025-11-09,2025-W45,Plant Midwest,Line 1,Model-C,120,115,96.2
2025-11-09,2025-W45,Plant Midwest,Line 2,Model-A,125,121,96.9
2025-11-09,2025-W45,Plant Midwest,Line 2,Model-B,123,117,95.3
2025-11-09,2025-W45,Plant Midwest,Line 2,Model-C,118,113,96.2
2025-11-09,2025-W45,Plant Midwest,Line 3,Model-A,126,120,95.5
2025-11-09,2025-W45,Plant Midwest,Line 3,Model-B,122,116,95.6
2025-11-09,2025-W45,Plant Midwest,Line 3,Model-C,127,120,95.0
2025-11-09,2025-W45,Plant Southeast,Line 1,Model-A,113,108,96.2
2025-11-09,2025-W45,Plant Southeast,Line 1,Model-B,116,112,96.6
2025-11-09,2025-W45,Plant Southeast,Line 1,Model-C,123,117,95.6
2025-11-09,2025-W45,Plant Southeast,Line 2,Model-A,122,119,97.6
2025-11-09,2025-W45,Plant Southeast,Line 2,Model-B,114,109,95.9
2025-11-09,2025-W45,Plant Southeast,Line 2,Model-C,117,112,95.8
2025-11-09,2025-W45,Plant Southeast,Line 3,Model-A,115,111,96.6
2025-11-09,2025-W45,Plant Southeast,Line 3,Model-B,125,120,96.0
2025-11-09,2025-W45,Plant Southeast,Line 3,Model-C,114,111,97.5
2025-11-10,2025-W46,Plant Midwest,Line 1,Model-A,115,112,97.5
2025-11-10,2025-W46,Plant Midwest,Line 1,Model-B,120,114,95.8
2025-11-10,2025-W46,Plant Midwest,Line 1,Model-C,114,108,95.1
2025-11-10,2025-W46,Plant Midwest,Line 2,Model-A,117,114,97.5
2025-11-10,2025-W46,Plant Midwest,Line 2,Model-B,115,109,95.3
2025-11-10,2025-W46,Plant Midwest,Line 2,Model-C,119,115,96.9
2025-11-10,2025-W46,Plant Midwest,Line 3,Model-A,123,118,96.0
2025-11-10,2025-W46,Plant Midwest,Line 3,Model-B,113,109,96.6
2025-11-10,2025-W46,Plant Midwest,Line 3,Model-C,111,108,97.5
2025-11-10,2025-W46,Plant Southeast,Line 1,Model-A,113,108,96.2
2025-11-10,2025-W46,Plant Southeast,Line 1,Model-B,115,109,95.5
2025-11-10,2025-W46,Plant Southeast,Line 1,Model-C,110,105,95.6
2025-11-10,2025-W46,Plant Southeast,Line 2,Model-A,126,121,96.5
2025-11-10,2025-W46,Plant Southeast,Line 2,Model-B,118,112,95.1
2025-11-10,2025-W46,Plant Southeast,Line 2,Model-C,118,113,96.0
2025-11-10,2025-W46,Plant Southeast,Line 3,Model-A,115,110,96.5
2025-11-10,2025-W46,Plant Southeast,Line 3,Model-B,129,123,96.1
2025-11-10,2025-W46,Plant Southeast,Line 3,Model-C,126,119,94.8
2025-11-11,2025-W46,Plant Midwest,Line 1,Model-A,120,114,95.6
2025-11-11,2025-W46,Plant Midwest,Line 1,Model-B,128,122,95.7
2025-11-11,2025-W46,Plant Midwest,Line 1,Model-C,116,113,98.0
2025-11-11,2025-W46,Plant Midwest,Line 2,Model-A,116,109,94.6
2025-11-11,2025-W46,Plant Midwest,Line 2,Model-B,113,107,95.2
2025-11-11,2025-W46,Plant Midwest,Line 2,Model-C,129,122,94.9
2025-11-11,2025-W46,Plant Midwest,Line 3,Model-A,122,118,97.2
2025-11-11,2025-W46,Plant Midwest,Line 3,Model-B,117,113,97.3
2025-11-11,2025-W46,Plant Midwest,Line 3,Model-C,110,105,95.9
2025-11-11,2025-W46,Plant Southeast,Line 1,Model-A,122,117,96.2
2025-11-11,2025-W46,Plant Southeast,Line 1,Model-B,118,116,98.4
2025-11-11,2025-W46,Plant Southeast,Line 1,Model-C,110,106,96.6
2025-11-11,2025-W46,Plant Southeast,Line 2,Model-A,114,110,96.8
2025-11-11,2025-W46,Plant Southeast,Line 2,Model-B,123,118,96.1
2025-11-11,2025-W46,Plant Southeast,Line 2,Model-C,118,113,95.9
2025-11-11,2025-W46,Plant Southeast,Line 3,Model-A,123,118,96.0
2025-11-11,2025-W46,Plant Southeast,Line 3,Model-B,113,107,94.8
2025-11-11,2025-W46,Plant Southeast,Line 3,Model-C,116,110,95.7
2025-11-12,2025-W46,Plant Midwest,Line 1,Model-A,119,114,96.0
2025-11-12,2025-W46,Plant Midwest,Line 1,Model-B,113,108,96.2
2025-11-12,2025-W46,Plant Midwest,Line 1,Model-C,123,118,96.7
2025-11-12,2025-W46,Plant Midwest,Line 2,Model-A,116,111,95.9
2025-11-12,2025-W46,Plant Midwest,Line 2,Model-B,121,116,96.2
2025-11-12,2025-W46,Plant Midwest,Line 2,Model-C,119,114,95.9
2025-11-12,2025-W46,Plant Midwest,Line 3,Model-A,113,109,97.3
2025-11-12,2025-W46,Plant Midwest,Line 3,Model-B,125,121,96.9
2025-11-12,2025-W46,Plant Midwest,Line 3,Model-C,124,120,97.4
2025-11-12,2025-W46,Plant Southeast,Line 1,Model-A,127,122,96.2
2025-11-12,2025-W46,Plant Southeast,Line 1,Model-B,121,114,94.9
2025-11-12,2025-W46,Plant Southeast,Line 1,Model-C,111,105,95.2
2025-11-12,2025-W46,Plant Southeast,Line 2,Model-A,124,120,96.9
2025-11-12,2025-W46,Plant Southeast,Line 2,Model-B,125,119,95.5
2025-11-12,2025-W46,Plant Southeast,Line 2,Model-C,128,122,95.9
2025-11-12,2025-W46,Plant Southeast,Line 3,Model-A,119,115,97.3
2025-11-12,2025-W46,Plant Southeast,Line 3,Model-B,121,116,96.7
2025-11-12,2025-W46,Plant Southeast,Line 3,Model-C,118,114,96.6
2025-11-13,2025-W46,Plant Midwest,Line 1,Model-A,128,123,96.3
2025-11-13,2025-W46,Plant Midwest,Line 1,Model-B,121,117,96.9
2025-11-13,2025-W46,Plant Midwest,Line 1,Model-C,116,111,96.2
2025-11-13,2025-W46,Plant Midwest,Line 2,Model-A,122,118,97.1
2025-11-13,2025-W46,Plant Midwest,Line 2,Model-B,115,109,94.9
2025-11-13,2025-W46,Plant Midwest,Line 2,Model-C,118,112,95.2
2025-11-13,2025-W46,Plant Midwest,Line 3,Model-A,115,111,96.7
2025-11-13,2025-W46,Plant Midwest,Line 3,Model-B,118,114,97.0
2025-11-13,2025-W46,Plant Midwest,Line 3,Model-C,114,108,95.1
2025-11-13,2025-W46,Plant Southeast,Line 1,Model-A,122,117,95.9
2025-11-13,2025-W46,Plant Southeast,Line 1,Model-B,122,116,95.8
2025-11-13,2025-W46,Plant Southeast,Line 1,Model-C,127,121,95.5
2025-11-13,2025-W46,Plant Southeast,Line 2,Model-A,128,121,95.2
2025-11-13,2025-W46,Plant Southeast,Line 2,Model-B,122,117,96.4
2025-11-13,2025-W46,Plant Southeast,Line 2,Model-C,120,115,96.5
2025-11-13,2025-W46,Plant Southeast,Line 3,Model-A,126,122,97.6
2025-11-13,2025-W46,Plant Southeast,Line 3,Model-B,117,110,94.6
2025-11-13,2025-W46,Plant Southeast,Line 3,Model-C,114,110,97.0
2025-11-14,2025-W46,Plant Midwest,Line 1,Model-A,125,120,96.3
2025-11-14,2025-W46,Plant Midwest,Line 1,Model-B,129,123,95.9
2025-11-14,2025-W46,Plant Midwest,Line 1,Model-C,116,111,95.7
2025-11-14,2025-W46,Plant Midwest,Line 2,Model-A,121,115,95.5
2025-11-14,2025-W46,Plant Midwest,Line 2,Model-B,123,119,96.8
2025-11-14,2025-W46,Plant Midwest,Line 2,Model-C,122,118,96.7
2025-11-14,2025-W46,Plant Midwest,Line 3,Model-A,118,113,96.6
2025-11-14,2025-W46,Plant Midwest,Line 3,Model-B,113,108,95.9
2025-11-14,2025-W46,Plant Midwest,Line 3,Model-C,118,112,95.4
2025-11-14,2025-W46,Plant Southeast,Line 1,Model-A,115,110,95.9
2025-11-14,2025-W46,Plant Southeast,Line 1,Model-B,112,108,96.7
2025-11-14,2025-W46,Plant Southeast,Line 1,Model-C,115,110,96.0
2025-11-14,2025-W46,Plant Southeast,Line 2,Model-A,117,111,95.4
2025-11-14,2025-W46,Plant Southeast,Line 2,Model-B,111,108,98.0
2025-11-14,2025-W46,Plant Southeast,Line 2,Model-C,123,118,96.0
2025-11-14,2025-W46,Plant Southeast,Line 3,Model-A,124,118,95.9
2025-11-14,2025-W46,Plant Southeast,Line 3,Model-B,127,122,96.5
2025-11-14,2025-W46,Plant Southeast,Line 3,Model-C,126,119,94.7
2025-11-15,2025-W46,Plant Midwest,Line 1,Model-A,117,114,98.0
2025-11-15,2025-W46,Plant Midwest,Line 1,Model-B,112,108,96.5
2025-11-15,2025-W46,Plant Midwest,Line 1,Model-C,125,119,95.7
2025-11-15,2025-W46,Plant Midwest,Line 2,Model-A,122,117,95.9
2025-11-15,2025-W46,Plant Midwest,Line 2,Model-B,125,120,96.5
2025-11-15,2025-W46,Plant Midwest,Line 2,Model-C,126,121,96.6
2025-11-15,2025-W46,Plant Midwest,Line 3,Model-A,121,115,95.2
2025-11-15,2025-W46,Plant Midwest,Line 3,Model-B,124,120,97.0
2025-11-15,2025-W46,Plant Midwest,Line 3,Model-C,113,108,96.3
2025-11-15,2025-W46,Plant Southeast,Line 1,Model-A,111,105,94.8
2025-11-15,2025-W46,Plant Southeast,Line 1,Model-B,124,119,96.2
2025-11-15,2025-W46,Plant Southeast,Line 1,Model-C,129,124,96.8
2025-11-15,2025-W46,Plant Southeast,Line 2,Model-A,119,114,95.8
2025-11-15,2025-W46,Plant Southeast,Line 2,Model-B,119,113,95.4
2025-11-15,2025-W46,Plant Southeast,Line 2,Model-C,114,110,96.7
2025-11-15,2025-W46,Plant Southeast,Line 3,Model-A,119,115,96.8
2025-11-15,2025-W46,Plant Southeast,Line 3,Model-B,111,107,96.7
2025-11-15,2025-W46,Plant Southeast,Line 3,Model-C,111,108,97.4
2025-11-16,2025-W46,Plant Midwest,Line 1,Model-A,123,118,96.1
2025-11-16,2025-W46,Plant Midwest,Line 1,Model-B,129,123,95.6
2025-11-16,2025-W46,Plant Midwest,Line 1,Model-C,111,107,97.2
2025-11-16,2025-W46,Plant Midwest,Line 2,Model-A,128,123,96.2
2025-11-16,2025-W46,Plant Midwest,Line 2,Model-B,113,110,97.6
2025-11-16,2025-W46,Plant Midwest,Line 2,Model-C,116,112,96.9
2025-11-16,2025-W46,Plant Midwest,Line 3,Model-A,126,121,96.3
2025-11-16,2025-W46,Plant Midwest,Line 3,Model-B,124,120,97.0
2025-11-16,2025-W46,Plant Midwest,Line 3,Model-C,123,117,95.3
2025-11-16,2025-W46,Plant Southeast,Line 1,Model-A,116,112,97.1
2025-11-16,2025-W46,Plant Southeast,Line 1,Model-B,112,107,95.9
2025-11-16,2025-W46,Plant Southeast,Line 1,Model-C,115,108,94.6
2025-11-16,2025-W46,Plant Southeast,Line 2,Model-A,126,121,96.1
2025-11-16,2025-W46,Plant Southeast,Line 2,Model-B,117,113,96.7
2025-11-16,2025-W46,Plant Southeast,Line 2,Model-C,116,110,95.0
2025-11-16,2025-W46,Plant Southeast,Line 3,Model-A,114,108,95.3
2025-11-16,2025-W46,Plant Southeast,Line 3,Model-B,125,119,95.8
2025-11-16,2025-W46,Plant Southeast,Line 3,Model-C,123,120,98.1
2025-11-17,2025-W47,Plant Midwest,Line 1,Model-A,118,113,96.1
2025-11-17,2025-W47,Plant Midwest,Line 1,Model-B,113,109,96.7
2025-11-17,2025-W47,Plant Midwest,Line 1,Model-C,125,121,96.8
2025-11-17,2025-W47,Plant Midwest,Line 2,Model-A,126,122,97.0
2025-11-17,2025-W47,Plant Midwest,Line 2,Model-B,117,112,95.8
2025-11-17,2025-W47,Plant Midwest,Line 2,Model-C,120,115,96.2
2025-11-17,2025-W47,Plant Midwest,Line 3,Model-A,115,111,96.6
2025-11-17,2025-W47,Plant Midwest,Line 3,Model-B,119,114,96.1
2025-11-17,2025-W47,Plant Midwest,Line 3,Model-C,117,112,96.3
2025-11-17,2025-W47,Plant Southeast,Line 1,Model-A,111,107,96.7
2025-11-17,2025-W47,Plant Southeast,Line 1,Model-B,125,121,97.2
2025-11-17,2025-W47,Plant Southeast,Line 1,Model-C,126,122,97.1
2025-11-17,2025-W47,Plant Southeast,Line 2,Model-A,111,107,96.4
2025-11-17,2025-W47,Plant Southeast,Line 2,Model-B,128,123,96.8
2025-11-17,2025-W47,Plant Southeast,Line 2,Model-C,120,116,97.0
2025-11-17,2025-W47,Plant Southeast,Line 3,Model-A,122,116,95.6
2025-11-17,2025-W47,Plant Southeast,Line 3,Model-B,117,112,96.4
2025-11-17,2025-W47,Plant Southeast,Line 3,Model-C,110,105,96.2
2025-11-18,2025-W47,Plant Midwest,Line 1,Model-A,112,108,96.9
2025-11-18,2025-W47,Plant Midwest,Line 1,Model-B,120,114,95.0
2025-11-18,2025-W47,Plant Midwest,Line 1,Model-C,123,118,96.1
2025-11-18,2025-W47,Plant Midwest,Line 2,Model-A,114,110,97.3
2025-11-18,2025-W47,Plant Midwest,Line 2,Model-B,114,108,95.3
2025-11-18,2025-W47,Plant Midwest,Line 2,Model-C,122,117,96.2
2025-11-18,2025-W47,Plant Midwest,Line 3,Model-A,125,121,97.6
2025-11-18,2025-W47,Plant Midwest,Line 3,Model-B,127,122,96.4
2025-11-18,2025-W47,Plant Midwest,Line 3,Model-C,117,112,95.9
2025-11-18,2025-W47,Plant Southeast,Line 1,Model-A,125,122,97.7
2025-11-18,2025-W47,Plant Southeast,Line 1,Model-B,129,124,96.2
2025-11-18,2025-W47,Plant Southeast,Line 1,Model-C,124,120,97.5
2025-11-18,2025-W47,Plant Southeast,Line 2,Model-A,128,122,96.0
2025-11-18,2025-W47,Plant Southeast,Line 2,Model-B,128,122,95.7
2025-11-18,2025-W47,Plant Southeast,Line 2,Model-C,116,111,96.0
2025-11-18,2025-W47,Plant Southeast,Line 3,Model-A,112,106,95.1
2025-11-18,2025-W47,Plant Southeast,Line 3,Model-B,124,119,96.2
2025-11-18,2025-W47,Plant Southeast,Line 3,Model-C,124,119,96.5
2025-11-19,2025-W47,Plant Midwest,Line 1,Model-A,124,118,95.8
2025-11-19,2025-W47,Plant Midwest,Line 1,Model-B,115,111,97.4
2025-11-19,2025-W47,Plant Midwest,Line 1,Model-C,123,117,95.7
2025-11-19,2025-W47,Plant Midwest,Line 2,Model-A,126,121,96.3
2025-11-19,2025-W47,Plant Midwest,Line 2,Model-B,125,119,95.8
2025-11-19,2025-W47,Plant Midwest,Line 2,Model-C,121,115,95.8
2025-11-19,2025-W47,Plant Midwest,Line 3,Model-A,118,112,94.9
2025-11-19,2025-W47,Plant Midwest,Line 3,Model-B,126,120,95.8
2025-11-19,2025-W47,Plant Midwest,Line 3,Model-C,126,121,96.4
2025-11-19,2025-W47,Plant Southeast,Line 1,Model-A,111,105,94.8
2025-11-19,2025-W47,Plant Southeast,Line 1,Model-B,117,111,95.4
2025-11-19,2025-W47,Plant Southeast,Line 1,Model-C,129,124,96.8
2025-11-19,2025-W47,Plant Southeast,Line 2,Model-A,118,114,97.1
2025-11-19,2025-W47,Plant Southeast,Line 2,Model-B,123,119,97.4
2025-11-19,2025-W47,Plant Southeast,Line 2,Model-C,126,119,94.8
2025-11-19,2025-W47,Plant Southeast,Line 3,Model-A,124,119,96.6
2025-11-19,2025-W47,Plant Southeast,Line 3,Model-B,123,119,96.8
2025-11-19,2025-W47,Plant Southeast,Line 3,Model-C,115,109,95.3
2025-11-20,2025-W47,Plant Midwest,Line 1,Model-A,117,113,97.1
2025-11-20,2025-W47,Plant Midwest,Line 1,Model-B,120,116,97.3
2025-11-20,2025-W47,Plant Midwest,Line 1,Model-C,124,119,96.2
2025-11-20,2025-W47,Plant Midwest,Line 2,Model-A,123,119,97.3
2025-11-20,2025-W47,Plant Midwest,Line 2,Model-B,115,109,95.5
2025-11-20,2025-W47,Plant Midwest,Line 2,Model-C,127,124,97.8
2025-11-20,2025-W47,Plant Midwest,Line 3,Model-A,118,112,95.4
2025-11-20,2025-W47,Plant Midwest,Line 3,Model-B,121,116,96.1
2025-11-20,2025-W47,Plant Midwest,Line 3,Model-C,113,109,97.1
2025-11-20,2025-W47,Plant Southeast,Line 1,Model-A,123,118,96.5
2025-11-20,2025-W47,Plant Southeast,Line 1,Model-B,116,111,96.2
2025-11-20,2025-W47,Plant Southeast,Line 1,Model-C,114,109,95.8
2025-11-20,2025-W47,Plant Southeast,Line 2,Model-A,121,115,95.7
2025-11-20,2025-W47,Plant Southeast,Line 2,Model-B,127,121,96.0
2025-11-20,2025-W47,Plant Southeast,Line 2,Model-C,129,125,96.9
2025-11-20,2025-W47,Plant Southeast,Line 3,Model-A,124,119,96.0
2025-11-20,2025-W47,Plant Southeast,Line 3,Model-B,115,107,93.5
2025-11-20,2025-W47,Plant Southeast,Line 3,Model-C,125,118,94.7
2025-11-21,2025-W47,Plant Midwest,Line 1,Model-A,125,119,95.4
2025-11-21,2025-W47,Plant Midwest,Line 1,Model-B,112,107,96.0
2025-11-21,2025-W47,Plant Midwest,Line 1,Model-C,129,124,96.6
2025-11-21,2025-W47,Plant Midwest,Line 2,Model-A,128,123,96.6
2025-11-21,2025-W47,Plant Midwest,Line 2,Model-B,125,119,95.8
2025-11-21,2025-W47,Plant Midwest,Line 2,Model-C,126,121,96.2
2025-11-21,2025-W47,Plant Midwest,Line 3,Model-A,129,122,95.2
2025-11-21,2025-W47,Plant Midwest,Line 3,Model-B,117,110,94.5
2025-11-21,2025-W47,Plant Midwest,Line 3,Model-C,111,104,94.1
2025-11-21,2025-W47,Plant Southeast,Line 1,Model-A,128,122,95.5
2025-11-21,2025-W47,Plant Southeast,Line 1,Model-B,124,118,95.9
2025-11-21,2025-W47,Plant Southeast,Line 1,Model-C,117,113,97.4
2025-11-21,2025-W47,Plant Southeast,Line 2,Model-A,115,111,96.9
2025-11-21,2025-W47,Plant Southeast,Line 2,Model-B,116,112,97.1
2025-11-21,2025-W47,Plant Southeast,Line 2,Model-C,119,112,95.0
2025-11-21,2025-W47,Plant Southeast,Line 3,Model-A,117,111,95.1
2025-11-21,2025-W47,Plant Southeast,Line 3,Model-B,116,112,97.2
2025-11-21,2025-W47,Plant Southeast,Line 3,Model-C,113,108,96.2
2025-11-22,2025-W47,Plant Midwest,Line 1,Model-A,118,115,97.8
2025-11-22,2025-W47,Plant Midwest,Line 1,Model-B,129,124,96.4
2025-11-22,2025-W47,Plant Midwest,Line 1,Model-C,125,121,97.5
2025-11-22,2025-W47,Plant Midwest,Line 2,Model-A,128,122,96.0
2025-11-22,2025-W47,Plant Midwest,Line 2,Model-B,128,123,96.8
2025-11-22,2025-W47,Plant Midwest,Line 2,Model-C,117,114,97.5
2025-11-22,2025-W47,Plant Midwest,Line 3,Model-A,129,123,96.0
2025-11-22,2025-W47,Plant Midwest,Line 3,Model-B,129,125,97.1
2025-11-22,2025-W47,Plant Midwest,Line 3,Model-C,118,114,96.9
2025-11-22,2025-W47,Plant Southeast,Line 1,Model-A,124,120,97.3
2025-11-22,2025-W47,Plant Southeast,Line 1,Model-B,129,124,96.3
2025-11-22,2025-W47,Plant Southeast,Line 1,Model-C,122,116,95.4
2025-11-22,2025-W47,Plant Southeast,Line 2,Model-A,115,109,95.2
2025-11-22,2025-W47,Plant Southeast,Line 2,Model-B,127,122,96.2
2025-11-22,2025-W47,Plant Southeast,Line 2,Model-C,124,120,97.1
2025-11-22,2025-W47,Plant Southeast,Line 3,Model-A,122,118,96.9
2025-11-22,2025-W47,Plant Southeast,Line 3,Model-B,117,112,96.2
2025-11-22,2025-W47,Plant Southeast,Line 3,Model-C,118,113,95.9
2025-11-23,2025-W47,Plant Midwest,Line 1,Model-A,126,120,95.7
2025-11-23,2025-W47,Plant Midwest,Line 1,Model-B,121,116,96.7
2025-11-23,2025-W47,Plant Midwest,Line 1,Model-C,129,121,94.5
2025-11-23,2025-W47,Plant Midwest,Line 2,Model-A,124,119,96.3
2025-11-23,2025-W47,Plant Midwest,Line 2,Model-B,112,108,96.5
2025-11-23,2025-W47,Plant Midwest,Line 2,Model-C,128,124,97.3
2025-11-23,2025-W47,Plant Midwest,Line 3,Model-A,127,121,96.0
2025-11-23,2025-W47,Plant Midwest,Line 3,Model-B,116,111,96.2
2025-11-23,2025-W47,Plant Midwest,Line 3,Model-C,121,116,96.2
2025-11-23,2025-W47,Plant Southeast,Line 1,Model-A,120,113,94.8
2025-11-23,2025-W47,Plant Southeast,Line 1,Model-B,113,108,96.3
2025-11-23,2025-W47,Plant Southeast,Line 1,Model-C,118,115,97.6
2025-11-23,2025-W47,Plant Southeast,Line 2,Model-A,129,123,95.9
2025-11-23,2025-W47,Plant Southeast,Line 2,Model-B,118,113,96.4
2025-11-23,2025-W47,Plant Southeast,Line 2,Model-C,111,105,95.4
2025-11-23,2025-W47,Plant Southeast,Line 3,Model-A,121,117,96.9
2025-11-23,2025-W47,Plant Southeast,Line 3,Model-B,119,114,96.4
2025-11-23,2025-W47,Plant Southeast,Line 3,Model-C,123,118,96.7
2025-11-24,2025-W48,Plant Midwest,Line 1,Model-A,120,114,95.6
2025-11-24,2025-W48,Plant Midwest,Line 1,Model-B,122,116,95.5
2025-11-24,2025-W48,Plant Midwest,Line 1,Model-C,116,113,97.7
2025-11-24,2025-W48,Plant Midwest,Line 2,Model-A,120,115,96.3
2025-11-24,2025-W48,Plant Midwest,Line 2,Model-B,115,111,97.1
2025-11-24,2025-W48,Plant Midwest,Line 2,Model-C,119,114,95.8
2025-11-24,2025-W48,Plant Midwest,Line 3,Model-A,128,123,96.2
2025-11-24,2025-W48,Plant Midwest,Line 3,Model-B,129,124,96.9
2025-11-24,2025-W48,Plant Midwest,Line 3,Model-C,126,120,95.8
2025-11-24,2025-W48,Plant Southeast,Line 1,Model-A,125,121,97.1
2025-11-24,2025-W48,Plant Southeast,Line 1,Model-B,124,120,97.5
2025-11-24,2025-W48,Plant Southeast,Line 1,Model-C,122,117,96.0
2025-11-24,2025-W48,Plant Southeast,Line 2,Model-A,110,105,96.1
2025-11-24,2025-W48,Plant Southeast,Line 2,Model-B,129,123,95.5
2025-11-24,2025-W48,Plant Southeast,Line 2,Model-C,123,118,96.3
2025-11-24,2025-W48,Plant Southeast,Line 3,Model-A,115,109,95.3
2025-11-24,2025-W48,Plant Southeast,Line 3,Model-B,120,116,97.1
2025-11-24,2025-W48,Plant Southeast,Line 3,Model-C,111,105,95.3
2025-11-25,2025-W48,Plant Midwest,Line 1,Model-A,112,107,96.4
2025-11-25,2025-W48,Plant Midwest,Line 1,Model-B,115,111,97.4
2025-11-25,2025-W48,Plant Midwest,Line 1,Model-C,116,112,96.8
2025-11-25,2025-W48,Plant Midwest,Line 2,Model-A,112,108,96.7
2025-11-25,2025-W48,Plant Midwest,Line 2,Model-B,115,110,96.4
2025-11-25,2025-W48,Plant Midwest,Line 2,Model-C,118,113,95.9
2025-11-25,2025-W48,Plant Midwest,Line 3,Model-A,127,121,95.4
2025-11-25,2025-W48,Plant Midwest,Line 3,Model-B,127,124,97.7
2025-11-25,2025-W48,Plant Midwest,Line 3,Model-C,118,114,96.7
2025-11-25,2025-W48,Plant Southeast,Line 1,Model-A,111,106,96.1
2025-11-25,2025-W48,Plant Southeast,Line 1,Model-B,117,113,96.8
2025-11-25,2025-W48,Plant Southeast,Line 1,Model-C,122,116,95.4
2025-11-25,2025-W48,Plant Southeast,Line 2,Model-A,126,120,95.8
2025-11-25,2025-W48,Plant Southeast,Line 2,Model-B,115,109,95.0
2025-11-25,2025-W48,Plant Southeast,Line 2,Model-C,116,112,96.6
2025-11-25,2025-W48,Plant Southeast,Line 3,Model-A,127,120,94.7
2025-11-25,2025-W48,Plant Southeast,Line 3,Model-B,122,117,96.4
2025-11-25,2025-W48,Plant Southeast,Line 3,Model-C,124,118,95.8
2025-11-26,2025-W48,Plant Midwest,Line 1,Model-A,121,115,95.6
2025-11-26,2025-W48,Plant Midwest,Line 1,Model-B,115,111,96.8
2025-11-26,2025-W48,Plant Midwest,Line 1,Model-C,121,117,96.9
2025-11-26,2025-W48,Plant Midwest,Line 2,Model-A,115,110,95.9
2025-11-26,2025-W48,Plant Midwest,Line 2,Model-B,118,113,96.5
2025-11-26,2025-W48,Plant Midwest,Line 2,Model-C,126,120,95.6
2025-11-26,2025-W48,Plant Midwest,Line 3,Model-A,111,106,95.9
2025-11-26,2025-W48,Plant Midwest,Line 3,Model-B,117,112,96.6
2025-11-26,2025-W48,Plant Midwest,Line 3,Model-C,123,121,98.8
2025-11-26,2025-W48,Plant Southeast,Line 1,Model-A,110,105,95.6
2025-11-26,2025-W48,Plant Southeast,Line 1,Model-B,129,123,95.6
2025-11-26,2025-W48,Plant Southeast,Line 1,Model-C,115,110,96.1
2025-11-26,2025-W48,Plant Southeast,Line 2,Model-A,117,112,96.4
2025-11-26,2025-W48,Plant Southeast,Line 2,Model-B,128,122,95.6
2025-11-26,2025-W48,Plant Southeast,Line 2,Model-C,116,111,95.8
2025-11-26,2025-W48,Plant Southeast,Line 3,Model-A,123,119,97.3
2025-11-26,2025-W48,Plant Southeast,Line 3,Model-B,115,108,94.6
2025-11-26,2025-W48,Plant Southeast,Line 3,Model-C,113,108,95.7
2025-11-27,2025-W48,Plant Midwest,Line 1,Model-A,115,110,96.0
2025-11-27,2025-W48,Plant Midwest,Line 1,Model-B,110,106,96.4
2025-11-27,2025-W48,Plant Midwest,Line 1,Model-C,115,107,93.6
2025-11-27,2025-W48,Plant Midwest,Line 2,Model-A,112,108,96.4
2025-11-27,2025-W48,Plant Midwest,Line 2,Model-B,120,114,95.1
2025-11-27,2025-W48,Plant Midwest,Line 2,Model-C,113,108,96.2
2025-11-27,2025-W48,Plant Midwest,Line 3,Model-A,128,123,96.7
2025-11-27,2025-W48,Plant Midwest,Line 3,Model-B,119,115,96.7
2025-11-27,2025-W48,Plant Midwest,Line 3,Model-C,125,118,94.7
2025-11-27,2025-W48,Plant Southeast,Line 1,Model-A,124,118,95.5
2025-11-27,2025-W48,Plant Southeast,Line 1,Model-B,112,107,96.0
2025-11-27,2025-W48,Plant Southeast,Line 1,Model-C,121,116,96.4
2025-11-27,2025-W48,Plant Southeast,Line 2,Model-A,114,110,97.3
2025-11-27,2025-W48,Plant Southeast,Line 2,Model-B,117,112,96.2
2025-11-27,2025-W48,Plant Southeast,Line 2,Model-C,121,118,98.0
2025-11-27,2025-W48,Plant Southeast,Line 3,Model-A,110,105,96.3
2025-11-27,2025-W48,Plant Southeast,Line 3,Model-B,115,109,95.6
2025-11-27,2025-W48,Plant Southeast,Line 3,Model-C,126,120,95.8
2025-11-28,2025-W48,Plant Midwest,Line 1,Model-A,111,107,97.2
2025-11-28,2025-W48,Plant Midwest,Line 1,Model-B,120,115,95.9
2025-11-28,2025-W48,Plant Midwest,Line 1,Model-C,127,122,96.4
2025-11-28,2025-W48,Plant Midwest,Line 2,Model-A,116,111,96.0
2025-11-28,2025-W48,Plant Midwest,Line 2,Model-B,129,123,95.5
2025-11-28,2025-W48,Plant Midwest,Line 2,Model-C,122,116,95.7
2025-11-28,2025-W48,Plant Midwest,Line 3,Model-A,111,105,95.3
2025-11-28,2025-W48,Plant Midwest,Line 3,Model-B,113,108,95.9
2025-11-28,2025-W48,Plant Midwest,Line 3,Model-C,115,110,96.0
2025-11-28,2025-W48,Plant Southeast,Line 1,Model-A,113,107,95.1
2025-11-28,2025-W48,Plant Southeast,Line 1,Model-B,119,115,97.1
2025-11-28,2025-W48,Plant Southeast,Line 1,Model-C,115,110,95.7
2025-11-28,2025-W48,Plant Southeast,Line 2,Model-A,129,124,96.7
2025-11-28,2025-W48,Plant Southeast,Line 2,Model-B,113,109,96.6
2025-11-28,2025-W48,Plant Southeast,Line 2,Model-C,114,110,96.7
2025-11-28,2025-W48,Plant Southeast,Line 3,Model-A,125,119,95.9
2025-11-28,2025-W48,Plant Southeast,Line 3,Model-B,123,119,96.9
2025-11-28,2025-W48,Plant Southeast,Line 3,Model-C,123,118,96.2
2025-11-29,2025-W48,Plant Midwest,Line 1,Model-A,116,110,95.3
2025-11-29,2025-W48,Plant Midwest,Line 1,Model-B,125,120,96.0
2025-11-29,2025-W48,Plant Midwest,Line 1,Model-C,115,109,95.0
2025-11-29,2025-W48,Plant Midwest,Line 2,Model-A,117,113,97.2
2025-11-29,2025-W48,Plant Midwest,Line 2,Model-B,116,113,97.5
2025-11-29,2025-W48,Plant Midwest,Line 2,Model-C,118,112,95.4
2025-11-29,2025-W48,Plant Midwest,Line 3,Model-A,124,117,94.9
2025-11-29,2025-W48,Plant Midwest,Line 3,Model-B,115,110,96.0
2025-11-29,2025-W48,Plant Midwest,Line 3,Model-C,118,113,96.0
2025-11-29,2025-W48,Plant Southeast,Line 1,Model-A,114,108,95.2
2025-11-29,2025-W48,Plant Southeast,Line 1,Model-B,123,120,97.7
2025-11-29,2025-W48,Plant Southeast,Line 1,Model-C,124,119,96.4
2025-11-29,2025-W48,Plant Southeast,Line 2,Model-A,117,113,97.1
2025-11-29,2025-W48,Plant Southeast,Line 2,Model-B,111,106,95.8
2025-11-29,2025-W48,Plant Southeast,Line 2,Model-C,123,119,97.1
2025-11-29,2025-W48,Plant Southeast,Line 3,Model-A,128,123,96.4
2025-11-29,2025-W48,Plant Southeast,Line 3,Model-B,128,124,96.9
2025-11-29,2025-W48,Plant Southeast,Line 3,Model-C,128,123,96.1
2025-11-30,2025-W48,Plant Midwest,Line 1,Model-A,125,118,95.2
2025-11-30,2025-W48,Plant Midwest,Line 1,Model-B,128,122,95.6
2025-11-30,2025-W48,Plant Midwest,Line 1,Model-C,116,110,95.6
2025-11-30,2025-W48,Plant Midwest,Line 2,Model-A,126,122,96.8
2025-11-30,2025-W48,Plant Midwest,Line 2,Model-B,120,115,96.3
2025-11-30,2025-W48,Plant Midwest,Line 2,Model-C,127,123,97.3
2025-11-30,2025-W48,Plant Midwest,Line 3,Model-A,119,115,97.5
2025-11-30,2025-W48,Plant Midwest,Line 3,Model-B,124,120,96.8
2025-11-30,2025-W48,Plant Midwest,Line 3,Model-C,111,105,94.9
2025-11-30,2025-W48,Plant Southeast,Line 1,Model-A,126,121,96.8
2025-11-30,2025-W48,Plant Southeast,Line 1,Model-B,113,109,97.0
2025-11-30,2025-W48,Plant Southeast,Line 1,Model-C,118,112,95.7
2025-11-30,2025-W48,Plant Southeast,Line 2,Model-A,123,120,97.7
2025-11-30,2025-W48,Plant Southeast,Line 2,Model-B,126,121,96.3
2025-11-30,2025-W48,Plant Southeast,Line 2,Model-C,122,119,97.8
2025-11-30,2025-W48,Plant Southeast,Line 3,Model-A,110,105,95.6
2025-11-30,2025-W48,Plant Southeast,Line 3,Model-B,114,110,96.8
2025-11-30,2025-W48,Plant Southeast,Line 3,Model-C,122,119,98.0
2025-12-01,2025-W49,Plant Midwest,Line 1,Model-A,117,112,96.4
2025-12-01,2025-W49,Plant Midwest,Line 1,Model-B,121,116,96.4
2025-12-01,2025-W49,Plant Midwest,Line 1,Model-C,115,111,96.9
2025-12-01,2025-W49,Plant Midwest,Line 2,Model-A,124,120,96.8
2025-12-01,2025-W49,Plant Midwest,Line 2,Model-B,127,122,96.3
2025-12-01,2025-W49,Plant Midwest,Line 2,Model-C,126,120,95.7
2025-12-01,2025-W49,Plant Midwest,Line 3,Model-A,118,113,96.3
2025-12-01,2025-W49,Plant Midwest,Line 3,Model-B,114,108,95.5
2025-12-01,2025-W49,Plant Midwest,Line 3,Model-C,115,110,95.8
2025-12-01,2025-W49,Plant Southeast,Line 1,Model-A,112,106,95.5
2025-12-01,2025-W49,Plant Southeast,Line 1,Model-B,118,112,95.5
2025-12-01,2025-W49,Plant Southeast,Line 1,Model-C,123,117,95.8
2025-12-01,2025-W49,Plant Southeast,Line 2,Model-A,129,122,95.3
2025-12-01,2025-W49,Plant Southeast,Line 2,Model-B,116,111,96.1
2025-12-01,2025-W49,Plant Southeast,Line 2,Model-C,113,107,95.4
2025-12-01,2025-W49,Plant Southeast,Line 3,Model-A,111,106,96.2
2025-12-01,2025-W49,Plant Southeast,Line 3,Model-B,110,105,96.1
2025-12-01,2025-W49,Plant Southeast,Line 3,Model-C,122,117,96.0
2025-12-02,2025-W49,Plant Midwest,Line 1,Model-A,118,114,96.8
2025-12-02,2025-W49,Plant Midwest,Line 1,Model-B,124,119,96.6
2025-12-02,2025-W49,Plant Midwest,Line 1,Model-C,122,117,96.3
2025-12-02,2025-W49,Plant Midwest,Line 2,Model-A,111,107,96.8
2025-12-02,2025-W49,Plant Midwest,Line 2,Model-B,123,116,95.1
2025-12-02,2025-W49,Plant Midwest,Line 2,Model-C,113,108,96.1
2025-12-02,2025-W49,Plant Midwest,Line 3,Model-A,123,120,97.8
2025-12-02,2025-W49,Plant Midwest,Line 3,Model-B,121,115,95.7
2025-12-02,2025-W49,Plant Midwest,Line 3,Model-C,125,119,95.5
2025-12-02,2025-W49,Plant Southeast,Line 1,Model-A,121,115,95.7
2025-12-02,2025-W49,Plant Southeast,Line 1,Model-B,116,111,96.0
2025-12-02,2025-W49,Plant Southeast,Line 1,Model-C,121,118,97.8
2025-12-02,2025-W49,Plant Southeast,Line 2,Model-A,126,120,95.3
2025-12-02,2025-W49,Plant Southeast,Line 2,Model-B,124,118,95.6
2025-12-02,2025-W49,Plant Southeast,Line 2,Model-C,116,114,98.4
2025-12-02,2025-W49,Plant Southeast,Line 3,Model-A,114,108,95.6
2025-12-02,2025-W49,Plant Southeast,Line 3,Model-B,112,107,96.1
2025-12-02,2025-W49,Plant Southeast,Line 3,Model-C,122,119,98.0
2025-12-03,2025-W49,Plant Midwest,Line 1,Model-A,129,123,95.9
2025-12-03,2025-W49,Plant Midwest,Line 1,Model-B,117,112,96.3
2025-12-03,2025-W49,Plant Midwest,Line 1,Model-C,122,116,95.2
2025-12-03,2025-W49,Plant Midwest,Line 2,Model-A,111,105,95.3
2025-12-03,2025-W49,Plant Midwest,Line 2,Model-B,120,116,96.9
2025-12-03,2025-W49,Plant Midwest,Line 2,Model-C,124,119,96.5
2025-12-03,2025-W49,Plant Midwest,Line 3,Model-A,123,118,96.3
2025-12-03,2025-W49,Plant Midwest,Line 3,Model-B,128,124,97.1
2025-12-03,2025-W49,Plant Midwest,Line 3,Model-C,118,112,95.3
2025-12-03,2025-W49,Plant Southeast,Line 1,Model-A,129,122,94.9
2025-12-03,2025-W49,Plant Southeast,Line 1,Model-B,113,108,96.0
2025-12-03,2025-W49,Plant Southeast,Line 1,Model-C,117,112,96.2
2025-12-03,2025-W49,Plant Southeast,Line 2,Model-A,125,120,96.1
2025-12-03,2025-W49,Plant Southeast,Line 2,Model-B,126,120,95.9
2025-12-03,2025-W49,Plant Southeast,Line 2,Model-C,121,118,98.3
2025-12-03,2025-W49,Plant Southeast,Line 3,Model-A,124,120,97.2
2025-12-03,2025-W49,Plant Southeast,Line 3,Model-B,114,110,97.1
2025-12-03,2025-W49,Plant Southeast,Line 3,Model-C,129,122,95.3
2025-12-04,2025-W49,Plant Midwest,Line 1,Model-A,118,113,96.3
2025-12-04,2025-W49,Plant Midwest,Line 1,Model-B,113,109,96.5
2025-12-04,2025-W49,Plant Midwest,Line 1,Model-C,124,118,96.0
2025-12-04,2025-W49,Plant Midwest,Line 2,Model-A,110,104,95.2
2025-12-04,2025-W49,Plant Midwest,Line 2,Model-B,117,112,96.4
2025-12-04,2025-W49,Plant Midwest,Line 2,Model-C,127,120,94.9
2025-12-04,2025-W49,Plant Midwest,Line 3,Model-A,118,111,94.2
2025-12-04,2025-W49,Plant Midwest,Line 3,Model-B,114,108,94.8
2025-12-04,2025-W49,Plant Midwest,Line 3,Model-C,111,105,95.1
2025-12-04,2025-W49,Plant Southeast,Line 1,Model-A,116,110,95.3
2025-12-04,2025-W49,Plant Southeast,Line 1,Model-B,114,108,95.2
2025-12-04,2025-W49,Plant Southeast,Line 1,Model-C,124,119,96.5
2025-12-04,2025-W49,Plant Southeast,Line 2,Model-A,119,115,97.0
2025-12-04,2025-W49,Plant Southeast,Line 2,Model-B,123,117,95.5
2025-12-04,2025-W49,Plant Southeast,Line 2,Model-C,119,114,96.3
2025-12-04,2025-W49,Plant Southeast,Line 3,Model-A,125,122,97.6
2025-12-04,2025-W49,Plant Southeast,Line 3,Model-B,122,119,97.7
2025-12-04,2025-W49,Plant Southeast,Line 3,Model-C,119,113,95.4
2025-12-05,2025-W49,Plant Midwest,Line 1,Model-A,118,112,95.4
2025-12-05,2025-W49,Plant Midwest,Line 1,Model-B,118,111,94.3
2025-12-05,2025-W49,Plant Midwest,Line 1,Model-C,126,121,96.6
2025-12-05,2025-W49,Plant Midwest,Line 2,Model-A,129,124,96.5
2025-12-05,2025-W49,Plant Midwest,Line 2,Model-B,121,115,95.7
2025-12-05,2025-W49,Plant Midwest,Line 2,Model-C,118,112,95.5
2025-12-05,2025-W49,Plant Midwest,Line 3,Model-A,122,118,96.9
2025-12-05,2025-W49,Plant Midwest,Line 3,Model-B,126,120,95.5
2025-12-05,2025-W49,Plant Midwest,Line 3,Model-C,125,119,95.9
2025-12-05,2025-W49,Plant Southeast,Line 1,Model-A,126,119,94.7
2025-12-05,2025-W49,Plant Southeast,Line 1,Model-B,122,116,95.7
2025-12-05,2025-W49,Plant Southeast,Line 1,Model-C,119,115,96.8
2025-12-05,2025-W49,Plant Southeast,Line 2,Model-A,111,106,96.3
2025-12-05,2025-W49,Plant Southeast,Line 2,Model-B,121,116,96.4
2025-12-05,2025-W49,Plant Southeast,Line 2,Model-C,123,117,95.3
2025-12-05,2025-W49,Plant Southeast,Line 3,Model-A,127,121,95.8
2025-12-05,2025-W49,Plant Southeast,Line 3,Model-B,112,107,96.4
2025-12-05,2025-W49,Plant Southeast,Line 3,Model-C,116,110,95.5
2025-12-06,2025-W49,Plant Midwest,Line 1,Model-A,123,120,97.8
2025-12-06,2025-W49,Plant Midwest,Line 1,Model-B,117,113,96.6
2025-12-06,2025-W49,Plant Midwest,Line 1,Model-C,127,120,94.8
2025-12-06,2025-W49,Plant Midwest,Line 2,Model-A,115,111,96.6
2025-12-06,2025-W49,Plant Midwest,Line 2,Model-B,127,122,96.8
2025-12-06,2025-W49,Plant Midwest,Line 2,Model-C,110,104,95.3
2025-12-06,2025-W49,Plant Midwest,Line 3,Model-A,119,115,97.0
2025-12-06,2025-W49,Plant Midwest,Line 3,Model-B,111,106,96.2
2025-12-06,2025-W49,Plant Midwest,Line 3,Model-C,117,112,96.5
2025-12-06,2025-W49,Plant Southeast,Line 1,Model-A,116,111,96.2
2025-12-06,2025-W49,Plant Southeast,Line 1,Model-B,118,113,96.3
2025-12-06,2025-W49,Plant Southeast,Line 1,Model-C,120,115,95.9
2025-12-06,2025-W49,Plant Southeast,Line 2,Model-A,127,120,95.2
2025-12-06,2025-W49,Plant Southeast,Line 2,Model-B,120,114,95.7
2025-12-06,2025-W49,Plant Southeast,Line 2,Model-C,129,123,95.7
2025-12-06,2025-W49,Plant Southeast,Line 3,Model-A,129,123,95.7
2025-12-06,2025-W49,Plant Southeast,Line 3,Model-B,110,105,96.3
2025-12-06,2025-W49,Plant Southeast,Line 3,Model-C,117,111,95.0
2025-12-07,2025-W49,Plant Midwest,Line 1,Model-A,128,123,96.2
2025-12-07,2025-W49,Plant Midwest,Line 1,Model-B,119,113,95.2
2025-12-07,2025-W49,Plant Midwest,Line 1,Model-C,119,116,97.8
2025-12-07,2025-W49,Plant Midwest,Line 2,Model-A,110,106,96.8
2025-12-07,2025-W49,Plant Midwest,Line 2,Model-B,126,120,95.3
2025-12-07,2025-W49,Plant Midwest,Line 2,Model-C,123,118,96.6
2025-12-07,2025-W49,Plant Midwest,Line 3,Model-A,128,124,97.2
2025-12-07,2025-W49,Plant Midwest,Line 3,Model-B,117,111,95.4
2025-12-07,2025-W49,Plant Midwest,Line 3,Model-C,118,112,95.4
2025-12-07,2025-W49,Plant Southeast,Line 1,Model-A,128,123,96.8
2025-12-07,2025-W49,Plant Southeast,Line 1,Model-B,116,110,95.5
2025-12-07,2025-W49,Plant Southeast,Line 1,Model-C,115,110,96.5
2025-12-07,2025-W49,Plant Southeast,Line 2,Model-A,111,106,95.6
2025-12-07,2025-W49,Plant Southeast,Line 2,Model-B,114,111,98.1
2025-12-07,2025-W49,Plant Southeast,Line 2,Model-C,114,110,96.9
2025-12-07,2025-W49,Plant Southeast,Line 3,Model-A,125,119,95.2
2025-12-07,2025-W49,Plant Southeast,Line 3,Model-B,129,123,95.7
2025-12-07,2025-W49,Plant Southeast,Line 3,Model-C,111,107,96.7
2025-12-08,2025-W50,Plant Midwest,Line 1,Model-A,112,106,95.3
2025-12-08,2025-W50,Plant Midwest,Line 1,Model-B,119,113,95.1
2025-12-08,2025-W50,Plant Midwest,Line 1,Model-C,123,118,96.5
2025-12-08,2025-W50,Plant Midwest,Line 2,Model-A,119,114,96.0
2025-12-08,2025-W50,Plant Midwest,Line 2,Model-B,118,114,97.0
2025-12-08,2025-W50,Plant Midwest,Line 2,Model-C,120,114,95.8
2025-12-08,2025-W50,Plant Midwest,Line 3,Model-A,110,105,95.8
2025-12-08,2025-W50,Plant Midwest,Line 3,Model-B,116,110,95.4
2025-12-08,2025-W50,Plant Midwest,Line 3,Model-C,123,119,97.0
2025-12-08,2025-W50,Plant Southeast,Line 1,Model-A,115,111,97.3
2025-12-08,2025-W50,Plant Southeast,Line 1,Model-B,125,120,96.3
2025-12-08,2025-W50,Plant Southeast,Line 1,Model-C,111,107,96.7
2025-12-08,2025-W50,Plant Southeast,Line 2,Model-A,121,115,95.8
2025-12-08,2025-W50,Plant Southeast,Line 2,Model-B,112,106,95.5
2025-12-08,2025-W50,Plant Southeast,Line 2,Model-C,111,106,95.6
2025-12-08,2025-W50,Plant Southeast,Line 3,Model-A,112,108,97.1
2025-12-08,2025-W50,Plant Southeast,Line 3,Model-B,112,108,96.6
2025-12-08,2025-W50,Plant Southeast,Line 3,Model-C,120,116,96.9
2025-12-09,2025-W50,Plant Midwest,Line 1,Model-A,112,108,96.6
2025-12-09,2025-W50,Plant Midwest,Line 1,Model-B,129,123,95.6
2025-12-09,2025-W50,Plant Midwest,Line 1,Model-C,119,113,95.7
2025-12-09,2025-W50,Plant Midwest,Line 2,Model-A,113,108,96.2
2025-12-09,2025-W50,Plant Midwest,Line 2,Model-B,129,124,96.5
2025-12-09,2025-W50,Plant Midwest,Line 2,Model-C,115,109,95.6
2025-12-09,2025-W50,Plant Midwest,Line 3,Model-A,113,107,95.4
2025-12-09,2025-W50,Plant Midwest,Line 3,Model-B,115,110,95.8
2025-12-09,2025-W50,Plant Midwest,Line 3,Model-C,128,122,95.9
2025-12-09,2025-W50,Plant Southeast,Line 1,Model-A,112,107,96.0
2025-12-09,2025-W50,Plant Southeast,Line 1,Model-B,114,109,96.2
2025-12-09,2025-W50,Plant Southeast,Line 1,Model-C,123,116,94.8
2025-12-09,2025-W50,Plant Southeast,Line 2,Model-A,118,114,97.0
2025-12-09,2025-W50,Plant Southeast,Line 2,Model-B,124,119,96.3
2025-12-09,2025-W50,Plant Southeast,Line 2,Model-C,129,123,96.1
2025-12-09,2025-W50,Plant Southeast,Line 3,Model-A,126,120,95.8
2025-12-09,2025-W50,Plant Southeast,Line 3,Model-B,128,122,95.5
2025-12-09,2025-W50,Plant Southeast,Line 3,Model-C,125,120,96.3
2025-12-10,2025-W50,Plant Midwest,Line 1,Model-A,116,112,97.1
2025-12-10,2025-W50,Plant Midwest,Line 1,Model-B,124,120,97.2
2025-12-10,2025-W50,Plant Midwest,Line 1,Model-C,123,118,96.2
2025-12-10,2025-W50,Plant Midwest,Line 2,Model-A,123,120,97.7
2025-12-10,2025-W50,Plant Midwest,Line 2,Model-B,114,109,96.1
2025-12-10,2025-W50,Plant Midwest,Line 2,Model-C,120,114,95.4
2025-12-10,2025-W50,Plant Midwest,Line 3,Model-A,114,109,95.6
2025-12-10,2025-W50,Plant Midwest,Line 3,Model-B,124,119,96.5
2025-12-10,2025-W50,Plant Midwest,Line 3,Model-C,128,123,96.6
2025-12-10,2025-W50,Plant Southeast,Line 1,Model-A,126,121,96.3
2025-12-10,2025-W50,Plant Southeast,Line 1,Model-B,121,116,96.2
2025-12-10,2025-W50,Plant Southeast,Line 1,Model-C,127,121,95.4
2025-12-10,2025-W50,Plant Southeast,Line 2,Model-A,128,123,96.7
2025-12-10,2025-W50,Plant Southeast,Line 2,Model-B,125,119,95.3
2025-12-10,2025-W50,Plant Southeast,Line 2,Model-C,127,122,96.3
2025-12-10,2025-W50,Plant Southeast,Line 3,Model-A,126,120,95.7
2025-12-10,2025-W50,Plant Southeast,Line 3,Model-B,116,112,96.6
2025-12-10,2025-W50,Plant Southeast,Line 3,Model-C,112,107,96.0
2025-12-11,2025-W50,Plant Midwest,Line 1,Model-A,128,122,95.9
2025-12-11,2025-W50,Plant Midwest,Line 1,Model-B,123,119,97.1
2025-12-11,2025-W50,Plant Midwest,Line 1,Model-C,113,108,96.1
2025-12-11,2025-W50,Plant Midwest,Line 2,Model-A,112,107,95.6
2025-12-11,2025-W50,Plant Midwest,Line 2,Model-B,129,122,95.1
2025-12-11,2025-W50,Plant Midwest,Line 2,Model-C,112,107,95.8
2025-12-11,2025-W50,Plant Midwest,Line 3,Model-A,121,117,96.8
2025-12-11,2025-W50,Plant Midwest,Line 3,Model-B,110,106,97.2
2025-12-11,2025-W50,Plant Midwest,Line 3,Model-C,111,105,95.5
2025-12-11,2025-W50,Plant Southeast,Line 1,Model-A,122,118,96.9
2025-12-11,2025-W50,Plant Southeast,Line 1,Model-B,111,106,95.9
2025-12-11,2025-W50,Plant Southeast,Line 1,Model-C,125,121,97.0
2025-12-11,2025-W50,Plant Southeast,Line 2,Model-A,121,116,95.9
2025-12-11,2025-W50,Plant Southeast,Line 2,Model-B,128,122,96.0
2025-12-11,2025-W50,Plant Southeast,Line 2,Model-C,124,120,97.3
2025-12-11,2025-W50,Plant Southeast,Line 3,Model-A,129,124,96.5
2025-12-11,2025-W50,Plant Southeast,Line 3,Model-B,113,107,95.1
2025-12-11,2025-W50,Plant Southeast,Line 3,Model-C,121,118,97.6
2025-12-12,2025-W50,Plant Midwest,Line 1,Model-A,117,112,96.0
2025-12-12,2025-W50,Plant Midwest,Line 1,Model-B,117,111,95.2
2025-12-12,2025-W50,Plant Midwest,Line 1,Model-C,127,122,96.7
2025-12-12,2025-W50,Plant Midwest,Line 2,Model-A,119,116,98.0
2025-12-12,2025-W50,Plant Midwest,Line 2,Model-B,116,111,96.4
2025-12-12,2025-W50,Plant Midwest,Line 2,Model-C,124,118,95.7
2025-12-12,2025-W50,Plant Midwest,Line 3,Model-A,125,120,96.2
2025-12-12,2025-W50,Plant Midwest,Line 3,Model-B,129,123,96.0
2025-12-12,2025-W50,Plant Midwest,Line 3,Model-C,126,120,95.7
2025-12-12,2025-W50,Plant Southeast,Line 1,Model-A,113,109,96.7
2025-12-12,2025-W50,Plant Southeast,Line 1,Model-B,129,122,95.2
2025-12-12,2025-W50,Plant Southeast,Line 1,Model-C,116,111,95.8
2025-12-12,2025-W50,Plant Southeast,Line 2,Model-A,111,108,97.4
2025-12-12,2025-W50,Plant Southeast,Line 2,Model-B,120,116,97.1
2025-12-12,2025-W50,Plant Southeast,Line 2,Model-C,127,121,95.8
2025-12-12,2025-W50,Plant Southeast,Line 3,Model-A,124,120,97.0
2025-12-12,2025-W50,Plant Southeast,Line 3,Model-B,120,114,95.6
2025-12-12,2025-W50,Plant Southeast,Line 3,Model-C,120,116,96.8
2025-12-13,2025-W50,Plant Midwest,Line 1,Model-A,128,122,96.0
2025-12-13,2025-W50,Plant Midwest,Line 1,Model-B,119,115,97.0
2025-12-13,2025-W50,Plant Midwest,Line 1,Model-C,119,115,97.1
2025-12-13,2025-W50,Plant Midwest,Line 2,Model-A,127,122,96.3
2025-12-13,2025-W50,Plant Midwest,Line 2,Model-B,122,115,94.8
2025-12-13,2025-W50,Plant Midwest,Line 2,Model-C,120,118,98.5
2025-12-13,2025-W50,Plant Midwest,Line 3,Model-A,127,124,97.7
2025-12-13,2025-W50,Plant Midwest,Line 3,Model-B,119,115,96.9
2025-12-13,2025-W50,Plant Midwest,Line 3,Model-C,126,122,97.2
2025-12-13,2025-W50,Plant Southeast,Line 1,Model-A,123,119,96.9
2025-12-13,2025-W50,Plant Southeast,Line 1,Model-B,129,125,97.1
2025-12-13,2025-W50,Plant Southeast,Line 1,Model-C,113,107,95.4
2025-12-13,2025-W50,Plant Southeast,Line 2,Model-A,115,110,96.5
2025-12-13,2025-W50,Plant Southeast,Line 2,Model-B,121,117,97.4
2025-12-13,2025-W50,Plant Southeast,Line 2,Model-C,117,111,94.9
2025-12-13,2025-W50,Plant Southeast,Line 3,Model-A,115,111,96.6
2025-12-13,2025-W50,Plant Southeast,Line 3,Model-B,114,109,96.4
2025-12-13,2025-W50,Plant Southeast,Line 3,Model-C,124,118,95.8
2025-12-14,2025-W50,Plant Midwest,Line 1,Model-A,113,109,97.1
2025-12-14,2025-W50,Plant Midwest,Line 1,Model-B,117,112,96.5
2025-12-14,2025-W50,Plant Midwest,Line 1,Model-C,124,119,96.3
2025-12-14,2025-W50,Plant Midwest,Line 2,Model-A,116,113,97.5
2025-12-14,2025-W50,Plant Midwest,Line 2,Model-B,115,111,96.8
2025-12-14,2025-W50,Plant Midwest,Line 2,Model-C,126,121,96.3
2025-12-14,2025-W50,Plant Midwest,Line 3,Model-A,119,113,95.0
2025-12-14,2025-W50,Plant Midwest,Line 3,Model-B,120,115,96.2
2025-12-14,2025-W50,Plant Midwest,Line 3,Model-C,124,119,96.0
2025-12-14,2025-W50,Plant Southeast,Line 1,Model-A,127,121,96.0
2025-12-14,2025-W50,Plant Southeast,Line 1,Model-B,124,120,97.1
2025-12-14,2025-W50,Plant Southeast,Line 1,Model-C,129,123,96.1
2025-12-14,2025-W50,Plant Southeast,Line 2,Model-A,119,114,96.3
2025-12-14,2025-W50,Plant Southeast,Line 2,Model-B,126,120,95.9
2025-12-14,2025-W50,Plant Southeast,Line 2,Model-C,112,109,98.1
2025-12-14,2025-W50,Plant Southeast,Line 3,Model-A,110,104,95.1
2025-12-14,2025-W50,Plant Southeast,Line 3,Model-B,124,120,97.2
2025-12-14,2025-W50,Plant Southeast,Line 3,Model-C,128,123,96.1
2025-12-15,2025-W51,Plant Midwest,Line 1,Model-A,121,117,97.5
2025-12-15,2025-W51,Plant Midwest,Line 1,Model-B,122,116,95.7
2025-12-15,2025-W51,Plant Midwest,Line 1,Model-C,123,116,95.0
2025-12-15,2025-W51,Plant Midwest,Line 2,Model-A,129,124,96.7
2025-12-15,2025-W51,Plant Midwest,Line 2,Model-B,121,116,96.5
2025-12-15,2025-W51,Plant Midwest,Line 2,Model-C,129,125,97.4
2025-12-15,2025-W51,Plant Midwest,Line 3,Model-A,118,114,97.3
2025-12-15,2025-W51,Plant Midwest,Line 3,Model-B,121,115,95.5
2025-12-15,2025-W51,Plant Midwest,Line 3,Model-C,114,108,95.1
2025-12-15,2025-W51,Plant Southeast,Line 1,Model-A,117,110,94.8
2025-12-15,2025-W51,Plant Southeast,Line 1,Model-B,110,106,97.1
2025-12-15,2025-W51,Plant Southeast,Line 1,Model-C,119,115,96.7
2025-12-15,2025-W51,Plant Southeast,Line 2,Model-A,113,107,95.0
2025-12-15,2025-W51,Plant Southeast,Line 2,Model-B,111,106,95.8
2025-12-15,2025-W51,Plant Southeast,Line 2,Model-C,126,120,96.0
2025-12-15,2025-W51,Plant Southeast,Line 3,Model-A,115,110,96.4
2025-12-15,2025-W51,Plant Southeast,Line 3,Model-B,124,119,96.1
2025-12-15,2025-W51,Plant Southeast,Line 3,Model-C,115,110,95.9
2025-12-16,2025-W51,Plant Midwest,Line 1,Model-A,111,105,94.8
2025-12-16,2025-W51,Plant Midwest,Line 1,Model-B,113,108,96.4
2025-12-16,2025-W51,Plant Midwest,Line 1,Model-C,121,115,95.8
2025-12-16,2025-W51,Plant Midwest,Line 2,Model-A,123,118,96.1
2025-12-16,2025-W51,Plant Midwest,Line 2,Model-B,124,116,94.3
2025-12-16,2025-W51,Plant Midwest,Line 2,Model-C,118,114,96.9
2025-12-16,2025-W51,Plant Midwest,Line 3,Model-A,116,111,96.4
2025-12-16,2025-W51,Plant Midwest,Line 3,Model-B,121,116,96.0
2025-12-16,2025-W51,Plant Midwest,Line 3,Model-C,112,106,95.3
2025-12-16,2025-W51,Plant Southeast,Line 1,Model-A,118,112,95.0
2025-12-16,2025-W51,Plant Southeast,Line 1,Model-B,122,116,95.6
2025-12-16,2025-W51,Plant Southeast,Line 1,Model-C,117,113,97.4
2025-12-16,2025-W51,Plant Southeast,Line 2,Model-A,112,106,94.8
2025-12-16,2025-W51,Plant Southeast,Line 2,Model-B,117,114,97.9
2025-12-16,2025-W51,Plant Southeast,Line 2,Model-C,126,121,96.1
2025-12-16,2025-W51,Plant Southeast,Line 3,Model-A,112,107,96.0
2025-12-16,2025-W51,Plant Southeast,Line 3,Model-B,124,120,97.1
2025-12-16,2025-W51,Plant Southeast,Line 3,Model-C,117,111,95.4
2025-12-17,2025-W51,Plant Midwest,Line 1,Model-A,114,110,96.7
2025-12-17,2025-W51,Plant Midwest,Line 1,Model-B,115,110,95.9
2025-12-17,2025-W51,Plant Midwest,Line 1,Model-C,115,109,95.5
2025-12-17,2025-W51,Plant Midwest,Line 2,Model-A,120,113,94.8
2025-12-17,2025-W51,Plant Midwest,Line 2,Model-B,112,105,94.0
2025-12-17,2025-W51,Plant Midwest,Line 2,Model-C,110,107,97.5
2025-12-17,2025-W51,Plant Midwest,Line 3,Model-A,113,108,96.1
2025-12-17,2025-W51,Plant Midwest,Line 3,Model-B,121,116,96.7
2025-12-17,2025-W51,Plant Midwest,Line 3,Model-C,122,116,95.9
2025-12-17,2025-W51,Plant Southeast,Line 1,Model-A,125,121,97.2
2025-12-17,2025-W51,Plant Southeast,Line 1,Model-B,122,118,97.5
2025-12-17,2025-W51,Plant Southeast,Line 1,Model-C,124,118,95.9
2025-12-17,2025-W51,Plant Southeast,Line 2,Model-A,121,117,97.3
2025-12-17,2025-W51,Plant Southeast,Line 2,Model-B,120,114,95.1
2025-12-17,2025-W51,Plant Southeast,Line 2,Model-C,115,111,96.8
2025-12-17,2025-W51,Plant Southeast,Line 3,Model-A,123,118,96.4
2025-12-17,2025-W51,Plant Southeast,Line 3,Model-B,115,111,97.0
2025-12-17,2025-W51,Plant Southeast,Line 3,Model-C,120,115,96.0
2025-12-18,2025-W51,Plant Midwest,Line 1,Model-A,112,106,95.4
2025-12-18,2025-W51,Plant Midwest,Line 1,Model-B,119,112,94.5
2025-12-18,2025-W51,Plant Midwest,Line 1,Model-C,115,110,95.9
2025-12-18,2025-W51,Plant Midwest,Line 2,Model-A,121,118,97.8
2025-12-18,2025-W51,Plant Midwest,Line 2,Model-B,128,123,96.3
2025-12-18,2025-W51,Plant Midwest,Line 2,Model-C,121,116,96.0
2025-12-18,2025-W51,Plant Midwest,Line 3,Model-A,124,120,97.2
2025-12-18,2025-W51,Plant Midwest,Line 3,Model-B,124,118,96.0
2025-12-18,2025-W51,Plant Midwest,Line 3,Model-C,114,110,97.2
2025-12-18,2025-W51,Plant Southeast,Line 1,Model-A,125,121,97.2
2025-12-18,2025-W51,Plant Southeast,Line 1,Model-B,124,117,94.4
2025-12-18,2025-W51,Plant Southeast,Line 1,Model-C,123,118,96.2
2025-12-18,2025-W51,Plant Southeast,Line 2,Model-A,126,121,96.1
2025-12-18,2025-W51,Plant Southeast,Line 2,Model-B,124,117,95.0
2025-12-18,2025-W51,Plant Southeast,Line 2,Model-C,110,105,96.4
2025-12-18,2025-W51,Plant Southeast,Line 3,Model-A,119,114,96.3
2025-12-18,2025-W51,Plant Southeast,Line 3,Model-B,123,118,96.3
2025-12-18,2025-W51,Plant Southeast,Line 3,Model-C,120,116,96.7
2025-12-19,2025-W51,Plant Midwest,Line 1,Model-A,125,119,96.0
2025-12-19,2025-W51,Plant Midwest,Line 1,Model-B,128,123,96.3
2025-12-19,2025-W51,Plant Midwest,Line 1,Model-C,118,114,97.0
2025-12-19,2025-W51,Plant Midwest,Line 2,Model-A,117,114,97.8
2025-12-19,2025-W51,Plant Midwest,Line 2,Model-B,117,112,96.4
2025-12-19,2025-W51,Plant Midwest,Line 2,Model-C,118,112,94.9
2025-12-19,2025-W51,Plant Midwest,Line 3,Model-A,121,115,95.8
2025-12-19,2025-W51,Plant Midwest,Line 3,Model-B,117,112,96.1
2025-12-19,2025-W51,Plant Midwest,Line 3,Model-C,110,106,96.4
2025-12-19,2025-W51,Plant Southeast,Line 1,Model-A,120,114,95.2
2025-12-19,2025-W51,Plant Southeast,Line 1,Model-B,114,110,96.8
2025-12-19,2025-W51,Plant Southeast,Line 1,Model-C,129,124,96.2
2025-12-19,2025-W51,Plant Southeast,Line 2,Model-A,122,117,96.6
2025-12-19,2025-W51,Plant Southeast,Line 2,Model-B,127,122,96.7
2025-12-19,2025-W51,Plant Southeast,Line 2,Model-C,123,118,96.2
2025-12-19,2025-W51,Plant Southeast,Line 3,Model-A,125,120,96.1
2025-12-19,2025-W51,Plant Southeast,Line 3,Model-B,121,117,97.0
2025-12-19,2025-W51,Plant Southeast,Line 3,Model-C,122,118,97.2
2025-12-20,2025-W51,Plant Midwest,Line 1,Model-A,126,123,97.7
2025-12-20,2025-W51,Plant Midwest,Line 1,Model-B,117,111,95.6
2025-12-20,2025-W51,Plant Midwest,Line 1,Model-C,112,107,96.1
2025-12-20,2025-W51,Plant Midwest,Line 2,Model-A,115,110,95.7
2025-12-20,2025-W51,Plant Midwest,Line 2,Model-B,117,111,95.5
2025-12-20,2025-W51,Plant Midwest,Line 2,Model-C,117,111,95.4
2025-12-20,2025-W51,Plant Midwest,Line 3,Model-A,128,121,94.9
2025-12-20,2025-W51,Plant Midwest,Line 3,Model-B,110,105,95.5
2025-12-20,2025-W51,Plant Midwest,Line 3,Model-C,116,111,96.4
2025-12-20,2025-W51,Plant Southeast,Line 1,Model-A,128,124,97.2
2025-12-20,2025-W51,Plant Southeast,Line 1,Model-B,124,117,94.5
2025-12-20,2025-W51,Plant Southeast,Line 1,Model-C,127,119,94.5
2025-12-20,2025-W51,Plant Southeast,Line 2,Model-A,112,107,96.2
2025-12-20,2025-W51,Plant Southeast,Line 2,Model-B,118,113,95.9
2025-12-20,2025-W51,Plant Southeast,Line 2,Model-C,128,121,95.3
2025-12-20,2025-W51,Plant Southeast,Line 3,Model-A,115,111,96.8
2025-12-20,2025-W51,Plant Southeast,Line 3,Model-B,120,115,96.1
2025-12-20,2025-W51,Plant Southeast,Line 3,Model-C,123,118,96.4
2025-12-21,2025-W51,Plant Midwest,Line 1,Model-A,115,110,96.5
2025-12-21,2025-W51,Plant Midwest,Line 1,Model-B,118,113,96.3
2025-12-21,2025-W51,Plant Midwest,Line 1,Model-C,126,120,96.0
2025-12-21,2025-W51,Plant Midwest,Line 2,Model-A,110,106,96.7
2025-12-21,2025-W51,Plant Midwest,Line 2,Model-B,117,111,95.4
2025-12-21,2025-W51,Plant Midwest,Line 2,Model-C,126,120,95.4
2025-12-21,2025-W51,Plant Midwest,Line 3,Model-A,128,121,95.3
2025-12-21,2025-W51,Plant Midwest,Line 3,Model-B,124,121,97.8
2025-12-21,2025-W51,Plant Midwest,Line 3,Model-C,113,108,96.4
2025-12-21,2025-W51,Plant Southeast,Line 1,Model-A,123,119,96.8
2025-12-21,2025-W51,Plant Southeast,Line 1,Model-B,114,109,96.1
2025-12-21,2025-W51,Plant Southeast,Line 1,Model-C,124,119,96.4
2025-12-21,2025-W51,Plant Southeast,Line 2,Model-A,122,117,96.3
2025-12-21,2025-W51,Plant Southeast,Line 2,Model-B,125,119,95.5
2025-12-21,2025-W51,Plant Southeast,Line 2,Model-C,122,116,95.7
2025-12-21,2025-W51,Plant Southeast,Line 3,Model-A,112,107,96.1
2025-12-21,2025-W51,Plant Southeast,Line 3,Model-B,116,110,95.6
2025-12-21,2025-W51,Plant Southeast,Line 3,Model-C,128,124,96.9
2025-12-22,2025-W52,Plant Midwest,Line 1,Model-A,123,118,96.0
2025-12-22,2025-W52,Plant Midwest,Line 1,Model-B,116,111,96.4
2025-12-22,2025-W52,Plant Midwest,Line 1,Model-C,129,123,95.6
2025-12-22,2025-W52,Plant Midwest,Line 2,Model-A,128,121,94.6
2025-12-22,2025-W52,Plant Midwest,Line 2,Model-B,111,108,97.5
2025-12-22,2025-W52,Plant Midwest,Line 2,Model-C,122,117,96.5
2025-12-22,2025-W52,Plant Midwest,Line 3,Model-A,118,113,95.8
2025-12-22,2025-W52,Plant Midwest,Line 3,Model-B,110,106,96.9
2025-12-22,2025-W52,Plant Midwest,Line 3,Model-C,111,105,95.1
2025-12-22,2025-W52,Plant Southeast,Line 1,Model-A,111,106,96.0
2025-12-22,2025-W52,Plant Southeast,Line 1,Model-B,117,112,96.5
2025-12-22,2025-W52,Plant Southeast,Line 1,Model-C,117,111,95.6
2025-12-22,2025-W52,Plant Southeast,Line 2,Model-A,114,110,96.7
2025-12-22,2025-W52,Plant Southeast,Line 2,Model-B,117,112,96.2
2025-12-22,2025-W52,Plant Southeast,Line 2,Model-C,118,113,96.6
2025-12-22,2025-W52,Plant Southeast,Line 3,Model-A,124,120,97.3
2025-12-22,2025-W52,Plant Southeast,Line 3,Model-B,126,121,96.6
2025-12-22,2025-W52,Plant Southeast,Line 3,Model-C,114,110,96.5
2025-12-23,2025-W52,Plant Midwest,Line 1,Model-A,118,113,96.1
2025-12-23,2025-W52,Plant Midwest,Line 1,Model-B,112,108,96.5
2025-12-23,2025-W52,Plant Midwest,Line 1,Model-C,126,121,96.0
2025-12-23,2025-W52,Plant Midwest,Line 2,Model-A,113,108,96.3
2025-12-23,2025-W52,Plant Midwest,Line 2,Model-B,110,106,96.4
2025-12-23,2025-W52,Plant Midwest,Line 2,Model-C,117,111,95.2
2025-12-23,2025-W52,Plant Midwest,Line 3,Model-A,111,107,96.4
2025-12-23,2025-W52,Plant Midwest,Line 3,Model-B,125,119,96.0
2025-12-23,2025-W52,Plant Midwest,Line 3,Model-C,119,114,95.9
2025-12-23,2025-W52,Plant Southeast,Line 1,Model-A,121,115,95.3
2025-12-23,2025-W52,Plant Southeast,Line 1,Model-B,120,115,96.6
2025-12-23,2025-W52,Plant Southeast,Line 1,Model-C,112,107,96.1
2025-12-23,2025-W52,Plant Southeast,Line 2,Model-A,121,116,96.0
2025-12-23,2025-W52,Plant Southeast,Line 2,Model-B,114,109,96.0
2025-12-23,2025-W52,Plant Southeast,Line 2,Model-C,110,107,97.6
2025-12-23,2025-W52,Plant Southeast,Line 3,Model-A,124,118,95.3
2025-12-23,2025-W52,Plant Southeast,Line 3,Model-B,116,112,96.6
2025-12-23,2025-W52,Plant Southeast,Line 3,Model-C,119,115,97.4
2025-12-24,2025-W52,Plant Midwest,Line 1,Model-A,127,122,96.3
2025-12-24,2025-W52,Plant Midwest,Line 1,Model-B,110,105,95.5
2025-12-24,2025-W52,Plant Midwest,Line 1,Model-C,126,121,96.8
2025-12-24,2025-W52,Plant Midwest,Line 2,Model-A,121,115,95.7
2025-12-24,2025-W52,Plant Midwest,Line 2,Model-B,129,125,97.5
2025-12-24,2025-W52,Plant Midwest,Line 2,Model-C,121,116,95.9
2025-12-24,2025-W52,Plant Midwest,Line 3,Model-A,129,123,96.0
2025-12-24,2025-W52,Plant Midwest,Line 3,Model-B,126,122,97.0
2025-12-24,2025-W52,Plant Midwest,Line 3,Model-C,119,116,97.5
2025-12-24,2025-W52,Plant Southeast,Line 1,Model-A,110,106,96.9
2025-12-24,2025-W52,Plant Southeast,Line 1,Model-B,113,107,95.1
2025-12-24,2025-W52,Plant Southeast,Line 1,Model-C,111,108,97.8
2025-12-24,2025-W52,Plant Southeast,Line 2,Model-A,128,121,95.0
2025-12-24,2025-W52,Plant Southeast,Line 2,Model-B,122,118,96.9
2025-12-24,2025-W52,Plant Southeast,Line 2,Model-C,129,124,96.5
2025-12-24,2025-W52,Plant Southeast,Line 3,Model-A,129,123,95.7
2025-12-24,2025-W52,Plant Southeast,Line 3,Model-B,122,118,97.2
2025-12-24,2025-W52,Plant Southeast,Line 3,Model-C,113,108,96.0
2025-12-25,2025-W52,Plant Midwest,Line 1,Model-A,124,118,95.2
2025-12-25,2025-W52,Plant Midwest,Line 1,Model-B,118,113,96.5
2025-12-25,2025-W52,Plant Midwest,Line 1,Model-C,116,111,95.8
2025-12-25,2025-W52,Plant Midwest,Line 2,Model-A,113,109,96.8
2025-12-25,2025-W52,Plant Midwest,Line 2,Model-B,115,109,94.8
2025-12-25,2025-W52,Plant Midwest,Line 2,Model-C,116,110,95.6
2025-12-25,2025-W52,Plant Midwest,Line 3,Model-A,118,114,97.3
2025-12-25,2025-W52,Plant Midwest,Line 3,Model-B,112,107,95.7
2025-12-25,2025-W52,Plant Midwest,Line 3,Model-C,124,118,95.6
2025-12-25,2025-W52,Plant Southeast,Line 1,Model-A,129,124,96.9
2025-12-25,2025-W52,Plant Southeast,Line 1,Model-B,115,110,95.9
2025-12-25,2025-W52,Plant Southeast,Line 1,Model-C,110,106,97.1
2025-12-25,2025-W52,Plant Southeast,Line 2,Model-A,113,107,95.4
2025-12-25,2025-W52,Plant Southeast,Line 2,Model-B,129,125,97.4
2025-12-25,2025-W52,Plant Southeast,Line 2,Model-C,118,113,96.2
2025-12-25,2025-W52,Plant Southeast,Line 3,Model-A,110,106,96.5
2025-12-25,2025-W52,Plant Southeast,Line 3,Model-B,124,117,94.7
2025-12-25,2025-W52,Plant Southeast,Line 3,Model-C,114,108,95.6
2025-12-26,2025-W52,Plant Midwest,Line 1,Model-A,128,123,96.9
2025-12-26,2025-W52,Plant Midwest,Line 1,Model-B,112,109,97.9
2025-12-26,2025-W52,Plant Midwest,Line 1,Model-C,122,118,97.4
2025-12-26,2025-W52,Plant Midwest,Line 2,Model-A,124,118,95.8
2025-12-26,2025-W52,Plant Midwest,Line 2,Model-B,127,122,96.5
2025-12-26,2025-W52,Plant Midwest,Line 2,Model-C,116,110,95.3
2025-12-26,2025-W52,Plant Midwest,Line 3,Model-A,118,113,96.3
2025-12-26,2025-W52,Plant Midwest,Line 3,Model-B,113,108,96.2
2025-12-26,2025-W52,Plant Midwest,Line 3,Model-C,129,123,96.1
2025-12-26,2025-W52,Plant Southeast,Line 1,Model-A,122,115,95.0
2025-12-26,2025-W52,Plant Southeast,Line 1,Model-B,110,105,96.1
2025-12-26,2025-W52,Plant Southeast,Line 1,Model-C,118,113,96.1
2025-12-26,2025-W52,Plant Southeast,Line 2,Model-A,126,120,95.3
2025-12-26,2025-W52,Plant Southeast,Line 2,Model-B,119,115,96.9
2025-12-26,2025-W52,Plant Southeast,Line 2,Model-C,125,119,96.0
2025-12-26,2025-W52,Plant Southeast,Line 3,Model-A,129,125,97.1
2025-12-26,2025-W52,Plant Southeast,Line 3,Model-B,112,108,96.5
2025-12-26,2025-W52,Plant Southeast,Line 3,Model-C,122,117,95.9
2025-12-27,2025-W52,Plant Midwest,Line 1,Model-A,119,114,96.5
2025-12-27,2025-W52,Plant Midwest,Line 1,Model-B,116,110,95.2
2025-12-27,2025-W52,Plant Midwest,Line 1,Model-C,115,109,95.4
2025-12-27,2025-W52,Plant Midwest,Line 2,Model-A,113,108,96.4
2025-12-27,2025-W52,Plant Midwest,Line 2,Model-B,124,121,97.8
2025-12-27,2025-W52,Plant Midwest,Line 2,Model-C,113,110,97.4
2025-12-27,2025-W52,Plant Midwest,Line 3,Model-A,112,106,95.3
2025-12-27,2025-W52,Plant Midwest,Line 3,Model-B,122,118,96.8
2025-12-27,2025-W52,Plant Midwest,Line 3,Model-C,129,124,96.8
2025-12-27,2025-W52,Plant Southeast,Line 1,Model-A,127,122,96.2
2025-12-27,2025-W52,Plant Southeast,Line 1,Model-B,125,119,95.9
2025-12-27,2025-W52,Plant Southeast,Line 1,Model-C,128,122,95.5
2025-12-27,2025-W52,Plant Southeast,Line 2,Model-A,110,105,96.1
2025-12-27,2025-W52,Plant Southeast,Line 2,Model-B,110,104,95.4
2025-12-27,2025-W52,Plant Southeast,Line 2,Model-C,126,121,96.5
2025-12-27,2025-W52,Plant Southeast,Line 3,Model-A,113,109,96.8
2025-12-27,2025-W52,Plant Southeast,Line 3,Model-B,124,120,97.2
2025-12-27,2025-W52,Plant Southeast,Line 3,Model-C,123,118,96.3
2025-12-28,2025-W52,Plant Midwest,Line 1,Model-A,110,106,96.9
2025-12-28,2025-W52,Plant Midwest,Line 1,Model-B,120,111,93.2
2025-12-28,2025-W52,Plant Midwest,Line 1,Model-C,111,106,96.0
2025-12-28,2025-W52,Plant Midwest,Line 2,Model-A,129,124,96.7
2025-12-28,2025-W52,Plant Midwest,Line 2,Model-B,123,116,95.1
2025-12-28,2025-W52,Plant Midwest,Line 2,Model-C,113,110,97.4
2025-12-28,2025-W52,Plant Midwest,Line 3,Model-A,114,110,96.6
2025-12-28,2025-W52,Plant Midwest,Line 3,Model-B,122,118,96.9
2025-12-28,2025-W52,Plant Midwest,Line 3,Model-C,125,121,97.4
2025-12-28,2025-W52,Plant Southeast,Line 1,Model-A,117,112,96.5
2025-12-28,2025-W52,Plant Southeast,Line 1,Model-B,120,115,96.4
2025-12-28,2025-W52,Plant Southeast,Line 1,Model-C,126,122,97.2
2025-12-28,2025-W52,Plant Southeast,Line 2,Model-A,126,122,97.0
2025-12-28,2025-W52,Plant Southeast,Line 2,Model-B,113,108,95.9
2025-12-28,2025-W52,Plant Southeast,Line 2,Model-C,121,118,98.3
2025-12-28,2025-W52,Plant Southeast,Line 3,Model-A,113,108,96.3
2025-12-28,2025-W52,Plant Southeast,Line 3,Model-B,116,111,96.1
2025-12-28,2025-W52,Plant Southeast,Line 3,Model-C,110,107,97.3
2025-12-29,2026-W01,Plant Midwest,Line 1,Model-A,129,124,96.5
2025-12-29,2026-W01,Plant Midwest,Line 1,Model-B,128,120,94.0
2025-12-29,2026-W01,Plant Midwest,Line 1,Model-C,113,109,96.7
2025-12-29,2026-W01,Plant Midwest,Line 2,Model-A,116,111,96.3
2025-12-29,2026-W01,Plant Midwest,Line 2,Model-B,118,114,96.7
2025-12-29,2026-W01,Plant Midwest,Line 2,Model-C,118,114,97.0
2025-12-29,2026-W01,Plant Midwest,Line 3,Model-A,124,118,95.7
2025-12-29,2026-W01,Plant Midwest,Line 3,Model-B,129,122,95.3
2025-12-29,2026-W01,Plant Midwest,Line 3,Model-C,117,111,95.3
2025-12-29,2026-W01,Plant Southeast,Line 1,Model-A,118,112,95.2
2025-12-29,2026-W01,Plant Southeast,Line 1,Model-B,128,124,97.0
2025-12-29,2026-W01,Plant Southeast,Line 1,Model-C,124,117,94.8
2025-12-29,2026-W01,Plant Southeast,Line 2,Model-A,124,118,95.5
2025-12-29,2026-W01,Plant Southeast,Line 2,Model-B,116,112,96.9
2025-12-29,2026-W01,Plant Southeast,Line 2,Model-C,126,120,96.0
2025-12-29,2026-W01,Plant Southeast,Line 3,Model-A,112,107,95.8
2025-12-29,2026-W01,Plant Southeast,Line 3,Model-B,112,106,94.8
2025-12-29,2026-W01,Plant Southeast,Line 3,Model-C,112,108,96.7
2025-12-30,2026-W01,Plant Midwest,Line 1,Model-A,116,112,97.2
2025-12-30,2026-W01,Plant Midwest,Line 1,Model-B,127,121,95.6
2025-12-30,2026-W01,Plant Midwest,Line 1,Model-C,124,118,95.6
2025-12-30,2026-W01,Plant Midwest,Line 2,Model-A,113,107,95.3
2025-12-30,2026-W01,Plant Midwest,Line 2,Model-B,117,113,97.0
2025-12-30,2026-W01,Plant Midwest,Line 2,Model-C,117,112,96.1
2025-12-30,2026-W01,Plant Midwest,Line 3,Model-A,124,119,96.8
2025-12-30,2026-W01,Plant Midwest,Line 3,Model-B,113,108,95.9
2025-12-30,2026-W01,Plant Midwest,Line 3,Model-C,120,114,95.3
2025-12-30,2026-W01,Plant Southeast,Line 1,Model-A,124,119,96.2
2025-12-30,2026-W01,Plant Southeast,Line 1,Model-B,115,109,95.3
2025-12-30,2026-W01,Plant Southeast,Line 1,Model-C,117,114,97.5
2025-12-30,2026-W01,Plant Southeast,Line 2,Model-A,118,114,97.2
2025-12-30,2026-W01,Plant Southeast,Line 2,Model-B,114,109,95.8
2025-12-30,2026-W01,Plant Southeast,Line 2,Model-C,128,123,96.8
2025-12-30,2026-W01,Plant Southeast,Line 3,Model-A,119,114,96.0
2025-12-30,2026-W01,Plant Southeast,Line 3,Model-B,114,109,95.8
2025-12-30,2026-W01,Plant Southeast,Line 3,Model-C,116,112,97.1
2025-12-31,2026-W01,Plant Midwest,Line 1,Model-A,127,121,95.3
2025-12-31,2026-W01,Plant Midwest,Line 1,Model-B,110,106,97.0
2025-12-31,2026-W01,Plant Midwest,Line 1,Model-C,113,109,96.6
2025-12-31,2026-W01,Plant Midwest,Line 2,Model-A,123,119,97.2
2025-12-31,2026-W01,Plant Midwest,Line 2,Model-B,122,115,94.8
2025-12-31,2026-W01,Plant Midwest,Line 2,Model-C,110,105,95.9
2025-12-31,2026-W01,Plant Midwest,Line 3,Model-A,113,110,98.0
2025-12-31,2026-W01,Plant Midwest,Line 3,Model-B,117,111,95.2
2025-12-31,2026-W01,Plant Midwest,Line 3,Model-C,119,114,96.5
2025-12-31,2026-W01,Plant Southeast,Line 1,Model-A,122,118,96.8
2025-12-31,2026-W01,Plant Southeast,Line 1,Model-B,126,121,96.3
2025-12-31,2026-W01,Plant Southeast,Line 1,Model-C,117,112,96.1
2025-12-31,2026-W01,Plant Southeast,Line 2,Model-A,120,115,96.6
2025-12-31,2026-W01,Plant Southeast,Line 2,Model-B,127,119,94.3
2025-12-31,2026-W01,Plant Southeast,Line 2,Model-C,119,114,96.2
2025-12-31,2026-W01,Plant Southeast,Line 3,Model-A,125,117,94.3
2025-12-31,2026-W01,Plant Southeast,Line 3,Model-B,111,106,95.9
2025-12-31,2026-W01,Plant Southeast,Line 3,Model-C,126,122,97.4
2026-01-01,2026-W01,Plant Midwest,Line 1,Model-A,119,115,97.3
2026-01-01,2026-W01,Plant Midwest,Line 1,Model-B,121,116,96.0
2026-01-01,2026-W01,Plant Midwest,Line 1,Model-C,118,114,97.1
2026-01-01,2026-W01,Plant Midwest,Line 2,Model-A,126,120,95.3
2026-01-01,2026-W01,Plant Midwest,Line 2,Model-B,128,123,96.5
2026-01-01,2026-W01,Plant Midwest,Line 2,Model-C,126,121,96.6
2026-01-01,2026-W01,Plant Midwest,Line 3,Model-A,125,121,97.0
2026-01-01,2026-W01,Plant Midwest,Line 3,Model-B,111,105,95.0
2026-01-01,2026-W01,Plant Midwest,Line 3,Model-C,117,112,95.8
2026-01-01,2026-W01,Plant Southeast,Line 1,Model-A,118,113,95.8
2026-01-01,2026-W01,Plant Southeast,Line 1,Model-B,129,124,96.9
2026-01-01,2026-W01,Plant Southeast,Line 1,Model-C,115,110,95.7
2026-01-01,2026-W01,Plant Southeast,Line 2,Model-A,121,115,95.5
2026-01-01,2026-W01,Plant Southeast,Line 2,Model-B,121,117,97.2
2026-01-01,2026-W01,Plant Southeast,Line 2,Model-C,114,111,97.4
2026-01-01,2026-W01,Plant Southeast,Line 3,Model-A,129,124,96.5
2026-01-01,2026-W01,Plant Southeast,Line 3,Model-B,118,113,96.2
2026-01-01,2026-W01,Plant Southeast,Line 3,Model-C,121,116,96.1
2026-01-02,2026-W01,Plant Midwest,Line 1,Model-A,112,106,95.4
2026-01-02,2026-W01,Plant Midwest,Line 1,Model-B,124,119,96.2
2026-01-02,2026-W01,Plant Midwest,Line 1,Model-C,111,107,97.3
2026-01-02,2026-W01,Plant Midwest,Line 2,Model-A,110,104,94.8
2026-01-02,2026-W01,Plant Midwest,Line 2,Model-B,111,108,98.1
2026-01-02,2026-W01,Plant Midwest,Line 2,Model-C,120,116,97.4
2026-01-02,2026-W01,Plant Midwest,Line 3,Model-A,122,116,95.6
2026-01-02,2026-W01,Plant Midwest,Line 3,Model-B,111,106,96.1
2026-01-02,2026-W01,Plant Midwest,Line 3,Model-C,114,109,95.6
2026-01-02,2026-W01,Plant Southeast,Line 1,Model-A,112,107,95.9
2026-01-02,2026-W01,Plant Southeast,Line 1,Model-B,129,125,97.6
2026-01-02,2026-W01,Plant Southeast,Line 1,Model-C,119,116,97.7
2026-01-02,2026-W01,Plant Southeast,Line 2,Model-A,110,106,96.4
2026-01-02,2026-W01,Plant Southeast,Line 2,Model-B,129,123,95.7
2026-01-02,2026-W01,Plant Southeast,Line 2,Model-C,127,123,97.6
2026-01-02,2026-W01,Plant Southeast,Line 3,Model-A,127,121,95.9
2026-01-02,2026-W01,Plant Southeast,Line 3,Model-B,129,125,97.3
2026-01-02,2026-W01,Plant Southeast,Line 3,Model-C,128,124,96.9
2026-01-03,2026-W01,Plant Midwest,Line 1,Model-A,126,120,95.9
2026-01-03,2026-W01,Plant Midwest,Line 1,Model-B,124,119,96.5
2026-01-03,2026-W01,Plant Midwest,Line 1,Model-C,127,123,97.4
2026-01-03,2026-W01,Plant Midwest,Line 2,Model-A,110,105,95.9
2026-01-03,2026-W01,Plant Midwest,Line 2,Model-B,116,111,95.7
2026-01-03,2026-W01,Plant Midwest,Line 2,Model-C,111,106,96.0
2026-01-03,2026-W01,Plant Midwest,Line 3,Model-A,118,112,95.6
2026-01-03,2026-W01,Plant Midwest,Line 3,Model-B,120,115,96.2
2026-01-03,2026-W01,Plant Midwest,Line 3,Model-C,122,117,96.5
2026-01-03,2026-W01,Plant Southeast,Line 1,Model-A,125,121,96.9
2026-01-03,2026-W01,Plant Southeast,Line 1,Model-B,112,107,95.6
2026-01-03,2026-W01,Plant Southeast,Line 1,Model-C,117,111,95.6
2026-01-03,2026-W01,Plant Southeast,Line 2,Model-A,124,118,95.6
2026-01-03,2026-W01,Plant Southeast,Line 2,Model-B,125,119,95.9
2026-01-03,2026-W01,Plant Southeast,Line 2,Model-C,121,115,95.6
2026-01-03,2026-W01,Plant Southeast,Line 3,Model-A,126,120,95.4
2026-01-03,2026-W01,Plant Southeast,Line 3,Model-B,129,125,97.0
2026-01-03,2026-W01,Plant Southeast,Line 3,Model-C,114,110,97.0
2026-01-04,2026-W01,Plant Midwest,Line 1,Model-A,121,116,96.4
2026-01-04,2026-W01,Plant Midwest,Line 1,Model-B,121,117,97.0
2026-01-04,2026-W01,Plant Midwest,Line 1,Model-C,118,114,97.1
2026-01-04,2026-W01,Plant Midwest,Line 2,Model-A,124,119,96.1
2026-01-04,2026-W01,Plant Midwest,Line 2,Model-B,120,114,95.3
2026-01-04,2026-W01,Plant Midwest,Line 2,Model-C,113,108,96.1
2026-01-04,2026-W01,Plant Midwest,Line 3,Model-A,126,120,95.8
2026-01-04,2026-W01,Plant Midwest,Line 3,Model-B,123,117,95.3
2026-01-04,2026-W01,Plant Midwest,Line 3,Model-C,113,109,96.9
2026-01-04,2026-W01,Plant Southeast,Line 1,Model-A,113,110,98.2
2026-01-04,2026-W01,Plant Southeast,Line 1,Model-B,112,107,95.8
2026-01-04,2026-W01,Plant Southeast,Line 1,Model-C,111,106,95.7
2026-01-04,2026-W01,Plant Southeast,Line 2,Model-A,122,115,95.0
2026-01-04,2026-W01,Plant Southeast,Line 2,Model-B,129,124,96.5
2026-01-04,2026-W01,Plant Southeast,Line 2,Model-C,125,120,96.6
2026-01-04,2026-W01,Plant Southeast,Line 3,Model-A,115,110,96.0
2026-01-04,2026-W01,Plant Southeast,Line 3,Model-B,113,108,95.9
2026-01-04,2026-W01,Plant Southeast,Line 3,Model-C,117,112,96.4
2026-01-05,2026-W02,Plant Midwest,Line 1,Model-A,116,112,96.6
2026-01-05,2026-W02,Plant Midwest,Line 1,Model-B,127,121,95.9
2026-01-05,2026-W02,Plant Midwest,Line 1,Model-C,119,115,96.7
2026-01-05,2026-W02,Plant Midwest,Line 2,Model-A,114,110,96.5
2026-01-05,2026-W02,Plant Midwest,Line 2,Model-B,110,105,95.8
2026-01-05,2026-W02,Plant Midwest,Line 2,Model-C,117,113,96.8
2026-01-05,2026-W02,Plant Midwest,Line 3,Model-A,117,111,95.3
2026-01-05,2026-W02,Plant Midwest,Line 3,Model-B,124,121,97.8
2026-01-05,2026-W02,Plant Midwest,Line 3,Model-C,124,117,94.4
2026-01-05,2026-W02,Plant Southeast,Line 1,Model-A,128,123,96.5
2026-01-05,2026-W02,Plant Southeast,Line 1,Model-B,129,124,96.6
2026-01-05,2026-W02,Plant Southeast,Line 1,Model-C,122,115,94.4
2026-01-05,2026-W02,Plant Southeast,Line 2,Model-A,129,123,95.4
2026-01-05,2026-W02,Plant Southeast,Line 2,Model-B,117,112,96.3
2026-01-05,2026-W02,Plant Southeast,Line 2,Model-C,123,119,97.1
2026-01-05,2026-W02,Plant Southeast,Line 3,Model-A,110,105,95.7
2026-01-05,2026-W02,Plant Southeast,Line 3,Model-B,111,106,95.9
2026-01-05,2026-W02,Plant Southeast,Line 3,Model-C,113,108,96.4
2026-01-06,2026-W02,Plant Midwest,Line 1,Model-A,111,107,97.0
2026-01-06,2026-W02,Plant Midwest,Line 1,Model-B,125,121,97.0
2026-01-06,2026-W02,Plant Midwest,Line 1,Model-C,112,105,94.2
2026-01-06,2026-W02,Plant Midwest,Line 2,Model-A,121,114,94.6
2026-01-06,2026-W02,Plant Midwest,Line 2,Model-B,121,115,95.7
2026-01-06,2026-W02,Plant Midwest,Line 2,Model-C,129,123,95.9
2026-01-06,2026-W02,Plant Midwest,Line 3,Model-A,118,112,95.7
2026-01-06,2026-W02,Plant Midwest,Line 3,Model-B,116,111,95.8
2026-01-06,2026-W02,Plant Midwest,Line 3,Model-C,123,117,95.7
2026-01-06,2026-W02,Plant Southeast,Line 1,Model-A,110,106,96.5
2026-01-06,2026-W02,Plant Southeast,Line 1,Model-B,129,124,96.6
2026-01-06,2026-W02,Plant Southeast,Line 1,Model-C,111,105,94.8
2026-01-06,2026-W02,Plant Southeast,Line 2,Model-A,124,118,95.6
2026-01-06,2026-W02,Plant Southeast,Line 2,Model-B,118,113,96.1
2026-01-06,2026-W02,Plant Southeast,Line 2,Model-C,126,120,96.0
2026-01-06,2026-W02,Plant Southeast,Line 3,Model-A,113,107,94.9
2026-01-06,2026-W02,Plant Southeast,Line 3,Model-B,113,109,97.2
2026-01-06,2026-W02,Plant Southeast,Line 3,Model-C,120,115,96.4
2026-01-07,2026-W02,Plant Midwest,Line 1,Model-A,120,117,97.5
2026-01-07,2026-W02,Plant Midwest,Line 1,Model-B,128,122,95.6
2026-01-07,2026-W02,Plant Midwest,Line 1,Model-C,128,123,96.1
2026-01-07,2026-W02,Plant Midwest,Line 2,Model-A,114,111,97.4
2026-01-07,2026-W02,Plant Midwest,Line 2,Model-B,123,118,96.3
2026-01-07,2026-W02,Plant Midwest,Line 2,Model-C,114,110,96.8
2026-01-07,2026-W02,Plant Midwest,Line 3,Model-A,125,119,95.4
2026-01-07,2026-W02,Plant Midwest,Line 3,Model-B,114,109,96.4
2026-01-07,2026-W02,Plant Midwest,Line 3,Model-C,125,118,95.0
2026-01-07,2026-W02,Plant Southeast,Line 1,Model-A,115,110,96.5
2026-01-07,2026-W02,Plant Southeast,Line 1,Model-B,113,108,96.4
2026-01-07,2026-W02,Plant Southeast,Line 1,Model-C,126,120,95.8
2026-01-07,2026-W02,Plant Southeast,Line 2,Model-A,123,118,96.2
2026-01-07,2026-W02,Plant Southeast,Line 2,Model-B,127,121,95.9
2026-01-07,2026-W02,Plant Southeast,Line 2,Model-C,112,108,96.8
2026-01-07,2026-W02,Plant Southeast,Line 3,Model-A,116,112,96.7
2026-01-07,2026-W02,Plant Southeast,Line 3,Model-B,122,116,95.2
2026-01-07,2026-W02,Plant Southeast,Line 3,Model-C,113,108,95.9
2026-01-08,2026-W02,Plant Midwest,Line 1,Model-A,119,115,96.7
2026-01-08,2026-W02,Plant Midwest,Line 1,Model-B,121,116,96.5
2026-01-08,2026-W02,Plant Midwest,Line 1,Model-C,110,106,96.9
2026-01-08,2026-W02,Plant Midwest,Line 2,Model-A,129,123,95.5
2026-01-08,2026-W02,Plant Midwest,Line 2,Model-B,116,110,95.5
2026-01-08,2026-W02,Plant Midwest,Line 2,Model-C,127,121,95.9
2026-01-08,2026-W02,Plant Midwest,Line 3,Model-A,125,121,96.9
2026-01-08,2026-W02,Plant Midwest,Line 3,Model-B,113,109,96.6
2026-01-08,2026-W02,Plant Midwest,Line 3,Model-C,114,109,96.4
2026-01-08,2026-W02,Plant Southeast,Line 1,Model-A,111,106,95.8
2026-01-08,2026-W02,Plant Southeast,Line 1,Model-B,121,115,95.4
2026-01-08,2026-W02,Plant Southeast,Line 1,Model-C,121,115,95.7
2026-01-08,2026-W02,Plant Southeast,Line 2,Model-A,121,116,96.0
2026-01-08,2026-W02,Plant Southeast,Line 2,Model-B,119,114,95.8
2026-01-08,2026-W02,Plant Southeast,Line 2,Model-C,126,120,96.0
2026-01-08,2026-W02,Plant Southeast,Line 3,Model-A,113,108,95.7
2026-01-08,2026-W02,Plant Southeast,Line 3,Model-B,128,123,96.3
2026-01-08,2026-W02,Plant Southeast,Line 3,Model-C,115,110,96.1
2026-01-09,2026-W02,Plant Midwest,Line 1,Model-A,118,113,96.1
2026-01-09,2026-W02,Plant Midwest,Line 1,Model-B,118,114,96.9
2026-01-09,2026-W02,Plant Midwest,Line 1,Model-C,117,112,96.3
2026-01-09,2026-W02,Plant Midwest,Line 2,Model-A,115,109,95.5
2026-01-09,2026-W02,Plant Midwest,Line 2,Model-B,112,108,96.6
2026-01-09,2026-W02,Plant Midwest,Line 2,Model-C,113,108,95.7
2026-01-09,2026-W02,Plant Midwest,Line 3,Model-A,116,111,95.9
2026-01-09,2026-W02,Plant Midwest,Line 3,Model-B,129,124,96.8
2026-01-09,2026-W02,Plant Midwest,Line 3,Model-C,116,112,97.1
2026-01-09,2026-W02,Plant Southeast,Line 1,Model-A,112,108,97.0
2026-01-09,2026-W02,Plant Southeast,Line 1,Model-B,117,112,96.1
2026-01-09,2026-W02,Plant Southeast,Line 1,Model-C,111,107,96.8
2026-01-09,2026-W02,Plant Southeast,Line 2,Model-A,129,124,96.5
2026-01-09,2026-W02,Plant Southeast,Line 2,Model-B,120,115,96.2
2026-01-09,2026-W02,Plant Southeast,Line 2,Model-C,110,106,96.8
2026-01-09,2026-W02,Plant Southeast,Line 3,Model-A,127,121,95.9
2026-01-09,2026-W02,Plant Southeast,Line 3,Model-B,125,120,96.6
2026-01-09,2026-W02,Plant Southeast,Line 3,Model-C,120,114,95.2
2026-01-10,2026-W02,Plant Midwest,Line 1,Model-A,122,118,97.3
2026-01-10,2026-W02,Plant Midwest,Line 1,Model-B,121,114,94.7
2026-01-10,2026-W02,Plant Midwest,Line 1,Model-C,120,117,97.9
2026-01-10,2026-W02,Plant Midwest,Line 2,Model-A,111,106,96.3
2026-01-10,2026-W02,Plant Midwest,Line 2,Model-B,120,114,95.3
2026-01-10,2026-W02,Plant Midwest,Line 2,Model-C,110,106,96.9
2026-01-10,2026-W02,Plant Midwest,Line 3,Model-A,110,105,96.1
2026-01-10,2026-W02,Plant Midwest,Line 3,Model-B,121,116,96.1
2026-01-10,2026-W02,Plant Midwest,Line 3,Model-C,112,107,95.6
2026-01-10,2026-W02,Plant Southeast,Line 1,Model-A,116,112,96.7
2026-01-10,2026-W02,Plant Southeast,Line 1,Model-B,111,106,95.7
2026-01-10,2026-W02,Plant Southeast,Line 1,Model-C,120,117,97.9
2026-01-10,2026-W02,Plant Southeast,Line 2,Model-A,120,115,96.3
2026-01-10,2026-W02,Plant Southeast,Line 2,Model-B,120,115,96.0
2026-01-10,2026-W02,Plant Southeast,Line 2,Model-C,113,108,95.9
2026-01-10,2026-W02,Plant Southeast,Line 3,Model-A,117,112,96.0
2026-01-10,2026-W02,Plant Southeast,Line 3,Model-B,127,123,97.0
2026-01-10,2026-W02,Plant Southeast,Line 3,Model-C,129,124,96.2
2026-01-11,2026-W02,Plant Midwest,Line 1,Model-A,118,111,94.2
2026-01-11,2026-W02,Plant Midwest,Line 1,Model-B,110,106,96.4
2026-01-11,2026-W02,Plant Midwest,Line 1,Model-C,113,108,96.3
2026-01-11,2026-W02,Plant Midwest,Line 2,Model-A,114,108,95.4
2026-01-11,2026-W02,Plant Midwest,Line 2,Model-B,112,109,97.7
2026-01-11,2026-W02,Plant Midwest,Line 2,Model-C,128,124,97.0
2026-01-11,2026-W02,Plant Midwest,Line 3,Model-A,126,119,94.7
2026-01-11,2026-W02,Plant Midwest,Line 3,Model-B,127,121,95.6
2026-01-11,2026-W02,Plant Midwest,Line 3,Model-C,115,110,96.4
2026-01-11,2026-W02,Plant Southeast,Line 1,Model-A,122,117,96.3
2026-01-11,2026-W02,Plant Southeast,Line 1,Model-B,128,122,96.1
2026-01-11,2026-W02,Plant Southeast,Line 1,Model-C,121,114,94.9
2026-01-11,2026-W02,Plant Southeast,Line 2,Model-A,129,124,96.4
2026-01-11,2026-W02,Plant Southeast,Line 2,Model-B,118,112,95.1
2026-01-11,2026-W02,Plant Southeast,Line 2,Model-C,122,117,96.6
2026-01-11,2026-W02,Plant Southeast,Line 3,Model-A,116,112,97.4
2026-01-11,2026-W02,Plant Southeast,Line 3,Model-B,126,121,96.0
2026-01-11,2026-W02,Plant Southeast,Line 3,Model-C,128,122,95.9
2026-01-12,2026-W03,Plant Midwest,Line 1,Model-A,110,107,97.8
2026-01-12,2026-W03,Plant Midwest,Line 1,Model-B,123,119,97.1
2026-01-12,2026-W03,Plant Midwest,Line 1,Model-C,122,116,95.5
2026-01-12,2026-W03,Plant Midwest,Line 2,Model-A,119,113,95.5
2026-01-12,2026-W03,Plant Midwest,Line 2,Model-B,112,106,95.2
2026-01-12,2026-W03,Plant Midwest,Line 2,Model-C,120,115,96.6
2026-01-12,2026-W03,Plant Midwest,Line 3,Model-A,119,113,95.5
2026-01-12,2026-W03,Plant Midwest,Line 3,Model-B,127,121,95.9
2026-01-12,2026-W03,Plant Midwest,Line 3,Model-C,110,105,96.1
2026-01-12,2026-W03,Plant Southeast,Line 1,Model-A,124,118,95.4
2026-01-12,2026-W03,Plant Southeast,Line 1,Model-B,111,106,95.6
2026-01-12,2026-W03,Plant Southeast,Line 1,Model-C,119,115,97.0
2026-01-12,2026-W03,Plant Southeast,Line 2,Model-A,110,105,96.3
2026-01-12,2026-W03,Plant Southeast,Line 2,Model-B,127,122,96.5
2026-01-12,2026-W03,Plant Southeast,Line 2,Model-C,122,118,97.2
2026-01-12,2026-W03,Plant Southeast,Line 3,Model-A,119,113,95.6
2026-01-12,2026-W03,Plant Southeast,Line 3,Model-B,123,119,96.9
2026-01-12,2026-W03,Plant Southeast,Line 3,Model-C,110,105,95.8
2026-01-13,2026-W03,Plant Midwest,Line 1,Model-A,128,123,96.4
2026-01-13,2026-W03,Plant Midwest,Line 1,Model-B,129,121,94.5
2026-01-13,2026-W03,Plant Midwest,Line 1,Model-C,120,117,98.0
2026-01-13,2026-W03,Plant Midwest,Line 2,Model-A,113,108,95.6
2026-01-13,2026-W03,Plant Midwest,Line 2,Model-B,119,114,96.6
2026-01-13,2026-W03,Plant Midwest,Line 2,Model-C,115,110,95.9
2026-01-13,2026-W03,Plant Midwest,Line 3,Model-A,120,115,96.6
2026-01-13,2026-W03,Plant Midwest,Line 3,Model-B,118,114,97.2
2026-01-13,2026-W03,Plant Midwest,Line 3,Model-C,114,108,95.2
2026-01-13,2026-W03,Plant Southeast,Line 1,Model-A,110,107,98.0
2026-01-13,2026-W03,Plant Southeast,Line 1,Model-B,112,107,96.0
2026-01-13,2026-W03,Plant Southeast,Line 1,Model-C,126,121,96.3
2026-01-13,2026-W03,Plant Southeast,Line 2,Model-A,117,112,95.9
2026-01-13,2026-W03,Plant Southeast,Line 2,Model-B,126,120,95.8
2026-01-13,2026-W03,Plant Southeast,Line 2,Model-C,117,111,95.3
2026-01-13,2026-W03,Plant Southeast,Line 3,Model-A,116,111,96.2
2026-01-13,2026-W03,Plant Southeast,Line 3,Model-B,117,112,96.1
2026-01-13,2026-W03,Plant Southeast,Line 3,Model-C,127,121,95.6
2026-01-14,2026-W03,Plant Midwest,Line 1,Model-A,119,115,97.4
2026-01-14,2026-W03,Plant Midwest,Line 1,Model-B,112,106,95.1
2026-01-14,2026-W03,Plant Midwest,Line 1,Model-C,123,117,95.6
2026-01-14,2026-W03,Plant Midwest,Line 2,Model-A,122,116,95.2
2026-01-14,2026-W03,Plant Midwest,Line 2,Model-B,125,120,96.5
2026-01-14,2026-W03,Plant Midwest,Line 2,Model-C,115,111,96.7
2026-01-14,2026-W03,Plant Midwest,Line 3,Model-A,115,111,97.1
2026-01-14,2026-W03,Plant Midwest,Line 3,Model-B,118,112,94.9
2026-01-14,2026-W03,Plant Midwest,Line 3,Model-C,122,115,94.7
2026-01-14,2026-W03,Plant Southeast,Line 1,Model-A,110,104,95.1
2026-01-14,2026-W03,Plant Southeast,Line 1,Model-B,117,113,97.1
2026-01-14,2026-W03,Plant Southeast,Line 1,Model-C,128,123,96.3
2026-01-14,2026-W03,Plant Southeast,Line 2,Model-A,114,109,96.4
2026-01-14,2026-W03,Plant Southeast,Line 2,Model-B,110,105,95.9
2026-01-14,2026-W03,Plant Southeast,Line 2,Model-C,129,123,95.7
2026-01-14,2026-W03,Plant Southeast,Line 3,Model-A,126,120,95.6
2026-01-14,2026-W03,Plant Southeast,Line 3,Model-B,122,116,95.8
2026-01-14,2026-W03,Plant Southeast,Line 3,Model-C,114,107,94.7
2026-01-15,2026-W03,Plant Midwest,Line 1,Model-A,114,110,97.0
2026-01-15,2026-W03,Plant Midwest,Line 1,Model-B,117,111,95.3
2026-01-15,2026-W03,Plant Midwest,Line 1,Model-C,117,112,95.9
2026-01-15,2026-W03,Plant Midwest,Line 2,Model-A,117,112,96.4
2026-01-15,2026-W03,Plant Midwest,Line 2,Model-B,126,119,94.7
2026-01-15,2026-W03,Plant Midwest,Line 2,Model-C,129,125,97.0
2026-01-15,2026-W03,Plant Midwest,Line 3,Model-A,126,121,96.3
2026-01-15,2026-W03,Plant Midwest,Line 3,Model-B,112,109,98.1
2026-01-15,2026-W03,Plant Midwest,Line 3,Model-C,128,122,95.8
2026-01-15,2026-W03,Plant Southeast,Line 1,Model-A,124,116,93.9
2026-01-15,2026-W03,Plant Southeast,Line 1,Model-B,110,104,94.6
2026-01-15,2026-W03,Plant Southeast,Line 1,Model-C,124,119,96.7
2026-01-15,2026-W03,Plant Southeast,Line 2,Model-A,115,110,96.1
2026-01-15,2026-W03,Plant Southeast,Line 2,Model-B,112,106,95.1
2026-01-15,2026-W03,Plant Southeast,Line 2,Model-C,126,119,94.5
2026-01-15,2026-W03,Plant Southeast,Line 3,Model-A,126,121,96.1
2026-01-15,2026-W03,Plant Southeast,Line 3,Model-B,117,110,94.8
2026-01-15,2026-W03,Plant Southeast,Line 3,Model-C,121,116,96.5
2026-01-16,2026-W03,Plant Midwest,Line 1,Model-A,128,122,96.0
2026-01-16,2026-W03,Plant Midwest,Line 1,Model-B,120,115,96.0
2026-01-16,2026-W03,Plant Midwest,Line 1,Model-C,113,108,96.5
2026-01-16,2026-W03,Plant Midwest,Line 2,Model-A,126,121,96.4
2026-01-16,2026-W03,Plant Midwest,Line 2,Model-B,111,106,96.1
2026-01-16,2026-W03,Plant Midwest,Line 2,Model-C,117,112,96.0
2026-01-16,2026-W03,Plant Midwest,Line 3,Model-A,112,108,96.8
2026-01-16,2026-W03,Plant Midwest,Line 3,Model-B,122,118,96.8
2026-01-16,2026-W03,Plant Midwest,Line 3,Model-C,110,104,94.9
2026-01-16,2026-W03,Plant Southeast,Line 1,Model-A,123,119,96.9
2026-01-16,2026-W03,Plant Southeast,Line 1,Model-B,113,109,97.2
2026-01-16,2026-W03,Plant Southeast,Line 1,Model-C,121,116,96.3
2026-01-16,2026-W03,Plant Southeast,Line 2,Model-A,126,122,97.4
2026-01-16,2026-W03,Plant Southeast,Line 2,Model-B,129,123,95.8
2026-01-16,2026-W03,Plant Southeast,Line 2,Model-C,129,123,95.6
2026-01-16,2026-W03,Plant Southeast,Line 3,Model-A,119,114,96.1
2026-01-16,2026-W03,Plant Southeast,Line 3,Model-B,127,122,96.7
2026-01-16,2026-W03,Plant Southeast,Line 3,Model-C,118,114,97.1
2026-01-17,2026-W03,Plant Midwest,Line 1,Model-A,129,124,96.3
2026-01-17,2026-W03,Plant Midwest,Line 1,Model-B,118,113,96.3
2026-01-17,2026-W03,Plant Midwest,Line 1,Model-C,120,115,96.3
2026-01-17,2026-W03,Plant Midwest,Line 2,Model-A,111,107,96.6
2026-01-17,2026-W03,Plant Midwest,Line 2,Model-B,124,120,96.9
2026-01-17,2026-W03,Plant Midwest,Line 2,Model-C,116,112,97.3
2026-01-17,2026-W03,Plant Midwest,Line 3,Model-A,121,117,96.8
2026-01-17,2026-W03,Plant Midwest,Line 3,Model-B,123,119,96.8
2026-01-17,2026-W03,Plant Midwest,Line 3,Model-C,112,107,96.0
2026-01-17,2026-W03,Plant Southeast,Line 1,Model-A,119,115,96.9
2026-01-17,2026-W03,Plant Southeast,Line 1,Model-B,119,114,96.6
2026-01-17,2026-W03,Plant Southeast,Line 1,Model-C,126,120,96.0
2026-01-17,2026-W03,Plant Southeast,Line 2,Model-A,127,122,96.7
2026-01-17,2026-W03,Plant Southeast,Line 2,Model-B,114,109,96.1
2026-01-17,2026-W03,Plant Southeast,Line 2,Model-C,125,119,95.3
2026-01-17,2026-W03,Plant Southeast,Line 3,Model-A,115,109,95.4
2026-01-17,2026-W03,Plant Southeast,Line 3,Model-B,121,116,96.2
2026-01-17,2026-W03,Plant Southeast,Line 3,Model-C,118,111,94.8
2026-01-18,2026-W03,Plant Midwest,Line 1,Model-A,113,108,96.3
2026-01-18,2026-W03,Plant Midwest,Line 1,Model-B,123,118,96.3
2026-01-18,2026-W03,Plant Midwest,Line 1,Model-C,114,109,96.0
2026-01-18,2026-W03,Plant Midwest,Line 2,Model-A,119,114,96.2
2026-01-18,2026-W03,Plant Midwest,Line 2,Model-B,114,109,96.1
2026-01-18,2026-W03,Plant Midwest,Line 2,Model-C,128,122,96.0
2026-01-18,2026-W03,Plant Midwest,Line 3,Model-A,127,121,95.9
2026-01-18,2026-W03,Plant Midwest,Line 3,Model-B,110,105,96.3
2026-01-18,2026-W03,Plant Midwest,Line 3,Model-C,129,124,96.6
2026-01-18,2026-W03,Plant Southeast,Line 1,Model-A,110,104,95.5
2026-01-18,2026-W03,Plant Southeast,Line 1,Model-B,116,110,95.4
2026-01-18,2026-W03,Plant Southeast,Line 1,Model-C,122,117,96.7
2026-01-18,2026-W03,Plant Southeast,Line 2,Model-A,114,108,95.5
2026-01-18,2026-W03,Plant Southeast,Line 2,Model-B,114,109,96.5
2026-01-18,2026-W03,Plant Southeast,Line 2,Model-C,118,113,96.1
2026-01-18,2026-W03,Plant Southeast,Line 3,Model-A,119,114,96.4
2026-01-18,2026-W03,Plant Southeast,Line 3,Model-B,111,105,95.0
2026-01-18,2026-W03,Plant Southeast,Line 3,Model-C,128,123,96.4
2026-01-19,2026-W04,Plant Midwest,Line 1,Model-A,115,110,95.8
2026-01-19,2026-W04,Plant Midwest,Line 1,Model-B,117,112,96.5
2026-01-19,2026-W04,Plant Midwest,Line 1,Model-C,120,116,97.1
2026-01-19,2026-W04,Plant Midwest,Line 2,Model-A,118,112,95.0
2026-01-19,2026-W04,Plant Midwest,Line 2,Model-B,117,111,95.3
2026-01-19,2026-W04,Plant Midwest,Line 2,Model-C,110,105,96.2
2026-01-19,2026-W04,Plant Midwest,Line 3,Model-A,108,101,93.9
2026-01-19,2026-W04,Plant Midwest,Line 3,Model-B,104,98,95.2
2026-01-19,2026-W04,Plant Midwest,Line 3,Model-C,115,104,91.0
2026-01-19,2026-W04,Plant Southeast,Line 1,Model-A,124,119,96.8
2026-01-19,2026-W04,Plant Southeast,Line 1,Model-B,124,117,94.8
2026-01-19,2026-W04,Plant Southeast,Line 1,Model-C,115,108,94.7
2026-01-19,2026-W04,Plant Southeast,Line 2,Model-A,110,107,97.8
2026-01-19,2026-W04,Plant Southeast,Line 2,Model-B,110,106,96.7
2026-01-19,2026-W04,Plant Southeast,Line 2,Model-C,117,112,96.2
2026-01-19,2026-W04,Plant Southeast,Line 3,Model-A,110,106,96.5
2026-01-19,2026-W04,Plant Southeast,Line 3,Model-B,119,114,96.3
2026-01-19,2026-W04,Plant Southeast,Line 3,Model-C,121,116,96.0
2026-01-20,2026-W04,Plant Midwest,Line 1,Model-A,121,115,95.4
2026-01-20,2026-W04,Plant Midwest,Line 1,Model-B,124,119,96.4
2026-01-20,2026-W04,Plant Midwest,Line 1,Model-C,126,119,94.9
2026-01-20,2026-W04,Plant Midwest,Line 2,Model-A,112,106,95.1
2026-01-20,2026-W04,Plant Midwest,Line 2,Model-B,127,123,97.0
2026-01-20,2026-W04,Plant Midwest,Line 2,Model-C,113,108,95.8
2026-01-20,2026-W04,Plant Midwest,Line 3,Model-A,109,102,93.6
2026-01-20,2026-W04,Plant Midwest,Line 3,Model-B,111,103,92.9
2026-01-20,2026-W04,Plant Midwest,Line 3,Model-C,115,106,92.5
2026-01-20,2026-W04,Plant Southeast,Line 1,Model-A,122,119,97.7
2026-01-20,2026-W04,Plant Southeast,Line 1,Model-B,114,109,96.1
2026-01-20,2026-W04,Plant Southeast,Line 1,Model-C,115,109,95.3
2026-01-20,2026-W04,Plant Southeast,Line 2,Model-A,110,107,97.7
2026-01-20,2026-W04,Plant Southeast,Line 2,Model-B,120,113,94.7
2026-01-20,2026-W04,Plant Southeast,Line 2,Model-C,116,110,94.9
2026-01-20,2026-W04,Plant Southeast,Line 3,Model-A,125,120,96.5
2026-01-20,2026-W04,Plant Southeast,Line 3,Model-B,124,117,94.5
2026-01-20,2026-W04,Plant Southeast,Line 3,Model-C,127,121,96.0
2026-01-21,2026-W04,Plant Midwest,Line 1,Model-A,115,110,95.7
2026-01-21,2026-W04,Plant Midwest,Line 1,Model-B,113,108,95.9
2026-01-21,2026-W04,Plant Midwest,Line 1,Model-C,122,116,95.8
2026-01-21,2026-W04,Plant Midwest,Line 2,Model-A,110,105,95.9
2026-01-21,2026-W04,Plant Midwest,Line 2,Model-B,124,120,96.8
2026-01-21,2026-W04,Plant Midwest,Line 2,Model-C,124,118,95.9
2026-01-21,2026-W04,Plant Midwest,Line 3,Model-A,105,98,93.9
2026-01-21,2026-W04,Plant Midwest,Line 3,Model-B,101,95,94.8
2026-01-21,2026-W04,Plant Midwest,Line 3,Model-C,103,94,91.5
2026-01-21,2026-W04,Plant Southeast,Line 1,Model-A,112,106,95.4
2026-01-21,2026-W04,Plant Southeast,Line 1,Model-B,110,105,95.5
2026-01-21,2026-W04,Plant Southeast,Line 1,Model-C,128,124,97.1
2026-01-21,2026-W04,Plant Southeast,Line 2,Model-A,127,121,95.6
2026-01-21,2026-W04,Plant Southeast,Line 2,Model-B,118,112,95.3
2026-01-21,2026-W04,Plant Southeast,Line 2,Model-C,118,114,97.3
2026-01-21,2026-W04,Plant Southeast,Line 3,Model-A,124,119,96.1
2026-01-21,2026-W04,Plant Southeast,Line 3,Model-B,124,118,95.7
2026-01-21,2026-W04,Plant Southeast,Line 3,Model-C,127,120,95.0
2026-01-22,2026-W04,Plant Midwest,Line 1,Model-A,111,105,95.0
2026-01-22,2026-W04,Plant Midwest,Line 1,Model-B,113,108,95.9
2026-01-22,2026-W04,Plant Midwest,Line 1,Model-C,111,106,96.2
2026-01-22,2026-W04,Plant Midwest,Line 2,Model-A,112,107,96.4
2026-01-22,2026-W04,Plant Midwest,Line 2,Model-B,111,107,97.1
2026-01-22,2026-W04,Plant Midwest,Line 2,Model-C,128,125,97.7
2026-01-22,2026-W04,Plant Midwest,Line 3,Model-A,102,92,90.9
2026-01-22,2026-W04,Plant Midwest,Line 3,Model-B,111,105,94.7
2026-01-22,2026-W04,Plant Midwest,Line 3,Model-C,111,102,92.4
2026-01-22,2026-W04,Plant Southeast,Line 1,Model-A,125,119,95.3
2026-01-22,2026-W04,Plant Southeast,Line 1,Model-B,124,117,94.9
2026-01-22,2026-W04,Plant Southeast,Line 1,Model-C,128,122,96.0
2026-01-22,2026-W04,Plant Southeast,Line 2,Model-A,119,114,96.2
2026-01-22,2026-W04,Plant Southeast,Line 2,Model-B,116,110,95.2
2026-01-22,2026-W04,Plant Southeast,Line 2,Model-C,120,114,95.3
2026-01-22,2026-W04,Plant Southeast,Line 3,Model-A,127,119,94.2
2026-01-22,2026-W04,Plant Southeast,Line 3,Model-B,113,108,96.0
2026-01-22,2026-W04,Plant Southeast,Line 3,Model-C,123,119,96.8
2026-01-23,2026-W04,Plant Midwest,Line 1,Model-A,128,122,96.0
2026-01-23,2026-W04,Plant Midwest,Line 1,Model-B,122,117,96.6
2026-01-23,2026-W04,Plant Midwest,Line 1,Model-C,127,121,95.3
2026-01-23,2026-W04,Plant Midwest,Line 2,Model-A,118,112,95.6
2026-01-23,2026-W04,Plant Midwest,Line 2,Model-B,113,108,96.1
2026-01-23,2026-W04,Plant Midwest,Line 2,Model-C,125,120,96.5
2026-01-23,2026-W04,Plant Midwest,Line 3,Model-A,112,105,93.8
2026-01-23,2026-W04,Plant Midwest,Line 3,Model-B,107,98,91.9
2026-01-23,2026-W04,Plant Midwest,Line 3,Model-C,118,108,92.1
2026-01-23,2026-W04,Plant Southeast,Line 1,Model-A,115,110,95.8
2026-01-23,2026-W04,Plant Southeast,Line 1,Model-B,114,109,96.0
2026-01-23,2026-W04,Plant Southeast,Line 1,Model-C,122,118,96.9
2026-01-23,2026-W04,Plant Southeast,Line 2,Model-A,117,112,96.5
2026-01-23,2026-W04,Plant Southeast,Line 2,Model-B,118,112,95.4
2026-01-23,2026-W04,Plant Southeast,Line 2,Model-C,129,124,96.3
2026-01-23,2026-W04,Plant Southeast,Line 3,Model-A,124,120,97.0
2026-01-23,2026-W04,Plant Southeast,Line 3,Model-B,114,108,95.1
2026-01-23,2026-W04,Plant Southeast,Line 3,Model-C,118,112,95.6
2026-01-24,2026-W04,Plant Midwest,Line 1,Model-A,128,124,97.0
2026-01-24,2026-W04,Plant Midwest,Line 1,Model-B,111,105,95.1
2026-01-24,2026-W04,Plant Midwest,Line 1,Model-C,110,104,94.8
2026-01-24,2026-W04,Plant Midwest,Line 2,Model-A,112,108,96.7
2026-01-24,2026-W04,Plant Midwest,Line 2,Model-B,114,110,97.1
2026-01-24,2026-W04,Plant Midwest,Line 2,Model-C,126,120,95.4
2026-01-24,2026-W04,Plant Midwest,Line 3,Model-A,115,110,96.2
2026-01-24,2026-W04,Plant Midwest,Line 3,Model-B,108,101,94.4
2026-01-24,2026-W04,Plant Midwest,Line 3,Model-C,117,109,93.5
2026-01-24,2026-W04,Plant Southeast,Line 1,Model-A,129,123,95.6
2026-01-24,2026-W04,Plant Southeast,Line 1,Model-B,112,107,96.4
2026-01-24,2026-W04,Plant Southeast,Line 1,Model-C,123,117,95.7
2026-01-24,2026-W04,Plant Southeast,Line 2,Model-A,112,107,96.2
2026-01-24,2026-W04,Plant Southeast,Line 2,Model-B,117,112,96.3
2026-01-24,2026-W04,Plant Southeast,Line 2,Model-C,128,121,95.2
2026-01-24,2026-W04,Plant Southeast,Line 3,Model-A,127,123,97.5
2026-01-24,2026-W04,Plant Southeast,Line 3,Model-B,127,123,97.6
2026-01-24,2026-W04,Plant Southeast,Line 3,Model-C,110,104,94.6
2026-01-25,2026-W04,Plant Midwest,Line 1,Model-A,128,120,94.2
2026-01-25,2026-W04,Plant Midwest,Line 1,Model-B,113,106,94.6
2026-01-25,2026-W04,Plant Midwest,Line 1,Model-C,113,108,96.0
2026-01-25,2026-W04,Plant Midwest,Line 2,Model-A,126,122,97.2
2026-01-25,2026-W04,Plant Midwest,Line 2,Model-B,126,120,95.9
2026-01-25,2026-W04,Plant Midwest,Line 2,Model-C,117,113,96.6
2026-01-25,2026-W04,Plant Midwest,Line 3,Model-A,109,101,92.7
2026-01-25,2026-W04,Plant Midwest,Line 3,Model-B,101,92,92.1
2026-01-25,2026-W04,Plant Midwest,Line 3,Model-C,108,101,94.4
2026-01-25,2026-W04,Plant Southeast,Line 1,Model-A,118,115,98.2
2026-01-25,2026-W04,Plant Southeast,Line 1,Model-B,114,109,95.8
2026-01-25,2026-W04,Plant Southeast,Line 1,Model-C,115,109,95.4
2026-01-25,2026-W04,Plant Southeast,Line 2,Model-A,122,116,95.3
2026-01-25,2026-W04,Plant Southeast,Line 2,Model-B,129,125,97.6
2026-01-25,2026-W04,Plant Southeast,Line 2,Model-C,119,114,96.4
2026-01-25,2026-W04,Plant Southeast,Line 3,Model-A,116,112,96.6
2026-01-25,2026-W04,Plant Southeast,Line 3,Model-B,119,116,97.6
2026-01-25,2026-W04,Plant Southeast,Line 3,Model-C,111,106,95.6
2026-01-26,2026-W05,Plant Midwest,Line 1,Model-A,123,117,95.8
2026-01-26,2026-W05,Plant Midwest,Line 1,Model-B,126,121,96.8
2026-01-26,2026-W05,Plant Midwest,Line 1,Model-C,127,121,95.3
2026-01-26,2026-W05,Plant Midwest,Line 2,Model-A,127,122,96.7
2026-01-26,2026-W05,Plant Midwest,Line 2,Model-B,121,115,95.9
2026-01-26,2026-W05,Plant Midwest,Line 2,Model-C,110,104,94.9
2026-01-26,2026-W05,Plant Midwest,Line 3,Model-A,102,90,89.2
2026-01-26,2026-W05,Plant Midwest,Line 3,Model-B,107,94,88.2
2026-01-26,2026-W05,Plant Midwest,Line 3,Model-C,118,106,90.3
2026-01-26,2026-W05,Plant Southeast,Line 1,Model-A,111,105,95.2
2026-01-26,2026-W05,Plant Southeast,Line 1,Model-B,115,111,97.0
2026-01-26,2026-W05,Plant Southeast,Line 1,Model-C,111,106,95.9
2026-01-26,2026-W05,Plant Southeast,Line 2,Model-A,121,115,95.6
2026-01-26,2026-W05,Plant Southeast,Line 2,Model-B,117,112,96.6
2026-01-26,2026-W05,Plant Southeast,Line 2,Model-C,123,119,96.9
2026-01-26,2026-W05,Plant Southeast,Line 3,Model-A,116,112,96.9
2026-01-26,2026-W05,Plant Southeast,Line 3,Model-B,124,119,96.3
2026-01-26,2026-W05,Plant Southeast,Line 3,Model-C,113,107,95.0
2026-01-27,2026-W05,Plant Midwest,Line 1,Model-A,123,119,96.8
2026-01-27,2026-W05,Plant Midwest,Line 1,Model-B,119,113,95.5
2026-01-27,2026-W05,Plant Midwest,Line 1,Model-C,115,112,97.6
2026-01-27,2026-W05,Plant Midwest,Line 2,Model-A,113,109,96.6
2026-01-27,2026-W05,Plant Midwest,Line 2,Model-B,118,112,95.7
2026-01-27,2026-W05,Plant Midwest,Line 2,Model-C,117,112,95.9
2026-01-27,2026-W05,Plant Midwest,Line 3,Model-A,117,104,89.7
2026-01-27,2026-W05,Plant Midwest,Line 3,Model-B,109,96,88.8
2026-01-27,2026-W05,Plant Midwest,Line 3,Model-C,116,103,89.0
2026-01-27,2026-W05,Plant Southeast,Line 1,Model-A,112,107,96.0
2026-01-27,2026-W05,Plant Southeast,Line 1,Model-B,123,119,97.3
2026-01-27,2026-W05,Plant Southeast,Line 1,Model-C,115,111,97.1
2026-01-27,2026-W05,Plant Southeast,Line 2,Model-A,124,117,95.1
2026-01-27,2026-W05,Plant Southeast,Line 2,Model-B,119,114,96.2
2026-01-27,2026-W05,Plant Southeast,Line 2,Model-C,121,115,95.7
2026-01-27,2026-W05,Plant Southeast,Line 3,Model-A,118,113,96.2
2026-01-27,2026-W05,Plant Southeast,Line 3,Model-B,112,107,95.8
2026-01-27,2026-W05,Plant Southeast,Line 3,Model-C,127,121,95.7
2026-01-28,2026-W05,Plant Midwest,Line 1,Model-A,120,114,95.3
2026-01-28,2026-W05,Plant Midwest,Line 1,Model-B,112,109,97.7
2026-01-28,2026-W05,Plant Midwest,Line 1,Model-C,118,114,96.7
2026-01-28,2026-W05,Plant Midwest,Line 2,Model-A,128,123,96.3
2026-01-28,2026-W05,Plant Midwest,Line 2,Model-B,124,120,96.8
2026-01-28,2026-W05,Plant Midwest,Line 2,Model-C,112,107,96.2
2026-01-28,2026-W05,Plant Midwest,Line 3,Model-A,101,91,90.7
2026-01-28,2026-W05,Plant Midwest,Line 3,Model-B,113,101,90.1
2026-01-28,2026-W05,Plant Midwest,Line 3,Model-C,101,89,88.7
2026-01-28,2026-W05,Plant Southeast,Line 1,Model-A,129,124,96.6
2026-01-28,2026-W05,Plant Southeast,Line 1,Model-B,123,118,96.0
2026-01-28,2026-W05,Plant Southeast,Line 1,Model-C,117,112,96.5
2026-01-28,2026-W05,Plant Southeast,Line 2,Model-A,110,106,96.5
2026-01-28,2026-W05,Plant Southeast,Line 2,Model-B,114,108,95.4
2026-01-28,2026-W05,Plant Southeast,Line 2,Model-C,129,126,97.9
2026-01-28,2026-W05,Plant Southeast,Line 3,Model-A,110,106,96.8
2026-01-28,2026-W05,Plant Southeast,Line 3,Model-B,116,110,95.4
2026-01-28,2026-W05,Plant Southeast,Line 3,Model-C,116,110,95.1
2026-01-29,2026-W05,Plant Midwest,Line 1,Model-A,126,120,95.3
2026-01-29,2026-W05,Plant Midwest,Line 1,Model-B,115,111,96.5
2026-01-29,2026-W05,Plant Midwest,Line 1,Model-C,120,114,95.8
2026-01-29,2026-W05,Plant Midwest,Line 2,Model-A,119,113,95.8
2026-01-29,2026-W05,Plant Midwest,Line 2,Model-B,114,108,95.2
2026-01-29,2026-W05,Plant Midwest,Line 2,Model-C,124,119,96.6
2026-01-29,2026-W05,Plant Midwest,Line 3,Model-A,118,108,91.6
2026-01-29,2026-W05,Plant Midwest,Line 3,Model-B,113,103,91.2
2026-01-29,2026-W05,Plant Midwest,Line 3,Model-C,102,92,91.0
2026-01-29,2026-W05,Plant Southeast,Line 1,Model-A,114,108,95.1
2026-01-29,2026-W05,Plant Southeast,Line 1,Model-B,110,105,96.2
2026-01-29,2026-W05,Plant Southeast,Line 1,Model-C,122,119,97.8
2026-01-29,2026-W05,Plant Southeast,Line 2,Model-A,112,107,96.0
2026-01-29,2026-W05,Plant Southeast,Line 2,Model-B,110,105,96.3
2026-01-29,2026-W05,Plant Southeast,Line 2,Model-C,114,109,95.9
2026-01-29,2026-W05,Plant Southeast,Line 3,Model-A,115,110,96.1
2026-01-29,2026-W05,Plant Southeast,Line 3,Model-B,117,111,95.4
2026-01-29,2026-W05,Plant Southeast,Line 3,Model-C,122,115,94.9
2026-01-30,2026-W05,Plant Midwest,Line 1,Model-A,126,121,96.8
2026-01-30,2026-W05,Plant Midwest,Line 1,Model-B,114,109,96.2
2026-01-30,2026-W05,Plant Midwest,Line 1,Model-C,115,110,96.3
2026-01-30,2026-W05,Plant Midwest,Line 2,Model-A,119,114,96.3
2026-01-30,2026-W05,Plant Midwest,Line 2,Model-B,126,120,95.3
2026-01-30,2026-W05,Plant Midwest,Line 2,Model-C,123,118,96.7
2026-01-30,2026-W05,Plant Midwest,Line 3,Model-A,111,101,91.5
2026-01-30,2026-W05,Plant Midwest,Line 3,Model-B,118,107,91.5
2026-01-30,2026-W05,Plant Midwest,Line 3,Model-C,111,100,90.8
2026-01-30,2026-W05,Plant Southeast,Line 1,Model-A,121,115,95.3
2026-01-30,2026-W05,Plant Southeast,Line 1,Model-B,129,124,96.7
2026-01-30,2026-W05,Plant Southeast,Line 1,Model-C,127,122,96.4
2026-01-30,2026-W05,Plant Southeast,Line 2,Model-A,128,124,97.4
2026-01-30,2026-W05,Plant Southeast,Line 2,Model-B,126,118,94.1
2026-01-30,2026-W05,Plant Southeast,Line 2,Model-C,124,119,96.4
2026-01-30,2026-W05,Plant Southeast,Line 3,Model-A,110,107,97.4
2026-01-30,2026-W05,Plant Southeast,Line 3,Model-B,116,110,95.0
2026-01-30,2026-W05,Plant Southeast,Line 3,Model-C,124,119,96.3
2026-01-31,2026-W05,Plant Midwest,Line 1,Model-A,116,111,96.3
2026-01-31,2026-W05,Plant Midwest,Line 1,Model-B,115,111,97.0
2026-01-31,2026-W05,Plant Midwest,Line 1,Model-C,115,111,96.6
2026-01-31,2026-W05,Plant Midwest,Line 2,Model-A,126,122,97.2
2026-01-31,2026-W05,Plant Midwest,Line 2,Model-B,127,122,96.4
2026-01-31,2026-W05,Plant Midwest,Line 2,Model-C,128,123,96.1
2026-01-31,2026-W05,Plant Midwest,Line 3,Model-A,107,94,88.6
2026-01-31,2026-W05,Plant Midwest,Line 3,Model-B,110,99,90.0
2026-01-31,2026-W05,Plant Midwest,Line 3,Model-C,113,103,91.2
2026-01-31,2026-W05,Plant Southeast,Line 1,Model-A,110,107,97.8
2026-01-31,2026-W05,Plant Southeast,Line 1,Model-B,121,115,95.4
2026-01-31,2026-W05,Plant Southeast,Line 1,Model-C,126,119,95.1
2026-01-31,2026-W05,Plant Southeast,Line 2,Model-A,113,108,96.4
2026-01-31,2026-W05,Plant Southeast,Line 2,Model-B,117,112,96.4
2026-01-31,2026-W05,Plant Southeast,Line 2,Model-C,118,114,97.3
2026-01-31,2026-W05,Plant Southeast,Line 3,Model-A,111,106,96.1
2026-01-31,2026-W05,Plant Southeast,Line 3,Model-B,118,113,96.0
2026-01-31,2026-W05,Plant Southeast,Line 3,Model-C,111,106,96.4
2026-02-01,2026-W05,Plant Midwest,Line 1,Model-A,115,112,97.9
2026-02-01,2026-W05,Plant Midwest,Line 1,Model-B,125,119,95.5
2026-02-01,2026-W05,Plant Midwest,Line 1,Model-C,127,121,96.0
2026-02-01,2026-W05,Plant Midwest,Line 2,Model-A,110,107,97.4
2026-02-01,2026-W05,Plant Midwest,Line 2,Model-B,117,114,97.7
2026-02-01,2026-W05,Plant Midwest,Line 2,Model-C,129,124,96.6
2026-02-01,2026-W05,Plant Midwest,Line 3,Model-A,109,95,88.1
2026-02-01,2026-W05,Plant Midwest,Line 3,Model-B,103,93,90.8
2026-02-01,2026-W05,Plant Midwest,Line 3,Model-C,110,99,90.2
2026-02-01,2026-W05,Plant Southeast,Line 1,Model-A,124,118,95.6
2026-02-01,2026-W05,Plant Southeast,Line 1,Model-B,122,117,95.9
2026-02-01,2026-W05,Plant Southeast,Line 1,Model-C,111,105,95.1
2026-02-01,2026-W05,Plant Southeast,Line 2,Model-A,121,115,95.5
2026-02-01,2026-W05,Plant Southeast,Line 2,Model-B,129,122,94.6
2026-02-01,2026-W05,Plant Southeast,Line 2,Model-C,124,120,97.1
2026-02-01,2026-W05,Plant Southeast,Line 3,Model-A,123,118,96.6
2026-02-01,2026-W05,Plant Southeast,Line 3,Model-B,127,121,96.0
2026-02-01,2026-W05,Plant Southeast,Line 3,Model-C,114,109,95.9
2026-02-02,2026-W06,Plant Midwest,Line 1,Model-A,121,115,95.8
2026-02-02,2026-W06,Plant Midwest,Line 1,Model-B,124,118,95.5
2026-02-02,2026-W06,Plant Midwest,Line 1,Model-C,121,115,95.5
2026-02-02,2026-W06,Plant Midwest,Line 2,Model-A,111,105,95.3
2026-02-02,2026-W06,Plant Midwest,Line 2,Model-B,122,118,97.1
2026-02-02,2026-W06,Plant Midwest,Line 2,Model-C,121,116,96.1
2026-02-02,2026-W06,Plant Midwest,Line 3,Model-A,111,97,87.4
2026-02-02,2026-W06,Plant Midwest,Line 3,Model-B,114,98,86.4
2026-02-02,2026-W06,Plant Midwest,Line 3,Model-C,113,100,88.8
2026-02-02,2026-W06,Plant Southeast,Line 1,Model-A,112,108,97.3
2026-02-02,2026-W06,Plant Southeast,Line 1,Model-B,110,106,96.9
2026-02-02,2026-W06,Plant Southeast,Line 1,Model-C,113,109,96.6
2026-02-02,2026-W06,Plant Southeast,Line 2,Model-A,111,106,95.6
2026-02-02,2026-W06,Plant Southeast,Line 2,Model-B,128,122,95.5
2026-02-02,2026-W06,Plant Southeast,Line 2,Model-C,117,112,96.2
2026-02-02,2026-W06,Plant Southeast,Line 3,Model-A,124,119,96.2
2026-02-02,2026-W06,Plant Southeast,Line 3,Model-B,121,116,96.0
2026-02-02,2026-W06,Plant Southeast,Line 3,Model-C,112,107,96.2
2026-02-03,2026-W06,Plant Midwest,Line 1,Model-A,123,119,96.9
2026-02-03,2026-W06,Plant Midwest,Line 1,Model-B,112,107,96.2
2026-02-03,2026-W06,Plant Midwest,Line 1,Model-C,118,113,96.4
2026-02-03,2026-W06,Plant Midwest,Line 2,Model-A,116,112,97.2
2026-02-03,2026-W06,Plant Midwest,Line 2,Model-B,129,124,96.6
2026-02-03,2026-W06,Plant Midwest,Line 2,Model-C,119,113,95.7
2026-02-03,2026-W06,Plant Midwest,Line 3,Model-A,115,99,86.6
2026-02-03,2026-W06,Plant Midwest,Line 3,Model-B,115,99,86.8
2026-02-03,2026-W06,Plant Midwest,Line 3,Model-C,103,90,88.3
2026-02-03,2026-W06,Plant Southeast,Line 1,Model-A,118,114,96.7
2026-02-03,2026-W06,Plant Southeast,Line 1,Model-B,123,118,96.3
2026-02-03,2026-W06,Plant Southeast,Line 1,Model-C,129,125,97.2
2026-02-03,2026-W06,Plant Southeast,Line 2,Model-A,114,110,97.0
2026-02-03,2026-W06,Plant Southeast,Line 2,Model-B,120,115,96.4
2026-02-03,2026-W06,Plant Southeast,Line 2,Model-C,116,112,96.6
2026-02-03,2026-W06,Plant Southeast,Line 3,Model-A,121,118,97.7
2026-02-03,2026-W06,Plant Southeast,Line 3,Model-B,127,121,95.8
2026-02-03,2026-W06,Plant Southeast,Line 3,Model-C,110,105,95.8
2026-02-04,2026-W06,Plant Midwest,Line 1,Model-A,119,114,96.1
2026-02-04,2026-W06,Plant Midwest,Line 1,Model-B,116,110,94.8
2026-02-04,2026-W06,Plant Midwest,Line 1,Model-C,126,120,95.3
2026-02-04,2026-W06,Plant Midwest,Line 2,Model-A,112,106,95.5
2026-02-04,2026-W06,Plant Midwest,Line 2,Model-B,125,121,97.3
2026-02-04,2026-W06,Plant Midwest,Line 2,Model-C,110,105,95.5
2026-02-04,2026-W06,Plant Midwest,Line 3,Model-A,103,91,88.7
2026-02-04,2026-W06,Plant Midwest,Line 3,Model-B,107,93,87.8
2026-02-04,2026-W06,Plant Midwest,Line 3,Model-C,105,90,86.6
2026-02-04,2026-W06,Plant Southeast,Line 1,Model-A,117,112,96.3
2026-02-04,2026-W06,Plant Southeast,Line 1,Model-B,124,118,95.8
2026-02-04,2026-W06,Plant Southeast,Line 1,Model-C,116,112,96.6
2026-02-04,2026-W06,Plant Southeast,Line 2,Model-A,125,118,95.0
2026-02-04,2026-W06,Plant Southeast,Line 2,Model-B,122,118,97.2
2026-02-04,2026-W06,Plant Southeast,Line 2,Model-C,124,117,94.9
2026-02-04,2026-W06,Plant Southeast,Line 3,Model-A,115,111,96.9
2026-02-04,2026-W06,Plant Southeast,Line 3,Model-B,126,121,96.3
2026-02-04,2026-W06,Plant Southeast,Line 3,Model-C,126,121,96.3
2026-02-05,2026-W06,Plant Midwest,Line 1,Model-A,113,107,95.1
2026-02-05,2026-W06,Plant Midwest,Line 1,Model-B,124,119,96.6
2026-02-05,2026-W06,Plant Midwest,Line 1,Model-C,117,113,97.1
2026-02-05,2026-W06,Plant Midwest,Line 2,Model-A,129,122,95.3
2026-02-05,2026-W06,Plant Midwest,Line 2,Model-B,124,118,95.8
2026-02-05,2026-W06,Plant Midwest,Line 2,Model-C,123,118,96.4
2026-02-05,2026-W06,Plant Midwest,Line 3,Model-A,105,93,89.1
2026-02-05,2026-W06,Plant Midwest,Line 3,Model-B,113,99,87.6
2026-02-05,2026-W06,Plant Midwest,Line 3,Model-C,102,89,87.9
2026-02-05,2026-W06,Plant Southeast,Line 1,Model-A,113,106,94.6
2026-02-05,2026-W06,Plant Southeast,Line 1,Model-B,127,121,95.4
2026-02-05,2026-W06,Plant Southeast,Line 1,Model-C,124,118,95.7
2026-02-05,2026-W06,Plant Southeast,Line 2,Model-A,126,122,96.9
2026-02-05,2026-W06,Plant Southeast,Line 2,Model-B,115,111,97.3
2026-02-05,2026-W06,Plant Southeast,Line 2,Model-C,112,107,95.7
2026-02-05,2026-W06,Plant Southeast,Line 3,Model-A,110,105,96.0
2026-02-05,2026-W06,Plant Southeast,Line 3,Model-B,125,120,96.6
2026-02-05,2026-W06,Plant Southeast,Line 3,Model-C,123,119,97.5
2026-02-06,2026-W06,Plant Midwest,Line 1,Model-A,113,109,97.2
2026-02-06,2026-W06,Plant Midwest,Line 1,Model-B,116,112,97.1
2026-02-06,2026-W06,Plant Midwest,Line 1,Model-C,119,115,96.6
2026-02-06,2026-W06,Plant Midwest,Line 2,Model-A,124,119,96.4
2026-02-06,2026-W06,Plant Midwest,Line 2,Model-B,126,120,95.3
2026-02-06,2026-W06,Plant Midwest,Line 2,Model-C,124,118,95.8
2026-02-06,2026-W06,Plant Midwest,Line 3,Model-A,116,101,87.5
2026-02-06,2026-W06,Plant Midwest,Line 3,Model-B,107,90,84.6
2026-02-06,2026-W06,Plant Midwest,Line 3,Model-C,101,90,89.4
2026-02-06,2026-W06,Plant Southeast,Line 1,Model-A,124,120,96.9
2026-02-06,2026-W06,Plant Southeast,Line 1,Model-B,125,123,98.6
2026-02-06,2026-W06,Plant Southeast,Line 1,Model-C,126,120,95.7
2026-02-06,2026-W06,Plant Southeast,Line 2,Model-A,115,109,94.8
2026-02-06,2026-W06,Plant Southeast,Line 2,Model-B,119,114,96.1
2026-02-06,2026-W06,Plant Southeast,Line 2,Model-C,115,109,95.4
2026-02-06,2026-W06,Plant Southeast,Line 3,Model-A,115,112,98.1
2026-02-06,2026-W06,Plant Southeast,Line 3,Model-B,116,112,97.0
2026-02-06,2026-W06,Plant Southeast,Line 3,Model-C,128,122,96.0
2026-02-07,2026-W06,Plant Midwest,Line 1,Model-A,122,116,95.7
2026-02-07,2026-W06,Plant Midwest,Line 1,Model-B,124,118,95.2
2026-02-07,2026-W06,Plant Midwest,Line 1,Model-C,119,114,95.9
2026-02-07,2026-W06,Plant Midwest,Line 2,Model-A,122,119,97.7
2026-02-07,2026-W06,Plant Midwest,Line 2,Model-B,122,118,96.8
2026-02-07,2026-W06,Plant Midwest,Line 2,Model-C,128,124,96.9
2026-02-07,2026-W06,Plant Midwest,Line 3,Model-A,104,89,85.9
2026-02-07,2026-W06,Plant Midwest,Line 3,Model-B,104,92,88.6
2026-02-07,2026-W06,Plant Midwest,Line 3,Model-C,108,94,87.3
2026-02-07,2026-W06,Plant Southeast,Line 1,Model-A,114,109,96.1
2026-02-07,2026-W06,Plant Southeast,Line 1,Model-B,126,120,95.7
2026-02-07,2026-W06,Plant Southeast,Line 1,Model-C,121,116,96.0
2026-02-07,2026-W06,Plant Southeast,Line 2,Model-A,115,110,96.0
2026-02-07,2026-W06,Plant Southeast,Line 2,Model-B,124,118,95.8
2026-02-07,2026-W06,Plant Southeast,Line 2,Model-C,111,107,96.6
2026-02-07,2026-W06,Plant Southeast,Line 3,Model-A,126,120,95.7
2026-02-07,2026-W06,Plant Southeast,Line 3,Model-B,126,120,96.0
2026-02-07,2026-W06,Plant Southeast,Line 3,Model-C,116,111,95.7
2026-02-08,2026-W06,Plant Midwest,Line 1,Model-A,124,119,96.4
2026-02-08,2026-W06,Plant Midwest,Line 1,Model-B,120,116,96.8
2026-02-08,2026-W06,Plant Midwest,Line 1,Model-C,123,118,96.5
2026-02-08,2026-W06,Plant Midwest,Line 2,Model-A,118,114,96.9
2026-02-08,2026-W06,Plant Midwest,Line 2,Model-B,118,112,95.7
2026-02-08,2026-W06,Plant Midwest,Line 2,Model-C,127,122,96.4
2026-02-08,2026-W06,Plant Midwest,Line 3,Model-A,102,89,88.1
2026-02-08,2026-W06,Plant Midwest,Line 3,Model-B,105,89,85.7
2026-02-08,2026-W06,Plant Midwest,Line 3,Model-C,107,95,89.7
2026-02-08,2026-W06,Plant Southeast,Line 1,Model-A,119,114,95.9
2026-02-08,2026-W06,Plant Southeast,Line 1,Model-B,115,110,95.8
2026-02-08,2026-W06,Plant Southeast,Line 1,Model-C,111,107,96.6
2026-02-08,2026-W06,Plant Southeast,Line 2,Model-A,119,113,95.6
2026-02-08,2026-W06,Plant Southeast,Line 2,Model-B,111,107,97.0
2026-02-08,2026-W06,Plant Southeast,Line 2,Model-C,116,112,97.0
2026-02-08,2026-W06,Plant Southeast,Line 3,Model-A,125,119,95.9
2026-02-08,2026-W06,Plant Southeast,Line 3,Model-B,116,111,95.7
2026-02-08,2026-W06,Plant Southeast,Line 3,Model-C,129,125,97.0
2026-02-09,2026-W07,Plant Midwest,Line 1,Model-A,121,116,96.0
2026-02-09,2026-W07,Plant Midwest,Line 1,Model-B,124,119,96.0
2026-02-09,2026-W07,Plant Midwest,Line 1,Model-C,129,123,95.6
2026-02-09,2026-W07,Plant Midwest,Line 2,Model-A,118,112,95.5
2026-02-09,2026-W07,Plant Midwest,Line 2,Model-B,117,113,97.1
2026-02-09,2026-W07,Plant Midwest,Line 2,Model-C,111,107,96.7
2026-02-09,2026-W07,Plant Midwest,Line 3,Model-A,103,88,85.7
2026-02-09,2026-W07,Plant Midwest,Line 3,Model-B,109,92,84.9
2026-02-09,2026-W07,Plant Midwest,Line 3,Model-C,108,91,84.6
2026-02-09,2026-W07,Plant Southeast,Line 1,Model-A,112,106,95.3
2026-02-09,2026-W07,Plant Southeast,Line 1,Model-B,120,117,97.7
2026-02-09,2026-W07,Plant Southeast,Line 1,Model-C,122,117,96.5
2026-02-09,2026-W07,Plant Southeast,Line 2,Model-A,115,109,95.1
2026-02-09,2026-W07,Plant Southeast,Line 2,Model-B,123,118,96.7
2026-02-09,2026-W07,Plant Southeast,Line 2,Model-C,122,115,94.9
2026-02-09,2026-W07,Plant Southeast,Line 3,Model-A,111,106,95.6
2026-02-09,2026-W07,Plant Southeast,Line 3,Model-B,127,121,95.8
2026-02-09,2026-W07,Plant Southeast,Line 3,Model-C,118,113,96.3
2026-02-10,2026-W07,Plant Midwest,Line 1,Model-A,117,111,95.6
2026-02-10,2026-W07,Plant Midwest,Line 1,Model-B,115,110,96.0
2026-02-10,2026-W07,Plant Midwest,Line 1,Model-C,126,121,96.5
2026-02-10,2026-W07,Plant Midwest,Line 2,Model-A,123,119,97.1
2026-02-10,2026-W07,Plant Midwest,Line 2,Model-B,113,109,96.8
2026-02-10,2026-W07,Plant Midwest,Line 2,Model-C,120,115,96.3
2026-02-10,2026-W07,Plant Midwest,Line 3,Model-A,103,88,85.5
2026-02-10,2026-W07,Plant Midwest,Line 3,Model-B,115,97,84.8
2026-02-10,2026-W07,Plant Midwest,Line 3,Model-C,117,100,86.3
2026-02-10,2026-W07,Plant Southeast,Line 1,Model-A,122,118,96.9
2026-02-10,2026-W07,Plant Southeast,Line 1,Model-B,119,115,97.1
2026-02-10,2026-W07,Plant Southeast,Line 1,Model-C,118,114,96.6
2026-02-10,2026-W07,Plant Southeast,Line 2,Model-A,113,108,96.4
2026-02-10,2026-W07,Plant Southeast,Line 2,Model-B,119,114,96.2
2026-02-10,2026-W07,Plant Southeast,Line 2,Model-C,118,112,95.7
2026-02-10,2026-W07,Plant Southeast,Line 3,Model-A,112,107,96.4
2026-02-10,2026-W07,Plant Southeast,Line 3,Model-B,124,119,96.1
2026-02-10,2026-W07,Plant Southeast,Line 3,Model-C,122,117,96.3
2026-02-11,2026-W07,Plant Midwest,Line 1,Model-A,126,119,94.6
2026-02-11,2026-W07,Plant Midwest,Line 1,Model-B,110,107,97.4
2026-02-11,2026-W07,Plant Midwest,Line 1,Model-C,125,119,95.8
2026-02-11,2026-W07,Plant Midwest,Line 2,Model-A,118,111,94.9
2026-02-11,2026-W07,Plant Midwest,Line 2,Model-B,120,114,95.2
2026-02-11,2026-W07,Plant Midwest,Line 2,Model-C,118,113,96.1
2026-02-11,2026-W07,Plant Midwest,Line 3,Model-A,107,92,86.9
2026-02-11,2026-W07,Plant Midwest,Line 3,Model-B,115,96,84.1
2026-02-11,2026-W07,Plant Midwest,Line 3,Model-C,102,84,83.3
2026-02-11,2026-W07,Plant Southeast,Line 1,Model-A,129,123,95.9
2026-02-11,2026-W07,Plant Southeast,Line 1,Model-B,126,120,95.9
2026-02-11,2026-W07,Plant Southeast,Line 1,Model-C,114,110,96.8
2026-02-11,2026-W07,Plant Southeast,Line 2,Model-A,122,116,95.2
2026-02-11,2026-W07,Plant Southeast,Line 2,Model-B,113,107,95.0
2026-02-11,2026-W07,Plant Southeast,Line 2,Model-C,122,118,97.2
2026-02-11,2026-W07,Plant Southeast,Line 3,Model-A,117,113,96.9
2026-02-11,2026-W07,Plant Southeast,Line 3,Model-B,125,121,97.1
2026-02-11,2026-W07,Plant Southeast,Line 3,Model-C,113,108,96.1
2026-02-12,2026-W07,Plant Midwest,Line 1,Model-A,111,106,96.2
2026-02-12,2026-W07,Plant Midwest,Line 1,Model-B,117,112,96.1
2026-02-12,2026-W07,Plant Midwest,Line 1,Model-C,124,118,95.8
2026-02-12,2026-W07,Plant Midwest,Line 2,Model-A,115,111,96.6
2026-02-12,2026-W07,Plant Midwest,Line 2,Model-B,114,110,96.5
2026-02-12,2026-W07,Plant Midwest,Line 2,Model-C,119,112,94.6
2026-02-12,2026-W07,Plant Midwest,Line 3,Model-A,109,95,87.3
2026-02-12,2026-W07,Plant Midwest,Line 3,Model-B,112,93,83.6
2026-02-12,2026-W07,Plant Midwest,Line 3,Model-C,102,86,84.9
2026-02-12,2026-W07,Plant Southeast,Line 1,Model-A,115,111,96.8
2026-02-12,2026-W07,Plant Southeast,Line 1,Model-B,121,116,96.3
2026-02-12,2026-W07,Plant Southeast,Line 1,Model-C,128,124,97.4
2026-02-12,2026-W07,Plant Southeast,Line 2,Model-A,117,112,96.4
2026-02-12,2026-W07,Plant Southeast,Line 2,Model-B,116,111,95.7
2026-02-12,2026-W07,Plant Southeast,Line 2,Model-C,124,120,97.5
2026-02-12,2026-W07,Plant Southeast,Line 3,Model-A,113,108,95.9
2026-02-12,2026-W07,Plant Southeast,Line 3,Model-B,121,118,97.7
2026-02-12,2026-W07,Plant Southeast,Line 3,Model-C,111,107,96.9
2026-02-13,2026-W07,Plant Midwest,Line 1,Model-A,121,116,96.5
2026-02-13,2026-W07,Plant Midwest,Line 1,Model-B,128,122,95.6
2026-02-13,2026-W07,Plant Midwest,Line 1,Model-C,114,109,96.1
2026-02-13,2026-W07,Plant Midwest,Line 2,Model-A,118,114,96.6
2026-02-13,2026-W07,Plant Midwest,Line 2,Model-B,113,108,95.8
2026-02-13,2026-W07,Plant Midwest,Line 2,Model-C,127,121,95.7
2026-02-13,2026-W07,Plant Midwest,Line 3,Model-A,102,84,83.2
2026-02-13,2026-W07,Plant Midwest,Line 3,Model-B,109,91,83.9
2026-02-13,2026-W07,Plant Midwest,Line 3,Model-C,113,95,84.4
2026-02-13,2026-W07,Plant Southeast,Line 1,Model-A,127,122,96.4
2026-02-13,2026-W07,Plant Southeast,Line 1,Model-B,118,114,97.4
2026-02-13,2026-W07,Plant Southeast,Line 1,Model-C,114,109,95.6
2026-02-13,2026-W07,Plant Southeast,Line 2,Model-A,115,111,97.1
2026-02-13,2026-W07,Plant Southeast,Line 2,Model-B,124,119,96.6
2026-02-13,2026-W07,Plant Southeast,Line 2,Model-C,119,115,96.6
2026-02-13,2026-W07,Plant Southeast,Line 3,Model-A,116,112,97.1
2026-02-13,2026-W07,Plant Southeast,Line 3,Model-B,116,113,98.1
2026-02-13,2026-W07,Plant Southeast,Line 3,Model-C,127,122,96.1
2026-02-14,2026-W07,Plant Midwest,Line 1,Model-A,116,111,96.5
2026-02-14,2026-W07,Plant Midwest,Line 1,Model-B,117,114,97.7
2026-02-14,2026-W07,Plant Midwest,Line 1,Model-C,129,124,96.8
2026-02-14,2026-W07,Plant Midwest,Line 2,Model-A,112,106,94.9
2026-02-14,2026-W07,Plant Midwest,Line 2,Model-B,114,109,96.3
2026-02-14,2026-W07,Plant Midwest,Line 2,Model-C,124,119,96.0
2026-02-14,2026-W07,Plant Midwest,Line 3,Model-A,115,99,86.3
2026-02-14,2026-W07,Plant Midwest,Line 3,Model-B,103,89,86.5
2026-02-14,2026-W07,Plant Midwest,Line 3,Model-C,113,97,86.5
2026-02-14,2026-W07,Plant Southeast,Line 1,Model-A,110,105,95.7
2026-02-14,2026-W07,Plant Southeast,Line 1,Model-B,112,109,97.6
2026-02-14,2026-W07,Plant Southeast,Line 1,Model-C,123,117,95.6
2026-02-14,2026-W07,Plant Southeast,Line 2,Model-A,125,120,96.4
2026-02-14,2026-W07,Plant Southeast,Line 2,Model-B,110,105,96.2
2026-02-14,2026-W07,Plant Southeast,Line 2,Model-C,123,118,96.4
2026-02-14,2026-W07,Plant Southeast,Line 3,Model-A,128,122,95.9
2026-02-14,2026-W07,Plant Southeast,Line 3,Model-B,116,110,95.0
2026-02-14,2026-W07,Plant Southeast,Line 3,Model-C,123,117,95.8
2026-02-15,2026-W07,Plant Midwest,Line 1,Model-A,116,110,95.6
2026-02-15,2026-W07,Plant Midwest,Line 1,Model-B,118,113,96.1
2026-02-15,2026-W07,Plant Midwest,Line 1,Model-C,115,110,95.9
2026-02-15,2026-W07,Plant Midwest,Line 2,Model-A,127,121,95.4
2026-02-15,2026-W07,Plant Midwest,Line 2,Model-B,118,114,96.9
2026-02-15,2026-W07,Plant Midwest,Line 2,Model-C,117,112,96.3
2026-02-15,2026-W07,Plant Midwest,Line 3,Model-A,113,94,84.1
2026-02-15,2026-W07,Plant Midwest,Line 3,Model-B,106,89,84.4
2026-02-15,2026-W07,Plant Midwest,Line 3,Model-C,117,99,84.9
2026-02-15,2026-W07,Plant Southeast,Line 1,Model-A,111,106,95.9
2026-02-15,2026-W07,Plant Southeast,Line 1,Model-B,117,112,96.1
2026-02-15,2026-W07,Plant Southeast,Line 1,Model-C,113,108,96.4
2026-02-15,2026-W07,Plant Southeast,Line 2,Model-A,125,119,95.8
2026-02-15,2026-W07,Plant Southeast,Line 2,Model-B,119,114,95.9
2026-02-15,2026-W07,Plant Southeast,Line 2,Model-C,122,118,97.1
2026-02-15,2026-W07,Plant Southeast,Line 3,Model-A,113,108,96.3
2026-02-15,2026-W07,Plant Southeast,Line 3,Model-B,128,122,96.1
2026-02-15,2026-W07,Plant Southeast,Line 3,Model-C,122,116,95.9
2026-02-16,2026-W08,Plant Midwest,Line 1,Model-A,113,108,96.0
2026-02-16,2026-W08,Plant Midwest,Line 1,Model-B,116,112,97.0
2026-02-16,2026-W08,Plant Midwest,Line 1,Model-C,127,122,96.8
2026-02-16,2026-W08,Plant Midwest,Line 2,Model-A,129,124,96.5
2026-02-16,2026-W08,Plant Midwest,Line 2,Model-B,114,109,96.0
2026-02-16,2026-W08,Plant Midwest,Line 2,Model-C,114,110,96.8
2026-02-16,2026-W08,Plant Midwest,Line 3,Model-A,115,91,79.8
2026-02-16,2026-W08,Plant Midwest,Line 3,Model-B,108,85,79.1
2026-02-16,2026-W08,Plant Midwest,Line 3,Model-C,109,89,82.0
2026-02-16,2026-W08,Plant Southeast,Line 1,Model-A,121,115,95.1
2026-02-16,2026-W08,Plant Southeast,Line 1,Model-B,127,120,94.7
2026-02-16,2026-W08,Plant Southeast,Line 1,Model-C,116,112,96.7
2026-02-16,2026-W08,Plant Southeast,Line 2,Model-A,120,115,96.2
2026-02-16,2026-W08,Plant Southeast,Line 2,Model-B,121,116,96.2
2026-02-16,2026-W08,Plant Southeast,Line 2,Model-C,121,117,96.8
2026-02-16,2026-W08,Plant Southeast,Line 3,Model-A,117,113,96.6
2026-02-16,2026-W08,Plant Southeast,Line 3,Model-B,125,120,96.2
2026-02-16,2026-W08,Plant Southeast,Line 3,Model-C,129,124,96.7
2026-02-17,2026-W08,Plant Midwest,Line 1,Model-A,127,121,95.6
2026-02-17,2026-W08,Plant Midwest,Line 1,Model-B,111,106,95.6
2026-02-17,2026-W08,Plant Midwest,Line 1,Model-C,121,115,95.6
2026-02-17,2026-W08,Plant Midwest,Line 2,Model-A,110,103,94.4
2026-02-17,2026-W08,Plant Midwest,Line 2,Model-B,120,114,95.3
2026-02-17,2026-W08,Plant Midwest,Line 2,Model-C,112,107,96.1
2026-02-17,2026-W08,Plant Midwest,Line 3,Model-A,115,92,80.2
2026-02-17,2026-W08,Plant Midwest,Line 3,Model-B,112,88,78.9
2026-02-17,2026-W08,Plant Midwest,Line 3,Model-C,102,81,80.2
2026-02-17,2026-W08,Plant Southeast,Line 1,Model-A,122,117,95.9
2026-02-17,2026-W08,Plant Southeast,Line 1,Model-B,128,122,95.5
2026-02-17,2026-W08,Plant Southeast,Line 1,Model-C,121,116,95.9
2026-02-17,2026-W08,Plant Southeast,Line 2,Model-A,110,105,96.1
2026-02-17,2026-W08,Plant Southeast,Line 2,Model-B,129,123,95.4
2026-02-17,2026-W08,Plant Southeast,Line 2,Model-C,116,109,94.7
2026-02-17,2026-W08,Plant Southeast,Line 3,Model-A,113,108,96.1
2026-02-17,2026-W08,Plant Southeast,Line 3,Model-B,116,112,96.7
2026-02-17,2026-W08,Plant Southeast,Line 3,Model-C,117,113,97.1
2026-02-18,2026-W08,Plant Midwest,Line 1,Model-A,125,120,96.0
2026-02-18,2026-W08,Plant Midwest,Line 1,Model-B,118,114,97.0
2026-02-18,2026-W08,Plant Midwest,Line 1,Model-C,112,107,96.3
2026-02-18,2026-W08,Plant Midwest,Line 2,Model-A,125,121,96.9
2026-02-18,2026-W08,Plant Midwest,Line 2,Model-B,119,113,95.5
2026-02-18,2026-W08,Plant Midwest,Line 2,Model-C,120,114,95.6
2026-02-18,2026-W08,Plant Midwest,Line 3,Model-A,112,91,81.7
2026-02-18,2026-W08,Plant Midwest,Line 3,Model-B,110,90,81.9
2026-02-18,2026-W08,Plant Midwest,Line 3,Model-C,102,86,84.4
2026-02-18,2026-W08,Plant Southeast,Line 1,Model-A,126,120,95.8
2026-02-18,2026-W08,Plant Southeast,Line 1,Model-B,114,111,97.7
2026-02-18,2026-W08,Plant Southeast,Line 1,Model-C,119,115,96.7
2026-02-18,2026-W08,Plant Southeast,Line 2,Model-A,113,107,94.9
2026-02-18,2026-W08,Plant Southeast,Line 2,Model-B,125,121,96.9
2026-02-18,2026-W08,Plant Southeast,Line 2,Model-C,116,111,95.8
2026-02-18,2026-W08,Plant Southeast,Line 3,Model-A,126,121,96.3
2026-02-18,2026-W08,Plant Southeast,Line 3,Model-B,121,114,95.0
2026-02-18,2026-W08,Plant Southeast,Line 3,Model-C,111,106,96.0
2026-02-19,2026-W08,Plant Midwest,Line 1,Model-A,114,109,96.1
2026-02-19,2026-W08,Plant Midwest,Line 1,Model-B,117,113,96.6
2026-02-19,2026-W08,Plant Midwest,Line 1,Model-C,122,118,97.2
2026-02-19,2026-W08,Plant Midwest,Line 2,Model-A,123,116,94.7
2026-02-19,2026-W08,Plant Midwest,Line 2,Model-B,120,114,95.8
2026-02-19,2026-W08,Plant Midwest,Line 2,Model-C,126,121,96.4
2026-02-19,2026-W08,Plant Midwest,Line 3,Model-A,116,96,82.8
2026-02-19,2026-W08,Plant Midwest,Line 3,Model-B,115,91,79.8
2026-02-19,2026-W08,Plant Midwest,Line 3,Model-C,101,81,80.6
2026-02-19,2026-W08,Plant Southeast,Line 1,Model-A,115,109,95.3
2026-02-19,2026-W08,Plant Southeast,Line 1,Model-B,126,120,95.3
2026-02-19,2026-W08,Plant Southeast,Line 1,Model-C,124,117,94.9
2026-02-19,2026-W08,Plant Southeast,Line 2,Model-A,129,126,97.7
2026-02-19,2026-W08,Plant Southeast,Line 2,Model-B,117,111,94.9
2026-02-19,2026-W08,Plant Southeast,Line 2,Model-C,111,105,94.9
2026-02-19,2026-W08,Plant Southeast,Line 3,Model-A,118,113,96.5
2026-02-19,2026-W08,Plant Southeast,Line 3,Model-B,124,118,95.9
2026-02-19,2026-W08,Plant Southeast,Line 3,Model-C,123,119,97.3
2026-02-20,2026-W08,Plant Midwest,Line 1,Model-A,124,118,95.9
2026-02-20,2026-W08,Plant Midwest,Line 1,Model-B,110,106,96.4
2026-02-20,2026-W08,Plant Midwest,Line 1,Model-C,115,109,95.4
2026-02-20,2026-W08,Plant Midwest,Line 2,Model-A,129,123,95.7
2026-02-20,2026-W08,Plant Midwest,Line 2,Model-B,127,120,95.3
2026-02-20,2026-W08,Plant Midwest,Line 2,Model-C,123,117,95.9
2026-02-20,2026-W08,Plant Midwest,Line 3,Model-A,104,83,80.4
2026-02-20,2026-W08,Plant Midwest,Line 3,Model-B,113,91,80.6
2026-02-20,2026-W08,Plant Midwest,Line 3,Model-C,115,92,80.3
2026-02-20,2026-W08,Plant Southeast,Line 1,Model-A,113,108,96.0
2026-02-20,2026-W08,Plant Southeast,Line 1,Model-B,111,105,95.4
2026-02-20,2026-W08,Plant Southeast,Line 1,Model-C,120,115,95.9
2026-02-20,2026-W08,Plant Southeast,Line 2,Model-A,114,109,96.0
2026-02-20,2026-W08,Plant Southeast,Line 2,Model-B,122,116,95.6
2026-02-20,2026-W08,Plant Southeast,Line 2,Model-C,119,114,96.4
2026-02-20,2026-W08,Plant Southeast,Line 3,Model-A,115,109,95.5
2026-02-20,2026-W08,Plant Southeast,Line 3,Model-B,127,122,96.8
2026-02-20,2026-W08,Plant Southeast,Line 3,Model-C,111,105,95.4
2026-02-21,2026-W08,Plant Midwest,Line 1,Model-A,110,105,95.5
2026-02-21,2026-W08,Plant Midwest,Line 1,Model-B,120,115,96.5
2026-02-21,2026-W08,Plant Midwest,Line 1,Model-C,110,104,95.1
2026-02-21,2026-W08,Plant Midwest,Line 2,Model-A,128,122,96.1
2026-02-21,2026-W08,Plant Midwest,Line 2,Model-B,110,104,95.1
2026-02-21,2026-W08,Plant Midwest,Line 2,Model-C,118,113,95.9
2026-02-21,2026-W08,Plant Midwest,Line 3,Model-A,109,89,82.5
2026-02-21,2026-W08,Plant Midwest,Line 3,Model-B,107,85,80.2
2026-02-21,2026-W08,Plant Midwest,Line 3,Model-C,116,92,80.2
2026-02-21,2026-W08,Plant Southeast,Line 1,Model-A,120,116,96.7
2026-02-21,2026-W08,Plant Southeast,Line 1,Model-B,127,121,95.6
2026-02-21,2026-W08,Plant Southeast,Line 1,Model-C,129,123,96.0
2026-02-21,2026-W08,Plant Southeast,Line 2,Model-A,128,122,95.6
2026-02-21,2026-W08,Plant Southeast,Line 2,Model-B,127,121,95.5
2026-02-21,2026-W08,Plant Southeast,Line 2,Model-C,127,121,95.9
2026-02-21,2026-W08,Plant Southeast,Line 3,Model-A,126,122,97.4
2026-02-21,2026-W08,Plant Southeast,Line 3,Model-B,114,109,96.4
2026-02-21,2026-W08,Plant Southeast,Line 3,Model-C,122,116,95.4
2026-02-22,2026-W08,Plant Midwest,Line 1,Model-A,127,123,96.9
2026-02-22,2026-W08,Plant Midwest,Line 1,Model-B,127,121,95.5
2026-02-22,2026-W08,Plant Midwest,Line 1,Model-C,111,107,97.1
2026-02-22,2026-W08,Plant Midwest,Line 2,Model-A,125,120,96.4
2026-02-22,2026-W08,Plant Midwest,Line 2,Model-B,124,117,94.9
2026-02-22,2026-W08,Plant Midwest,Line 2,Model-C,123,119,97.4
2026-02-22,2026-W08,Plant Midwest,Line 3,Model-A,115,94,81.8
2026-02-22,2026-W08,Plant Midwest,Line 3,Model-B,107,85,79.9
2026-02-22,2026-W08,Plant Midwest,Line 3,Model-C,117,97,83.0
2026-02-22,2026-W08,Plant Southeast,Line 1,Model-A,113,110,97.9
2026-02-22,2026-W08,Plant Southeast,Line 1,Model-B,124,119,96.1
2026-02-22,2026-W08,Plant Southeast,Line 1,Model-C,113,110,97.4
2026-02-22,2026-W08,Plant Southeast,Line 2,Model-A,111,105,94.9
2026-02-22,2026-W08,Plant Southeast,Line 2,Model-B,123,121,98.4
2026-02-22,2026-W08,Plant Southeast,Line 2,Model-C,123,119,96.8
2026-02-22,2026-W08,Plant Southeast,Line 3,Model-A,126,120,95.4
2026-02-22,2026-W08,Plant Southeast,Line 3,Model-B,128,122,96.1
2026-02-22,2026-W08,Plant Southeast,Line 3,Model-C,112,107,96.2
